SPACE_FIELD_V1,10000,1800,6200,5900
# Baked deterministic distant-space catalog. Seed: 0x5ACE2026
S,-0.0816,0.1896,-0.9785,5.05,0.918,0.948,0.988,0.908
S,-0.4559,0.6337,-0.6250,3.40,0.991,1.000,1.000,0.829
S,-0.3756,-0.3182,-0.8704,3.40,0.977,0.987,0.997,0.450
S,0.3259,-0.1956,-0.9249,13.45,0.971,0.981,0.991,0.967
S,0.1620,-0.5398,-0.8261,7.30,0.820,0.890,1.000,0.413
S,0.6901,-0.3077,-0.6550,3.41,0.992,1.000,1.000,0.680
S,0.4274,0.8748,-0.2284,3.45,0.981,0.991,1.000,0.829
S,-0.7110,-0.5718,-0.4092,10.50,0.969,0.979,0.989,0.580
S,0.5562,-0.1215,-0.8221,6.56,0.969,0.979,0.989,0.591
S,-0.5208,-0.8528,0.0379,5.23,0.991,1.000,1.000,0.438
S,0.5888,0.7892,0.1744,3.97,0.828,0.898,1.000,0.411
S,-0.1239,-0.4563,-0.8812,5.51,1.000,0.962,0.862,0.681
S,-0.4362,-0.7992,-0.4135,12.42,0.993,0.953,0.853,0.464
S,0.8620,-0.2191,0.4572,4.89,0.982,0.992,1.000,0.747
S,-0.9464,-0.2448,-0.2106,3.46,0.991,1.000,1.000,0.761
S,0.9604,0.2378,-0.1451,3.40,0.829,0.899,1.000,0.783
S,-0.6932,0.5171,-0.5021,3.48,0.984,0.994,1.000,0.884
S,-0.6710,0.7194,0.1797,16.08,0.968,0.978,0.988,0.868
S,0.3225,-0.8400,0.4363,3.78,0.820,0.890,1.000,0.415
S,0.3043,-0.5626,0.7687,3.69,0.978,0.988,0.998,0.833
S,-0.0151,-0.2142,0.9767,3.40,0.978,0.988,0.998,0.535
S,0.7480,-0.5105,-0.4241,5.11,1.000,0.970,0.870,0.922
S,0.6268,0.6233,-0.4676,10.94,0.980,0.990,1.000,0.917
S,0.2506,0.8625,-0.4397,11.80,0.994,0.954,0.854,0.491
S,0.7450,0.4769,0.4663,3.87,0.985,0.995,1.000,0.956
S,-0.3336,0.8395,0.4288,4.23,1.000,0.964,0.864,0.941
S,0.5325,0.8433,-0.0722,11.44,0.988,0.948,0.848,0.469
S,-0.2582,-0.9138,0.3135,6.70,0.829,0.899,1.000,0.864
S,0.8850,0.4381,-0.1573,3.40,0.998,0.958,0.858,0.375
S,0.6198,0.7102,0.3337,12.05,1.000,0.960,0.860,0.373
S,0.6230,0.2149,0.7522,7.37,0.980,0.990,1.000,0.991
S,-0.1369,0.4651,0.8746,6.50,0.976,0.986,0.996,0.406
S,0.0066,-0.9621,-0.2725,9.95,0.986,0.996,1.000,0.684
S,-0.9857,0.0258,0.1666,3.52,0.991,1.000,1.000,0.512
S,0.8422,-0.2113,-0.4960,3.42,0.974,0.984,0.994,0.638
S,0.4426,-0.7079,0.5504,3.41,0.940,0.970,1.000,0.435
S,-0.5262,-0.8477,0.0674,7.39,0.992,0.952,0.852,0.377
S,-0.4952,-0.5590,-0.6650,3.46,0.984,0.994,1.000,0.365
S,-0.1990,-0.9565,0.2134,10.49,0.815,0.885,0.995,0.360
S,0.3373,-0.7922,-0.5086,7.11,0.923,0.953,0.993,0.700
S,0.1573,-0.7913,0.5908,11.77,1.000,0.963,0.863,0.719
S,0.9364,0.3479,0.0452,3.41,0.968,0.978,0.988,0.816
S,0.7219,0.4957,-0.4828,11.16,0.825,0.895,1.000,0.555
S,-0.7404,-0.1420,-0.6570,3.42,0.993,0.953,0.853,0.856
S,0.5480,0.5386,0.6400,3.43,0.817,0.887,0.997,0.348
S,0.6019,0.4611,0.6520,4.43,0.999,0.959,0.859,0.879
S,-0.2343,-0.7204,-0.6528,3.51,1.000,0.845,0.685,0.889
S,0.2203,0.0378,-0.9747,9.00,0.980,0.990,1.000,0.501
S,0.1185,0.3320,0.9358,4.04,1.000,0.848,0.688,0.341
S,0.1188,0.9801,-0.1593,3.40,1.000,0.966,0.866,0.446
S,-0.5163,-0.6037,0.6075,5.53,1.000,0.960,0.860,0.491
S,0.5870,0.3891,0.7099,4.19,0.987,0.997,1.000,0.613
S,-0.6715,-0.7399,-0.0405,6.47,0.986,0.996,1.000,0.931
S,0.6849,0.0273,0.7281,7.46,0.812,0.882,0.992,0.663
S,-0.1702,0.2103,0.9627,4.24,0.977,0.987,0.997,0.644
S,-0.0026,-0.5748,-0.8183,3.48,0.829,0.899,1.000,0.972
S,0.5846,0.6602,-0.4715,5.32,0.982,0.992,1.000,0.582
S,0.8834,-0.2856,0.3715,3.40,0.985,0.995,1.000,0.474
S,0.0847,-0.9437,-0.3197,3.46,0.809,0.879,0.989,0.578
S,0.0136,0.7221,0.6916,3.40,0.969,0.979,0.989,0.573
S,-0.9683,-0.2362,-0.0814,10.25,0.990,0.950,0.850,0.608
S,-0.8369,-0.4640,0.2904,9.47,0.992,1.000,1.000,0.976
S,0.2787,0.5715,-0.7718,3.40,0.991,0.951,0.851,0.392
S,0.4639,0.4987,0.7322,4.73,0.976,0.986,0.996,0.388
S,0.2040,-0.9587,-0.1981,5.03,0.831,0.901,1.000,0.447
S,-0.0098,0.1709,-0.9852,4.91,0.997,0.957,0.857,0.492
S,-0.9507,0.2611,-0.1672,3.55,0.983,0.993,1.000,0.483
S,-0.2157,-0.8935,0.3939,15.98,1.000,0.965,0.865,0.376
S,0.2830,0.9240,0.2572,3.87,0.814,0.884,0.994,0.551
S,0.9483,0.2806,-0.1483,3.40,0.918,0.948,0.988,0.991
S,-0.3205,-0.7141,0.6223,3.85,0.815,0.885,0.995,0.459
S,-0.8268,0.3753,-0.4190,3.40,0.995,0.955,0.855,0.547
S,0.9977,0.0675,-0.0053,3.40,0.986,0.996,1.000,0.586
S,-0.6647,0.3961,-0.6335,3.47,0.987,0.997,1.000,0.439
S,-0.0101,-0.9222,-0.3866,3.40,0.939,0.969,1.000,0.341
S,-0.7464,-0.3674,-0.5549,17.14,0.996,0.956,0.856,0.568
S,0.5246,0.2196,-0.8225,3.70,0.809,0.879,0.989,0.353
S,0.4289,-0.4083,0.8058,4.34,0.829,0.899,1.000,0.760
S,0.6006,-0.5965,0.5324,3.40,0.975,0.985,0.995,0.602
S,-0.8660,-0.3118,0.3909,3.40,0.990,1.000,1.000,0.445
S,-0.7168,0.4726,-0.5127,3.41,0.932,0.962,1.000,0.900
S,-0.9984,-0.0205,0.0528,8.92,0.981,0.991,1.000,0.394
S,-0.4827,0.8477,0.2198,3.40,0.992,0.952,0.852,0.380
S,-0.0892,0.9778,0.1896,3.98,0.997,0.957,0.857,0.419
S,0.6709,0.5258,-0.5229,17.37,0.992,0.952,0.852,0.557
S,-0.4452,-0.4849,-0.7528,10.74,0.973,0.983,0.993,0.610
S,-0.2344,0.9616,-0.1426,3.71,0.920,0.950,0.990,0.701
S,0.9836,-0.1630,-0.0775,3.40,1.000,0.970,0.870,0.428
S,-0.3891,-0.3345,0.8583,3.46,0.989,0.999,1.000,0.570
S,0.7568,0.5443,-0.3618,3.43,1.000,0.972,0.872,0.617
S,0.7341,-0.4108,0.5407,4.39,0.921,0.951,0.991,0.425
S,0.1109,0.4791,0.8707,3.57,0.920,0.950,0.990,0.919
S,0.0147,0.9376,-0.3475,3.42,0.829,0.899,1.000,0.348
S,0.8745,-0.4175,-0.2468,3.69,0.972,0.982,0.992,0.444
S,-0.8837,0.2194,-0.4134,8.41,0.922,0.952,0.992,0.346
S,0.0751,0.5495,0.8321,3.40,0.997,0.957,0.857,0.695
S,-0.4817,-0.6327,-0.6063,3.58,0.991,1.000,1.000,0.707
S,-0.1490,-0.8755,0.4597,7.89,0.827,0.897,1.000,0.830
S,0.7328,0.5258,-0.4319,4.03,0.978,0.988,0.998,0.633
S,-0.2042,-0.4357,-0.8766,5.77,0.994,0.954,0.854,0.417
S,0.2967,-0.4199,0.8577,3.40,0.988,0.998,1.000,0.419
S,0.3960,-0.2036,-0.8954,4.10,1.000,0.972,0.872,0.420
S,-0.3536,-0.7757,-0.5227,3.40,0.976,0.986,0.996,0.832
S,-0.9449,-0.1136,0.3069,5.62,1.000,0.960,0.860,0.444
S,-0.8448,0.3580,0.3976,4.89,0.974,0.984,0.994,0.879
S,0.9000,0.2261,-0.3727,4.38,0.981,0.991,1.000,0.395
S,-0.2816,0.7870,-0.5489,3.43,1.000,0.964,0.864,0.353
S,-0.5019,-0.4920,0.7114,5.29,0.988,0.998,1.000,0.501
S,-0.6444,0.0695,-0.7616,10.29,0.982,0.992,1.000,0.848
S,0.9451,0.2005,0.2581,12.75,0.975,0.985,0.995,0.474
S,0.6046,-0.5112,-0.6109,3.41,1.000,0.852,0.692,0.707
S,-0.3881,0.8328,-0.3948,4.54,1.000,0.972,0.872,0.356
S,-0.3873,-0.6674,0.6361,3.40,0.973,0.983,0.993,0.401
S,0.7902,-0.3232,-0.5207,14.16,0.978,0.988,0.998,0.897
S,-0.6058,-0.2916,0.7402,7.95,0.810,0.880,0.990,0.754
S,0.6804,-0.4908,0.5443,5.80,1.000,0.965,0.865,0.342
S,0.0790,0.9968,0.0075,4.84,0.937,0.967,1.000,0.616
S,-0.0312,0.0944,-0.9950,4.46,0.980,0.990,1.000,0.462
S,0.5234,0.7500,0.4045,3.41,0.977,0.987,0.997,0.752
S,-0.6616,-0.4262,0.6170,3.40,1.000,0.962,0.862,0.607
S,0.0145,-0.6935,0.7204,4.13,0.939,0.969,1.000,0.479
S,0.2564,-0.8602,-0.4409,3.40,0.992,0.952,0.852,0.604
S,-0.5654,-0.0977,0.8190,3.40,0.990,1.000,1.000,0.358
S,0.3282,-0.1206,0.9369,3.54,0.825,0.895,1.000,0.712
S,-0.2238,0.9745,0.0146,3.48,0.937,0.967,1.000,0.400
S,0.2919,0.6539,0.6980,3.40,0.988,0.828,0.668,0.981
S,-0.0965,0.3462,0.9332,3.40,0.975,0.985,0.995,0.386
S,0.0961,-0.7549,-0.6487,4.38,0.930,0.960,1.000,0.550
S,0.7942,0.4876,-0.3627,3.53,0.969,0.979,0.989,0.587
S,-0.9271,-0.2247,0.3001,3.40,0.977,0.987,0.997,0.444
S,0.1965,-0.1068,-0.9747,6.31,1.000,0.970,0.870,0.653
S,0.2584,-0.5380,-0.8023,9.56,1.000,0.965,0.865,0.496
S,-0.2189,0.3805,0.8985,9.59,0.972,0.982,0.992,0.581
S,-0.2921,-0.1061,0.9505,4.28,0.992,1.000,1.000,0.553
S,0.1390,0.2013,-0.9696,8.45,0.971,0.981,0.991,0.356
S,-0.0342,-0.4341,-0.9002,3.56,0.991,0.951,0.851,0.352
S,-0.9740,-0.0941,0.2063,3.49,0.977,0.987,0.997,0.531
S,0.0990,-0.9928,0.0668,15.48,0.934,0.964,1.000,0.348
S,-0.5132,-0.0233,0.8579,3.40,0.969,0.979,0.989,0.833
S,-0.1073,-0.2470,0.9631,4.82,0.984,0.994,1.000,0.397
S,0.9886,-0.0584,-0.1389,3.87,1.000,0.961,0.861,0.642
S,0.6187,0.6021,-0.5046,3.41,1.000,0.964,0.864,0.446
S,-0.6585,-0.5498,0.5139,5.69,0.985,0.995,1.000,0.727
S,0.6670,0.6275,0.4017,4.26,1.000,0.970,0.870,0.975
S,-0.7552,0.6530,0.0572,14.74,0.989,0.949,0.849,0.409
S,-0.5066,0.5940,-0.6249,8.76,0.813,0.883,0.993,0.568
S,-0.9444,0.2567,-0.2053,3.53,0.994,0.954,0.854,0.340
S,0.9665,-0.2545,0.0345,14.69,0.994,0.954,0.854,0.541
S,0.8334,0.3159,0.4535,8.87,1.000,0.961,0.861,0.344
S,-0.0250,-0.1535,0.9878,3.40,0.998,0.958,0.858,0.994
S,-0.9715,0.1083,0.2106,6.22,0.926,0.956,0.996,0.610
S,0.1080,-0.9889,-0.1018,14.87,0.828,0.898,1.000,0.418
S,-0.8144,0.4959,0.3015,4.63,1.000,0.965,0.865,0.670
S,-0.5938,-0.7983,-0.1002,12.96,0.968,0.978,0.988,0.495
S,-0.7262,0.6737,-0.1371,3.42,0.968,0.978,0.988,0.499
S,-0.2335,0.9689,-0.0822,6.83,0.985,0.995,1.000,0.630
S,-0.6588,-0.7220,-0.2114,3.44,0.990,0.950,0.850,0.601
S,0.8771,-0.4789,0.0375,3.55,0.936,0.966,1.000,0.624
S,0.7000,0.3041,0.6461,8.13,0.991,0.951,0.851,0.438
S,-0.9032,-0.1655,-0.3961,6.28,0.817,0.887,0.997,0.398
S,-0.5329,0.8106,-0.2429,3.58,1.000,0.961,0.861,0.720
S,-0.8584,0.1113,-0.5008,3.40,1.000,0.961,0.861,0.362
S,0.9236,-0.3212,0.2091,4.03,0.821,0.891,1.000,0.940
S,-0.8349,-0.0131,-0.5503,3.40,0.985,0.995,1.000,0.837
S,0.5408,-0.0102,-0.8411,5.56,0.812,0.882,0.992,0.515
S,-0.1117,0.6196,0.7769,3.51,0.985,0.995,1.000,0.520
S,-0.3484,-0.1685,0.9221,5.31,0.980,0.990,1.000,0.846
S,-0.2651,-0.9146,0.3053,3.46,0.974,0.984,0.994,0.761
S,0.0471,0.0190,0.9987,4.16,1.000,0.971,0.871,0.451
S,0.3182,-0.2948,-0.9010,3.50,0.989,0.949,0.849,0.455
S,-0.4305,-0.6434,0.6330,3.42,0.979,0.989,0.999,0.983
S,0.0625,-0.9951,0.0763,4.58,1.000,0.970,0.870,0.562
S,-0.2888,-0.9323,-0.2176,11.08,0.980,0.990,1.000,0.634
S,0.6848,0.4830,0.5456,3.40,0.934,0.964,1.000,0.894
S,-0.6059,-0.0795,0.7915,6.59,0.814,0.884,0.994,0.362
S,-0.1834,-0.5798,0.7939,15.63,0.989,0.949,0.849,0.502
S,-0.8742,0.3171,0.3679,5.35,0.817,0.887,0.997,0.912
S,0.2335,0.9602,0.1531,4.51,0.984,0.994,1.000,0.958
S,0.7423,-0.5609,-0.3666,7.49,0.973,0.983,0.993,0.353
S,0.0058,0.9372,0.3488,3.49,0.992,0.832,0.672,0.969
S,-0.4996,0.6554,-0.5665,8.97,0.812,0.882,0.992,0.999
S,-0.0221,0.9197,0.3920,3.42,0.814,0.884,0.994,0.344
S,-0.6852,0.7259,-0.0606,3.97,0.821,0.891,1.000,0.382
S,0.0797,-0.6238,-0.7775,3.86,0.927,0.957,0.997,0.433
S,-0.0764,0.7353,0.6735,4.03,0.968,0.978,0.988,0.820
S,0.7332,0.1435,0.6647,3.40,0.999,0.839,0.679,0.400
S,0.1572,0.9870,-0.0334,4.13,0.992,0.952,0.852,0.382
S,-0.3288,-0.8152,-0.4767,8.44,0.997,0.957,0.857,0.432
S,-0.4399,0.2084,-0.8736,14.17,0.998,0.958,0.858,0.831
S,0.9303,0.2961,-0.2166,3.40,0.986,0.996,1.000,0.797
S,-0.2362,0.6710,-0.7028,3.42,0.974,0.984,0.994,0.463
S,0.1351,0.1001,0.9858,3.57,0.997,0.957,0.857,0.989
S,-0.9916,0.1291,-0.0058,8.88,1.000,0.966,0.866,0.368
S,-0.6764,0.5604,0.4778,4.82,0.999,0.959,0.859,0.518
S,-0.4829,-0.4339,0.7606,3.41,0.990,0.950,0.850,0.981
S,-0.8000,-0.1194,0.5880,3.40,0.990,1.000,1.000,0.916
S,0.2707,-0.9368,0.2215,3.40,0.812,0.882,0.992,0.504
S,0.4544,0.7435,-0.4907,3.40,0.972,0.982,0.992,0.935
S,0.3015,-0.8358,0.4588,3.40,0.974,0.984,0.994,0.401
S,0.1440,0.5066,0.8501,3.46,1.000,0.964,0.864,0.340
S,0.7645,0.1279,0.6318,11.76,0.921,0.951,0.991,0.839
S,-0.6022,0.5320,-0.5952,6.39,0.991,0.831,0.671,0.434
S,0.3142,0.3752,0.8721,3.47,0.989,0.949,0.849,0.520
S,0.2724,-0.9420,-0.1960,4.71,0.972,0.982,0.992,0.884
S,0.4173,-0.3850,0.8232,4.24,0.969,0.979,0.989,0.946
S,0.0415,-0.9863,0.1598,14.59,0.981,0.991,1.000,0.408
S,0.3610,-0.4668,-0.8073,3.94,0.994,0.954,0.854,0.946
S,-0.8216,-0.2004,0.5338,9.07,0.973,0.983,0.993,0.644
S,0.9101,-0.2959,-0.2902,3.59,0.981,0.991,1.000,0.846
S,-0.8244,0.2598,-0.5028,4.04,0.824,0.894,1.000,0.489
S,0.8561,0.2174,0.4688,13.22,0.970,0.980,0.990,0.843
S,0.9128,-0.4038,-0.0614,10.54,1.000,0.961,0.861,0.559
S,0.4366,0.7450,-0.5044,3.49,0.986,0.996,1.000,0.824
S,-0.7453,0.1021,0.6589,5.41,0.970,0.980,0.990,0.798
S,-0.6505,-0.0820,0.7550,4.08,0.984,0.994,1.000,0.344
S,-0.6962,0.2383,-0.6772,3.40,0.986,0.996,1.000,0.544
S,0.5795,-0.0660,0.8123,7.30,0.991,1.000,1.000,0.452
S,-0.0921,0.8793,0.4673,7.52,0.831,0.901,1.000,0.359
S,-0.6933,-0.7178,-0.0641,7.95,0.989,0.829,0.669,0.852
S,-0.0501,-0.7964,0.6028,3.98,0.968,0.978,0.988,0.936
S,-0.7865,0.0337,-0.6166,4.91,0.828,0.898,1.000,0.653
S,-0.6598,-0.6112,-0.4372,4.01,0.973,0.983,0.993,0.599
S,-0.5102,-0.3152,-0.8002,3.44,1.000,0.961,0.861,0.550
S,-0.0676,0.2984,-0.9521,15.30,0.814,0.884,0.994,0.533
S,0.9459,0.2170,0.2411,3.40,1.000,0.963,0.863,0.485
S,-0.1159,-0.9523,0.2823,3.76,0.992,0.952,0.852,0.444
S,-0.3887,0.3349,0.8583,4.31,0.991,1.000,1.000,0.443
S,0.3507,-0.2677,-0.8974,3.85,0.998,0.958,0.858,0.538
S,0.6434,-0.5619,-0.5199,3.41,0.990,0.950,0.850,0.810
S,0.5400,0.7294,0.4200,3.42,1.000,0.965,0.865,0.416
S,-0.0588,0.7574,0.6503,3.92,0.974,0.984,0.994,0.930
S,0.3646,-0.8943,-0.2595,3.41,0.926,0.956,0.996,0.966
S,0.1189,-0.0399,0.9921,5.69,1.000,0.840,0.680,0.840
S,0.7977,-0.5633,0.2151,9.30,0.987,0.997,1.000,0.442
S,0.9733,0.1747,0.1491,3.41,0.808,0.878,0.988,0.345
S,0.1414,0.1356,-0.9806,3.56,0.984,0.994,1.000,0.476
S,0.3648,0.8287,-0.4246,16.70,0.973,0.983,0.993,0.355
S,0.0857,-0.7431,-0.6637,9.20,1.000,0.965,0.865,0.763
S,0.5742,0.7685,0.2823,3.41,0.821,0.891,1.000,0.387
S,-0.2963,-0.9032,-0.3105,3.40,0.983,0.993,1.000,0.639
S,0.4437,0.5277,-0.7243,3.40,0.975,0.985,0.995,0.489
S,-0.1378,-0.3866,0.9119,5.18,1.000,0.967,0.867,0.790
S,-0.9794,0.0032,-0.2018,8.90,0.983,0.993,1.000,0.427
S,-0.3033,-0.5894,-0.7487,15.55,0.978,0.988,0.998,0.789
S,-0.8979,-0.0406,0.4383,7.98,1.000,0.970,0.870,0.792
S,-0.6621,-0.4711,-0.5828,15.51,0.940,0.970,1.000,0.642
S,-0.3995,-0.7970,0.4530,3.44,1.000,0.850,0.690,0.766
S,0.0576,0.3803,-0.9231,5.96,0.937,0.967,1.000,0.958
S,0.6811,-0.4431,-0.5829,3.55,0.992,1.000,1.000,0.486
S,-0.1443,0.9302,0.3376,3.47,1.000,0.962,0.862,0.431
S,0.2273,-0.2088,-0.9512,5.08,1.000,0.968,0.868,0.369
S,0.2092,-0.7943,0.5704,5.69,0.808,0.878,0.988,0.374
S,-0.0578,-0.5949,0.8017,3.80,1.000,0.960,0.860,0.465
S,0.4023,-0.9153,0.0210,3.47,1.000,0.963,0.863,0.821
S,0.2650,0.8253,0.4987,14.18,0.990,1.000,1.000,0.559
S,-0.2196,-0.3754,0.9005,4.62,0.980,0.990,1.000,0.353
S,0.3471,0.1234,0.9297,3.64,0.977,0.987,0.997,0.346
S,-0.3727,0.9137,-0.1623,4.00,1.000,0.966,0.866,0.430
S,0.7837,-0.6179,0.0633,3.48,0.989,0.949,0.849,0.770
S,-0.0727,0.9903,-0.1183,3.53,0.813,0.883,0.993,0.377
S,-0.6840,0.0410,0.7283,3.46,0.828,0.898,1.000,0.363
S,0.5291,-0.7255,0.4402,3.84,0.808,0.878,0.988,0.469
S,0.1896,-0.3925,0.9000,4.86,0.984,0.994,1.000,0.395
S,0.7519,0.3627,-0.5505,3.40,0.974,0.984,0.994,0.819
S,0.9878,0.1535,0.0246,4.91,0.923,0.953,0.993,0.575
S,-0.6424,-0.6435,-0.4163,3.40,0.979,0.989,0.999,0.350
S,-0.1271,0.8793,-0.4590,5.96,1.000,0.969,0.869,0.633
S,0.0963,0.6391,0.7631,3.40,0.927,0.957,0.997,0.881
S,0.0748,-0.9862,0.1476,3.40,0.989,0.999,1.000,0.872
S,0.0949,0.9348,0.3422,3.40,0.974,0.984,0.994,0.686
S,-0.3282,0.0613,-0.9426,3.40,0.977,0.987,0.997,0.981
S,-0.9154,-0.3528,0.1937,6.86,0.971,0.981,0.991,0.345
S,-0.1481,0.5735,-0.8057,3.40,0.816,0.886,0.996,0.738
S,0.0047,-0.8233,0.5675,4.35,1.000,0.852,0.692,0.715
S,0.0942,-0.9898,-0.1068,13.16,0.990,1.000,1.000,0.932
S,-0.7701,-0.6223,-0.1401,3.47,0.974,0.984,0.994,0.825
S,0.3884,-0.4840,-0.7842,6.11,1.000,0.966,0.866,0.516
S,0.9044,-0.1362,-0.4043,3.40,0.920,0.950,0.990,0.659
S,0.5213,0.8521,-0.0477,3.40,0.972,0.982,0.992,0.811
S,0.4736,-0.4150,-0.7769,5.76,0.812,0.882,0.992,0.914
S,0.7532,-0.4164,-0.5092,3.44,0.997,0.957,0.857,0.640
S,0.8868,0.3945,-0.2408,6.00,0.989,0.999,1.000,0.394
S,0.4990,0.4050,-0.7661,4.79,0.991,1.000,1.000,0.381
S,-0.2818,0.2009,0.9382,10.70,0.991,1.000,1.000,0.341
S,-0.7658,0.5900,-0.2557,3.49,0.978,0.988,0.998,0.344
S,0.7815,-0.5637,-0.2674,3.40,0.930,0.960,1.000,0.870
S,-0.9184,0.0805,-0.3873,3.41,0.973,0.983,0.993,0.341
S,0.2331,0.9664,-0.1087,3.64,0.829,0.899,1.000,0.341
S,-0.6273,-0.0198,-0.7785,4.20,0.813,0.883,0.993,0.469
S,0.9345,0.0226,0.3553,3.40,0.978,0.988,0.998,0.550
S,-0.7982,-0.5336,0.2797,17.11,0.922,0.952,0.992,0.462
S,-0.1548,-0.9758,-0.1546,3.40,0.974,0.984,0.994,0.598
S,-0.7357,-0.6123,0.2894,4.35,0.921,0.951,0.991,0.940
S,0.1382,0.1525,0.9786,16.34,0.922,0.952,0.992,0.949
S,-0.2255,-0.2267,0.9475,3.56,0.973,0.983,0.993,0.437
S,0.7570,-0.3324,-0.5625,6.28,0.810,0.880,0.990,0.627
S,0.7659,0.4202,-0.4867,3.54,1.000,0.965,0.865,0.344
S,-0.3254,0.1796,0.9284,6.34,1.000,0.842,0.682,0.655
S,-0.7118,0.6983,0.0759,6.49,0.979,0.989,0.999,0.423
S,-0.3053,0.5139,0.8017,13.42,0.997,0.837,0.677,0.672
S,0.7739,-0.5122,-0.3724,9.90,0.920,0.950,0.990,0.372
S,0.7585,0.0726,0.6476,3.40,0.832,0.902,1.000,0.796
S,-0.2538,-0.6044,0.7551,3.71,0.969,0.979,0.989,0.377
S,0.4988,-0.4909,0.7143,4.00,0.971,0.981,0.991,0.932
S,-0.8855,0.0185,0.4644,3.40,0.992,1.000,1.000,0.644
S,0.8683,0.0287,-0.4953,10.06,0.993,0.953,0.853,0.821
S,0.5198,0.2712,-0.8101,3.40,0.972,0.982,0.992,0.973
S,-0.8378,0.5312,-0.1263,5.37,0.989,0.829,0.669,0.385
S,0.3616,0.8726,0.3284,3.81,0.999,0.959,0.859,0.410
S,0.4449,0.2044,0.8719,4.67,0.989,0.949,0.849,0.821
S,0.8031,0.2555,0.5383,5.64,0.991,1.000,1.000,0.753
S,-0.9366,0.3231,0.1355,3.42,0.970,0.980,0.990,0.745
S,0.2998,-0.8197,0.4880,3.85,0.978,0.988,0.998,0.531
S,-0.8504,-0.0472,0.5240,3.42,0.941,0.971,1.000,0.505
S,0.7073,0.6462,0.2866,3.44,0.977,0.987,0.997,0.423
S,-0.8414,-0.3799,-0.3843,6.08,0.821,0.891,1.000,0.340
S,-0.0064,-0.9148,-0.4038,7.38,0.927,0.957,0.997,0.355
S,-0.5743,-0.6683,0.4727,8.18,0.994,0.834,0.674,0.393
S,0.0307,0.9880,-0.1511,6.40,0.825,0.895,1.000,0.604
S,-0.6844,0.4648,0.5618,8.25,0.991,1.000,1.000,0.742
S,0.1562,0.0431,0.9868,4.42,1.000,0.961,0.861,0.915
S,-0.4498,-0.1434,0.8816,3.53,0.983,0.993,1.000,0.349
S,-0.3030,-0.5254,0.7951,5.00,0.972,0.982,0.992,0.427
S,0.2995,0.6857,0.6634,15.19,0.939,0.969,1.000,0.568
S,0.4509,-0.4272,-0.7837,3.40,0.968,0.978,0.988,0.968
S,0.7513,-0.1419,0.6446,5.89,0.819,0.889,0.999,0.892
S,0.0397,0.7771,-0.6281,13.86,0.974,0.984,0.994,0.734
S,0.8634,0.3011,-0.4047,3.40,0.986,0.996,1.000,0.534
S,-0.5369,0.3589,-0.7635,6.66,1.000,0.848,0.688,0.697
S,-0.3636,0.5772,-0.7312,3.40,0.970,0.980,0.990,0.884
S,0.5037,-0.8513,0.1467,5.91,0.992,1.000,1.000,0.641
S,0.1390,0.7717,-0.6206,13.63,0.969,0.979,0.989,0.574
S,-0.4718,-0.2306,-0.8510,3.40,1.000,0.967,0.867,0.570
S,0.3214,-0.5126,0.7962,9.48,0.829,0.899,1.000,0.834
S,-0.2942,0.9557,-0.0081,7.28,0.812,0.882,0.992,0.954
S,0.9244,0.2518,0.2866,3.81,0.991,0.951,0.851,0.419
S,0.9140,0.1239,0.3863,4.87,1.000,0.964,0.864,0.957
S,-0.3127,-0.1559,-0.9370,3.41,0.816,0.886,0.996,0.349
S,0.6924,-0.2208,0.6869,3.41,0.828,0.898,1.000,0.754
S,0.9592,-0.1922,-0.2075,3.41,0.972,0.982,0.992,0.444
S,0.7424,0.1063,0.6615,5.71,0.977,0.987,0.997,0.471
S,0.8818,0.1547,0.4456,16.02,0.999,0.959,0.859,0.463
S,-0.1931,0.7944,-0.5759,3.40,0.810,0.880,0.990,0.581
S,-0.8923,0.3525,-0.2820,3.40,0.828,0.898,1.000,0.889
S,-0.1681,-0.5863,-0.7925,13.83,1.000,0.966,0.866,0.928
S,-0.5399,-0.4007,0.7402,8.58,1.000,0.968,0.868,0.642
S,0.7471,0.4553,-0.4843,5.73,0.819,0.889,0.999,0.858
S,0.9193,0.3817,-0.0955,3.85,1.000,0.961,0.861,0.343
S,-0.2245,0.9646,0.1384,3.40,0.985,0.995,1.000,0.442
S,-0.5762,0.4367,0.6909,5.36,0.977,0.987,0.997,0.521
S,-0.9837,0.0266,0.1780,3.40,0.971,0.981,0.991,0.496
S,-0.1312,0.1683,-0.9770,12.03,0.829,0.899,1.000,0.487
S,-0.0714,-0.9661,-0.2482,4.65,0.975,0.985,0.995,0.862
S,0.7711,0.0959,-0.6295,4.00,1.000,0.961,0.861,0.656
S,0.5142,-0.6551,0.5535,17.20,0.920,0.950,0.990,0.657
S,-0.9686,0.1156,-0.2199,3.41,0.820,0.890,1.000,0.345
S,0.4082,-0.0098,0.9128,3.40,1.000,0.968,0.868,0.399
S,-0.1345,-0.7543,-0.6425,12.13,0.974,0.984,0.994,0.916
S,-0.5522,-0.2283,-0.8018,6.26,0.994,0.834,0.674,0.665
S,-0.4568,-0.0909,-0.8849,17.13,0.983,0.993,1.000,0.752
S,0.2263,0.9564,0.1847,3.40,0.980,0.990,1.000,0.834
S,0.5267,0.0879,-0.8455,12.50,1.000,0.960,0.860,0.364
S,-0.1139,-0.1814,0.9768,16.03,1.000,0.963,0.863,0.439
S,-0.1633,-0.6996,-0.6956,3.50,0.993,0.953,0.853,0.587
S,0.5676,0.1936,0.8002,4.73,1.000,0.960,0.860,0.522
S,0.1375,0.4337,-0.8905,4.24,0.830,0.900,1.000,0.793
S,0.7474,0.6451,-0.1586,3.40,0.972,0.982,0.992,0.767
S,0.9440,0.0662,-0.3231,3.42,0.989,0.999,1.000,0.351
S,0.0132,0.7563,0.6541,6.36,0.970,0.980,0.990,0.420
S,-0.1147,0.9917,-0.0578,4.54,0.996,0.956,0.856,0.366
S,-0.7082,-0.1195,0.6958,4.28,0.987,0.997,1.000,0.791
S,0.2976,-0.6112,-0.7334,3.40,0.988,0.998,1.000,0.963
S,0.6797,0.7286,0.0846,3.45,0.996,0.956,0.856,0.968
S,0.4467,0.8938,-0.0393,3.70,0.971,0.981,0.991,0.346
S,0.2860,0.8090,-0.5135,4.05,0.990,1.000,1.000,0.759
S,0.2838,-0.9304,-0.2318,3.51,1.000,0.847,0.687,0.349
S,0.0656,-0.9441,-0.3229,8.12,0.988,0.998,1.000,0.340
S,-0.6442,-0.5008,0.5781,3.79,0.991,1.000,1.000,0.383
S,0.9029,0.1413,-0.4059,3.46,0.977,0.987,0.997,0.960
S,0.7698,-0.0677,-0.6347,3.41,0.812,0.882,0.992,0.759
S,0.0819,-0.6923,-0.7170,7.01,0.991,1.000,1.000,0.616
S,-0.1983,0.5282,-0.8256,14.28,0.991,1.000,1.000,0.352
S,-0.8810,0.0839,0.4656,3.40,0.975,0.985,0.995,0.368
S,-0.5561,-0.1118,0.8235,3.41,0.998,0.958,0.858,0.355
S,-0.1211,0.6187,-0.7762,3.44,0.969,0.979,0.989,0.497
S,-0.1864,-0.8219,-0.5383,3.40,1.000,0.970,0.870,0.450
S,0.1353,0.9106,-0.3905,3.50,0.986,0.996,1.000,0.506
S,0.6764,-0.7078,-0.2038,3.61,0.927,0.957,0.997,0.802
S,0.5344,-0.7142,-0.4520,3.55,1.000,0.962,0.862,0.613
S,0.8753,0.3106,0.3706,7.14,0.993,0.953,0.853,0.957
S,-0.6956,-0.6008,0.3940,5.50,1.000,0.963,0.863,0.970
S,0.5040,-0.0402,0.8628,3.40,1.000,0.965,0.865,0.584
S,0.4006,0.2412,0.8839,7.46,0.979,0.989,0.999,0.923
S,0.0158,0.9700,0.2426,3.41,0.989,0.949,0.849,0.345
S,0.9948,0.0950,-0.0366,14.92,0.994,0.954,0.854,0.350
S,0.4787,0.8765,-0.0514,8.51,0.968,0.978,0.988,0.633
S,0.5955,-0.4686,-0.6525,3.60,0.993,0.953,0.853,0.925
S,-0.8639,0.0158,0.5034,4.22,0.925,0.955,0.995,0.454
S,-0.1792,-0.7824,-0.5965,3.49,0.997,0.957,0.857,0.912
S,0.5654,0.0902,-0.8199,3.80,0.825,0.895,1.000,0.434
S,0.6428,-0.7402,0.1973,3.50,0.992,1.000,1.000,0.713
S,0.6396,0.7608,-0.1099,3.65,0.977,0.987,0.997,0.652
S,0.7284,-0.4265,0.5362,3.46,0.988,0.948,0.848,0.368
S,0.3259,-0.4174,-0.8483,3.41,0.980,0.990,1.000,0.484
S,-0.2677,-0.4238,-0.8653,6.37,1.000,0.968,0.868,0.588
S,0.3539,-0.3076,-0.8832,3.40,0.971,0.981,0.991,0.454
S,-0.6870,0.2174,-0.6933,13.83,1.000,0.961,0.861,0.363
S,0.1503,-0.4325,0.8890,3.61,0.989,0.949,0.849,0.734
S,-0.8192,-0.1667,-0.5488,11.90,0.986,0.996,1.000,0.978
S,0.0392,0.7924,-0.6088,15.63,0.926,0.956,0.996,0.834
S,-0.6044,0.0309,-0.7960,3.51,0.973,0.983,0.993,0.922
S,0.0756,0.9945,-0.0729,14.70,0.969,0.979,0.989,0.935
S,-0.1458,0.8424,-0.5187,9.24,0.972,0.982,0.992,0.340
S,-0.8040,-0.5472,0.2327,3.52,0.812,0.882,0.992,0.982
S,-0.9223,-0.1435,0.3589,4.71,1.000,0.967,0.867,0.607
S,0.5177,0.5833,-0.6259,10.08,0.969,0.979,0.989,0.461
S,0.9543,0.0272,0.2976,7.15,1.000,0.971,0.871,0.547
S,-0.8656,-0.1641,0.4731,9.70,0.987,0.997,1.000,0.844
S,-0.3400,-0.8789,-0.3346,7.96,0.829,0.899,1.000,0.885
S,-0.0058,0.5081,-0.8613,3.97,0.990,1.000,1.000,0.657
S,-0.3030,-0.5848,0.7524,3.54,1.000,0.961,0.861,0.819
S,0.6204,-0.6831,0.3854,8.55,0.995,0.955,0.855,0.443
S,0.5799,-0.8028,0.1386,4.51,1.000,0.970,0.870,0.793
S,0.9522,-0.2519,-0.1728,3.43,0.936,0.966,1.000,0.737
S,0.9471,0.2271,0.2266,3.58,0.979,0.989,0.999,0.565
S,-0.0268,0.9812,0.1912,4.04,0.976,0.986,0.996,0.565
S,0.8793,-0.1924,-0.4357,13.69,0.980,0.990,1.000,0.919
S,-0.7257,0.2507,0.6408,3.90,0.992,1.000,1.000,0.402
S,0.1955,0.9559,-0.2191,3.56,1.000,0.965,0.865,0.775
S,-0.5830,0.2123,0.7843,3.74,0.970,0.980,0.990,0.885
S,-0.8523,-0.3993,0.3379,3.45,1.000,0.968,0.868,0.704
S,0.1487,0.5076,0.8487,15.57,0.811,0.881,0.991,0.914
S,-0.5185,0.1644,-0.8391,12.76,1.000,0.852,0.692,0.341
S,-0.9978,-0.0066,0.0657,3.42,0.988,0.998,1.000,0.473
S,0.1427,-0.6628,-0.7350,10.04,0.975,0.985,0.995,0.649
S,0.6531,-0.3140,0.6891,3.40,1.000,0.965,0.865,0.731
S,0.1285,-0.0781,-0.9886,4.25,0.992,1.000,1.000,0.793
S,0.8087,0.0282,-0.5875,3.40,0.829,0.899,1.000,0.432
S,-0.7849,-0.5577,-0.2700,12.43,0.988,0.828,0.668,0.437
S,-0.4266,0.8660,-0.2608,3.40,0.997,0.957,0.857,0.704
S,-0.9062,-0.3631,-0.2167,3.41,0.996,0.956,0.856,0.516
S,0.0374,-0.6780,-0.7341,4.70,0.995,0.835,0.675,0.686
S,0.1986,-0.8072,-0.5559,3.44,1.000,0.964,0.864,0.452
S,0.3032,0.5012,0.8105,3.40,0.971,0.981,0.991,0.733
S,-0.3374,-0.5985,0.7266,3.40,0.933,0.963,1.000,0.385
S,0.4736,0.6215,0.6240,4.27,0.981,0.991,1.000,0.892
S,-0.6417,0.7033,0.3059,6.66,0.968,0.978,0.988,0.421
S,0.7147,0.5229,0.4644,5.57,0.992,1.000,1.000,0.762
S,-0.5561,-0.7929,-0.2490,5.19,1.000,0.967,0.867,0.412
S,-0.6262,-0.7702,0.1210,8.84,0.985,0.995,1.000,0.644
S,0.0027,-0.9199,-0.3922,3.41,0.993,0.953,0.853,0.856
S,0.3058,0.9505,0.0560,5.48,0.981,0.991,1.000,0.831
S,0.1317,-0.4105,-0.9023,3.48,0.991,1.000,1.000,0.735
S,-0.9371,-0.1224,-0.3270,4.03,1.000,0.963,0.863,0.455
S,0.4342,-0.6939,0.5744,12.40,0.983,0.993,1.000,0.392
S,-0.4069,-0.5249,-0.7476,16.29,0.991,0.951,0.851,0.989
S,-0.9330,0.3556,-0.0551,6.22,1.000,0.965,0.865,0.441
S,0.1613,-0.1281,0.9786,5.40,0.982,0.992,1.000,0.601
S,0.9057,-0.0781,0.4167,4.04,0.988,0.948,0.848,0.548
S,-0.2444,0.1591,-0.9565,3.78,0.977,0.987,0.997,0.688
S,0.0638,-0.2435,-0.9678,3.41,0.977,0.987,0.997,0.962
S,-0.9386,-0.0961,-0.3313,4.54,0.998,0.838,0.678,0.783
S,0.0282,-0.7727,-0.6341,3.40,0.814,0.884,0.994,0.455
S,0.6428,0.1455,0.7521,3.40,0.995,0.955,0.855,0.346
S,-0.3083,-0.6750,-0.6703,5.21,1.000,0.966,0.866,0.432
S,-0.0160,0.7545,0.6561,7.33,0.995,0.955,0.855,0.446
S,-0.9768,-0.1661,0.1349,6.00,1.000,0.966,0.866,0.430
S,0.2301,0.7279,-0.6459,4.81,0.983,0.993,1.000,0.777
S,-0.6971,0.7117,-0.0872,14.67,0.969,0.979,0.989,0.600
S,0.3930,-0.0418,0.9186,6.40,0.990,1.000,1.000,0.426
S,0.7593,0.5090,-0.4054,5.20,0.980,0.990,1.000,0.423
S,-0.0430,-0.9151,-0.4009,3.53,0.812,0.882,0.992,0.783
S,-0.2836,-0.9477,0.1463,16.13,0.934,0.964,1.000,0.387
S,0.9434,-0.3306,0.0242,7.12,0.810,0.880,0.990,0.646
S,-0.8050,-0.5373,-0.2515,3.40,1.000,0.962,0.862,0.944
S,0.8789,0.0697,-0.4719,3.40,0.975,0.985,0.995,0.870
S,0.3707,0.7873,-0.4927,7.77,1.000,0.842,0.682,0.370
S,0.8761,-0.3510,-0.3306,4.30,0.971,0.981,0.991,0.353
S,0.4168,0.5003,0.7590,3.62,0.976,0.986,0.996,0.341
S,-0.1266,-0.7929,0.5961,3.40,0.988,0.998,1.000,0.632
S,-0.1932,0.9268,-0.3219,7.11,1.000,0.971,0.871,0.682
S,0.9117,-0.2226,0.3454,9.86,0.926,0.956,0.996,0.426
S,0.6988,0.5641,-0.4399,5.97,1.000,0.967,0.867,0.866
S,0.9794,-0.1416,-0.1443,6.47,0.983,0.993,1.000,0.468
S,0.1419,-0.9178,0.3707,4.46,0.971,0.981,0.991,0.537
S,-0.4531,-0.3736,-0.8094,3.40,0.988,0.948,0.848,0.453
S,0.8098,-0.4409,0.3869,3.40,0.986,0.996,1.000,0.340
S,0.2308,0.6492,0.7247,4.89,0.977,0.987,0.997,0.343
S,0.0455,-0.4189,-0.9069,15.72,0.992,0.952,0.852,0.987
S,-0.8912,-0.0636,-0.4492,19.19,0.984,0.994,1.000,0.388
S,-0.8661,-0.3223,-0.3821,3.68,0.986,0.996,1.000,0.570
S,-0.0005,-0.7229,0.6910,6.33,0.997,0.837,0.677,0.560
S,-0.6117,-0.6005,-0.5149,5.87,1.000,0.972,0.872,0.600
S,0.4203,-0.3009,0.8560,3.56,0.813,0.883,0.993,0.569
S,-0.9585,-0.2742,0.0784,3.57,0.979,0.989,0.999,0.989
S,0.6217,0.7403,0.2557,3.77,0.989,0.999,1.000,0.909
S,-0.9540,-0.2283,-0.1941,3.40,1.000,0.964,0.864,0.427
S,0.6238,0.4665,-0.6271,3.51,0.981,0.991,1.000,0.426
S,-0.0111,0.8733,0.4870,17.02,0.969,0.979,0.989,0.440
S,-0.1356,0.6256,-0.7683,4.21,0.976,0.986,0.996,0.485
S,-0.7315,0.3801,-0.5661,4.17,0.931,0.961,1.000,0.484
S,-0.0042,-0.9379,-0.3469,3.46,0.820,0.890,1.000,0.431
S,-0.3743,0.6443,0.6669,9.08,0.978,0.988,0.998,0.376
S,0.4368,-0.5243,-0.7310,13.91,0.982,0.992,1.000,0.414
S,-0.9291,-0.3688,0.0272,4.11,0.996,0.956,0.856,0.742
S,-0.0314,0.3616,0.9318,6.76,0.919,0.949,0.989,0.963
S,0.7697,0.0675,-0.6348,4.86,1.000,0.963,0.863,0.980
S,0.1720,-0.9638,-0.2037,13.39,0.978,0.988,0.998,0.407
S,-0.6701,0.1661,0.7235,11.20,0.989,0.949,0.849,0.666
S,0.0032,-0.4214,0.9069,3.54,0.992,1.000,1.000,0.822
S,-0.7665,-0.6236,0.1535,14.28,0.997,0.957,0.857,0.413
S,0.1389,-0.8004,0.5832,3.40,0.818,0.888,0.998,0.606
S,0.5502,0.5365,-0.6399,3.40,0.988,0.948,0.848,0.717
S,0.3646,0.9211,-0.1367,17.11,0.978,0.988,0.998,0.680
S,-0.5917,0.6092,-0.5279,5.04,1.000,0.852,0.692,0.364
S,0.2316,-0.7037,0.6717,10.44,0.991,1.000,1.000,0.830
S,0.2147,-0.9651,-0.1501,3.46,0.978,0.988,0.998,0.875
S,-0.3410,0.9395,0.0319,11.81,1.000,0.842,0.682,0.347
S,0.9129,-0.3807,0.1474,3.44,1.000,0.846,0.686,0.371
S,-0.1386,0.7538,-0.6424,3.46,0.989,0.999,1.000,0.436
S,-0.4725,0.3577,0.8055,3.56,0.988,0.998,1.000,0.638
S,0.7635,-0.0589,0.6431,6.44,0.968,0.978,0.988,0.971
S,-0.5273,0.5340,-0.6609,15.45,1.000,0.971,0.871,0.674
S,-0.9077,-0.3880,-0.1598,7.68,1.000,0.972,0.872,0.504
S,0.9106,0.4053,0.0807,4.42,0.988,0.998,1.000,0.789
S,-0.7832,0.5536,0.2830,8.87,0.927,0.957,0.997,0.644
S,-0.5231,-0.7985,-0.2980,9.56,0.989,0.949,0.849,0.371
S,0.3114,-0.8911,0.3301,8.63,0.941,0.971,1.000,0.866
S,-0.1767,-0.1909,-0.9656,6.45,0.972,0.982,0.992,0.775
S,-0.0075,0.5934,0.8049,4.14,0.972,0.982,0.992,0.384
S,-0.8690,-0.2591,0.4215,16.90,1.000,0.962,0.862,0.514
S,0.5717,-0.3376,-0.7478,6.93,1.000,0.841,0.681,0.912
S,-0.8217,0.5285,-0.2135,14.99,0.809,0.879,0.989,0.493
S,0.4087,0.8067,-0.4268,3.52,0.995,0.835,0.675,0.898
S,-0.8401,-0.4114,-0.3536,3.41,1.000,0.846,0.686,0.949
S,0.3305,0.5699,-0.7523,3.40,0.988,0.948,0.848,0.808
S,0.2160,-0.9543,-0.2067,3.56,1.000,0.967,0.867,0.607
S,-0.7450,-0.4110,0.5254,3.65,0.979,0.989,0.999,0.484
S,0.3812,-0.3573,0.8527,3.41,0.825,0.895,1.000,0.581
S,-0.8524,0.1963,-0.4846,4.44,0.979,0.989,0.999,0.495
S,0.9769,-0.0050,-0.2135,8.81,0.992,1.000,1.000,0.751
S,-0.1365,-0.9745,-0.1779,8.95,0.989,0.999,1.000,0.400
S,-0.4062,-0.3156,0.8576,3.40,0.928,0.958,0.998,0.842
S,-0.3113,-0.0649,0.9481,12.99,1.000,0.968,0.868,0.598
S,-0.7242,0.2391,-0.6469,3.69,1.000,0.970,0.870,0.608
S,0.1608,-0.9528,0.2574,8.45,1.000,0.963,0.863,0.889
S,-0.4171,-0.9081,0.0380,4.27,0.988,0.998,1.000,0.874
S,-0.2937,0.5677,-0.7691,3.57,0.826,0.896,1.000,0.537
S,-0.9254,-0.1989,-0.3226,3.92,0.984,0.994,1.000,0.347
S,0.6773,0.0725,-0.7321,5.02,1.000,0.971,0.871,0.383
S,-0.2709,0.9538,0.1304,5.25,0.969,0.979,0.989,0.399
S,0.9887,0.1329,-0.0693,7.59,0.825,0.895,1.000,0.340
S,0.8083,-0.5832,-0.0811,8.55,0.828,0.898,1.000,0.357
S,-0.0813,0.5524,0.8296,3.42,1.000,0.965,0.865,0.622
S,-0.2087,0.7741,-0.5976,10.96,0.973,0.983,0.993,0.786
S,0.9438,-0.2072,-0.2575,3.41,1.000,0.964,0.864,0.344
S,0.2073,0.9190,-0.3354,8.18,1.000,0.960,0.860,0.340
S,-0.7629,-0.6339,0.1273,3.84,0.979,0.989,0.999,0.365
S,-0.5278,-0.1284,0.8396,7.67,0.832,0.902,1.000,0.758
S,-0.1100,0.9716,0.2093,3.49,0.990,1.000,1.000,0.470
S,-0.4045,0.9012,-0.1559,4.05,0.815,0.885,0.995,0.452
S,-0.1994,-0.9786,0.0498,3.62,0.990,1.000,1.000,0.592
S,0.5408,-0.2855,-0.7912,3.47,0.972,0.982,0.992,0.486
S,-0.0837,0.8257,0.5578,3.41,0.993,0.953,0.853,0.415
S,-0.9382,-0.2986,0.1751,3.40,0.986,0.996,1.000,0.738
S,-0.4215,0.8770,-0.2306,3.65,0.811,0.881,0.991,0.436
S,-0.1455,-0.8794,0.4534,12.78,0.990,0.950,0.850,0.834
S,0.8463,0.4399,-0.3003,4.32,0.997,0.957,0.857,0.677
S,0.7219,0.6892,0.0618,3.44,0.987,0.997,1.000,0.473
S,-0.3567,0.8674,0.3470,3.58,0.995,0.955,0.855,0.458
S,0.7937,-0.4196,0.4404,3.45,0.816,0.886,0.996,0.426
S,0.6814,0.0712,0.7285,3.40,0.979,0.989,0.999,0.729
S,-0.5880,-0.2983,-0.7519,3.41,0.988,0.948,0.848,0.359
S,-0.4354,0.4877,0.7567,4.11,0.972,0.982,0.992,0.673
S,0.1516,-0.8248,-0.5447,4.98,0.977,0.987,0.997,0.381
S,-0.7114,-0.5856,0.3886,3.42,0.991,0.951,0.851,0.386
S,0.2262,0.6596,0.7168,3.60,0.977,0.987,0.997,0.488
S,0.5620,-0.7947,0.2294,7.88,0.814,0.884,0.994,0.376
S,-0.8644,-0.1822,0.4686,3.40,0.982,0.992,1.000,0.740
S,0.6035,0.2655,-0.7518,5.38,1.000,0.960,0.860,0.903
S,0.2218,0.3031,0.9268,3.82,0.988,0.948,0.848,0.744
S,0.7224,0.6556,0.2198,3.67,0.814,0.884,0.994,0.366
S,0.5313,-0.7908,0.3038,3.43,1.000,0.969,0.869,0.784
S,0.1190,0.9669,0.2256,4.13,0.980,0.990,1.000,0.767
S,0.0970,-0.9821,0.1615,3.40,0.976,0.986,0.996,0.729
S,0.0845,-0.1880,-0.9785,13.19,0.810,0.880,0.990,0.494
S,0.2301,0.9391,0.2553,5.09,0.924,0.954,0.994,0.685
S,-0.6992,-0.4713,-0.5376,10.92,0.827,0.897,1.000,0.699
S,0.9325,0.2324,0.2766,14.19,1.000,0.851,0.691,0.950
S,0.8434,0.4897,-0.2211,6.66,0.983,0.993,1.000,0.692
S,0.0465,0.7355,-0.6759,3.50,0.989,0.999,1.000,0.452
S,0.1119,0.2911,-0.9501,13.73,0.991,0.951,0.851,0.398
S,0.6957,-0.3656,-0.6183,3.42,0.809,0.879,0.989,0.893
S,-0.7817,-0.6152,-0.1025,16.66,0.928,0.958,0.998,0.391
S,-0.7052,0.6372,-0.3109,3.45,0.993,0.953,0.853,0.364
S,0.8444,-0.2831,-0.4548,4.03,0.991,1.000,1.000,0.649
S,-0.0548,0.4110,0.9100,12.63,1.000,0.848,0.688,0.351
S,-0.6187,0.7856,0.0064,6.75,0.992,1.000,1.000,0.588
S,0.6022,-0.5684,-0.5606,3.40,0.977,0.987,0.997,0.908
S,0.6064,0.3036,0.7349,9.24,1.000,0.971,0.871,0.877
S,0.1738,-0.7099,0.6825,4.76,1.000,0.963,0.863,0.448
S,-0.1520,-0.7026,-0.6952,3.47,0.816,0.886,0.996,0.473
S,0.1537,-0.9435,0.2935,13.24,0.969,0.979,0.989,0.457
S,-0.1185,-0.8631,-0.4909,3.89,0.942,0.972,1.000,0.366
S,-0.5791,-0.2591,0.7730,3.50,0.983,0.993,1.000,0.647
S,-0.9968,-0.0736,0.0300,3.75,0.985,0.995,1.000,0.463
S,0.8899,-0.3205,-0.3246,3.79,0.988,0.998,1.000,0.773
S,0.5494,0.8168,0.1759,3.40,1.000,0.965,0.865,0.630
S,-0.0583,-0.2854,-0.9566,3.85,0.821,0.891,1.000,0.418
S,-0.3132,-0.8686,0.3841,3.98,1.000,0.960,0.860,0.781
S,0.5359,-0.7290,0.4259,5.14,0.941,0.971,1.000,0.790
S,0.6477,0.6940,0.3144,3.68,0.974,0.984,0.994,0.457
S,-0.6701,0.6443,-0.3686,4.04,0.823,0.893,1.000,0.378
S,-0.9838,0.1130,-0.1389,9.60,0.989,0.999,1.000,0.341
S,-0.9337,-0.0853,0.3478,4.22,0.988,0.998,1.000,0.995
S,0.9357,0.0511,0.3490,5.22,0.809,0.879,0.989,0.747
S,0.9424,-0.3290,0.0595,3.55,0.996,0.956,0.856,0.453
S,-0.7954,0.5786,-0.1803,4.38,0.935,0.965,1.000,0.653
S,-0.9699,-0.0256,0.2423,3.40,0.994,0.954,0.854,0.947
S,0.7545,-0.6550,0.0408,4.80,0.999,0.959,0.859,0.371
S,-0.6584,0.0523,0.7509,3.40,0.987,0.997,1.000,0.773
S,-0.3390,-0.2831,0.8972,3.98,0.942,0.972,1.000,0.760
S,0.2480,-0.9012,0.3554,6.99,1.000,0.966,0.866,0.405
S,0.8290,0.2731,0.4880,12.40,0.927,0.957,0.997,0.357
S,-0.6233,-0.7307,-0.2785,4.51,0.972,0.982,0.992,0.572
S,0.2640,0.1920,-0.9452,4.32,0.977,0.987,0.997,0.851
S,-0.0674,0.0687,-0.9954,3.53,0.970,0.980,0.990,0.355
S,-0.5398,0.4015,0.7399,3.76,0.832,0.902,1.000,0.345
S,0.7429,0.5385,0.3977,4.34,0.972,0.982,0.992,0.340
S,0.1386,-0.8437,0.5186,3.40,0.829,0.899,1.000,0.670
S,0.5798,0.7271,0.3676,3.40,0.987,0.997,1.000,0.531
S,-0.5724,0.6830,0.4537,13.89,1.000,0.964,0.864,0.700
S,0.0005,0.3177,0.9482,3.54,0.993,0.953,0.853,0.847
S,0.4894,-0.3666,0.7913,10.84,1.000,0.970,0.870,0.886
S,-0.4582,-0.1704,0.8724,3.86,0.984,0.994,1.000,0.452
S,0.4515,0.0725,0.8893,3.44,1.000,0.967,0.867,0.347
S,-0.4141,0.5326,0.7382,7.28,0.986,0.996,1.000,0.641
S,-0.8459,-0.4523,-0.2824,11.63,0.989,0.949,0.849,0.598
S,0.0194,0.4425,-0.8966,4.02,1.000,0.962,0.862,0.513
S,0.6838,-0.3282,-0.6517,14.00,0.992,1.000,1.000,0.343
S,-0.5826,0.3854,0.7156,14.95,1.000,0.970,0.870,0.905
S,-0.4616,0.3678,-0.8072,14.27,0.984,0.994,1.000,0.491
S,-0.4889,-0.8654,0.1094,16.18,0.817,0.887,0.997,0.620
S,-0.7006,0.2262,-0.6768,3.41,0.815,0.885,0.995,0.483
S,0.1103,-0.2533,0.9611,4.73,1.000,0.966,0.866,0.363
S,0.2316,-0.9001,-0.3691,3.41,0.937,0.967,1.000,0.698
S,-0.5592,0.7759,-0.2918,3.42,1.000,0.960,0.860,0.420
S,0.5063,-0.1390,-0.8511,3.41,0.989,0.999,1.000,0.794
S,-0.1001,-0.4988,0.8609,14.52,0.999,0.959,0.859,0.578
S,0.7064,0.6767,0.2074,5.40,0.992,1.000,1.000,0.458
S,-0.1736,0.8404,-0.5135,13.07,0.987,0.997,1.000,0.979
S,-0.7022,0.7080,-0.0752,4.27,1.000,0.969,0.869,0.369
S,0.6796,0.3906,0.6210,5.94,0.988,0.948,0.848,0.612
S,-0.9843,0.1752,-0.0203,6.66,0.990,0.950,0.850,0.825
S,-0.7224,-0.1941,0.6637,3.42,0.988,0.998,1.000,0.873
S,-0.0113,0.8269,0.5622,4.75,0.971,0.981,0.991,0.552
S,0.1032,0.1355,0.9854,3.40,0.814,0.884,0.994,0.617
S,0.0062,0.9866,-0.1628,4.90,0.987,0.997,1.000,0.591
S,0.3590,-0.9333,0.0105,4.00,0.974,0.984,0.994,0.343
S,-0.0727,0.5621,0.8239,15.97,0.814,0.884,0.994,0.390
S,-0.6435,0.7124,0.2800,3.96,1.000,0.971,0.871,0.984
S,-0.5228,-0.8232,-0.2214,3.87,0.990,1.000,1.000,0.403
S,0.2462,0.9460,0.2109,14.39,0.972,0.982,0.992,0.363
S,0.3595,-0.9220,0.1437,3.79,0.969,0.979,0.989,0.698
S,0.1982,0.0816,0.9768,11.08,0.824,0.894,1.000,0.814
S,-0.6802,-0.6376,-0.3617,3.50,0.974,0.984,0.994,0.357
S,0.4409,0.0876,-0.8933,3.71,1.000,0.968,0.868,0.893
S,-0.3420,-0.8328,0.4353,3.40,0.979,0.989,0.999,0.442
S,-0.6369,-0.7432,0.2049,4.38,0.997,0.957,0.857,0.340
S,-0.1947,0.5917,0.7823,4.38,0.989,0.949,0.849,0.419
S,0.3791,-0.9135,0.1474,3.58,0.982,0.992,1.000,0.942
S,-0.3693,0.0670,0.9269,7.23,1.000,0.965,0.865,0.370
S,0.1116,-0.9805,-0.1619,3.46,0.981,0.991,1.000,0.651
S,0.3559,0.9330,0.0540,16.79,1.000,0.961,0.861,0.938
S,-0.3353,0.1451,0.9309,15.98,0.828,0.898,1.000,0.426
S,0.0636,-0.7174,0.6937,3.56,1.000,0.964,0.864,0.365
S,0.7761,-0.3247,0.5406,13.67,1.000,0.968,0.868,0.675
S,0.2683,-0.7040,0.6576,3.46,0.977,0.987,0.997,0.376
S,0.9191,-0.0482,0.3910,3.41,1.000,0.970,0.870,0.410
S,-0.3379,0.8768,-0.3422,3.43,0.825,0.895,1.000,0.914
S,-0.8343,0.4211,-0.3558,3.41,0.828,0.898,1.000,0.607
S,0.6218,0.2076,-0.7552,3.40,0.988,0.998,1.000,0.973
S,-0.4545,0.6356,-0.6240,3.92,0.994,0.954,0.854,0.411
S,0.8251,-0.2654,-0.4988,9.86,0.924,0.954,0.994,0.578
S,-0.0045,-0.5343,-0.8453,3.40,0.981,0.991,1.000,0.356
S,-0.1186,-0.9372,0.3279,4.47,0.990,0.830,0.670,0.346
S,0.4716,-0.5239,0.7093,3.42,0.995,0.955,0.855,0.879
S,0.9100,0.2501,-0.3308,3.42,0.928,0.958,0.998,0.967
S,-0.4377,-0.8929,0.1061,3.40,0.974,0.984,0.994,0.344
S,0.3387,0.5916,-0.7317,16.78,0.977,0.987,0.997,0.913
S,-0.7556,0.0272,0.6545,3.84,0.940,0.970,1.000,0.955
S,-0.3189,-0.6448,-0.6946,3.44,1.000,0.971,0.871,0.583
S,-0.8868,0.4551,0.0808,12.13,0.983,0.993,1.000,0.770
S,-0.6409,0.7215,-0.2621,3.40,0.982,0.992,1.000,0.444
S,-0.8795,0.2571,0.4006,3.41,0.990,0.830,0.670,0.346
S,0.8211,-0.0293,-0.5701,4.33,1.000,0.970,0.870,0.744
S,-0.7011,-0.6529,0.2865,3.63,0.991,0.951,0.851,0.818
S,0.8714,0.2001,0.4479,7.13,0.993,0.833,0.673,0.491
S,0.2471,-0.9131,0.3244,5.20,0.933,0.963,1.000,0.785
S,-0.2415,-0.7774,-0.5807,7.37,0.938,0.968,1.000,0.454
S,-0.8271,-0.2778,0.4887,3.52,0.815,0.885,0.995,0.507
S,-0.9382,-0.1128,-0.3272,4.90,0.991,1.000,1.000,0.930
S,-0.0614,0.0642,0.9960,4.44,1.000,0.848,0.688,0.913
S,-0.5707,-0.1966,-0.7973,10.07,0.969,0.979,0.989,0.432
S,0.8309,0.4369,-0.3444,3.74,0.999,0.959,0.859,0.524
S,0.1989,0.5712,-0.7963,6.77,0.970,0.980,0.990,0.642
S,0.2702,-0.1518,0.9508,4.19,1.000,0.841,0.681,0.427
S,0.4218,-0.8996,-0.1135,3.49,1.000,0.961,0.861,0.372
S,-0.2613,0.5994,-0.7566,4.00,0.978,0.988,0.998,0.401
S,0.5116,-0.3499,0.7847,3.40,1.000,0.966,0.866,0.744
S,0.6394,0.4393,0.6311,3.98,0.988,0.948,0.848,0.633
S,0.9773,0.1242,0.1718,3.40,0.998,0.958,0.858,0.532
S,0.9745,0.2158,-0.0614,4.13,0.971,0.981,0.991,0.366
S,-0.8690,0.4633,0.1738,12.60,0.985,0.995,1.000,0.541
S,0.1989,-0.5604,-0.8040,13.33,0.987,0.997,1.000,0.752
S,0.3750,-0.7874,-0.4894,3.50,0.971,0.981,0.991,0.653
S,0.0460,-0.5986,0.7997,3.40,0.993,0.953,0.853,0.519
S,-0.0071,-0.3134,0.9496,3.53,0.998,0.958,0.858,0.632
S,0.6444,-0.6795,-0.3507,4.08,0.988,0.828,0.668,0.380
S,0.3631,0.9312,0.0312,10.86,0.932,0.962,1.000,0.721
S,0.5973,-0.5961,-0.5365,10.70,1.000,0.963,0.863,0.518
S,-0.2637,0.9557,0.1308,6.74,1.000,0.969,0.869,0.370
S,0.1843,-0.8366,-0.5159,3.59,0.975,0.985,0.995,0.709
S,-0.2742,-0.9614,-0.0243,16.74,0.994,0.954,0.854,0.636
S,0.7475,-0.2302,-0.6231,15.83,0.980,0.990,1.000,0.586
S,-0.5484,0.7276,-0.4121,4.72,0.924,0.954,0.994,0.555
S,-0.7902,0.2510,0.5591,5.47,0.984,0.994,1.000,0.721
S,0.0186,-0.6642,0.7473,9.12,0.973,0.983,0.993,0.342
S,0.5373,0.5771,-0.6151,3.47,0.976,0.986,0.996,0.903
S,-0.6728,-0.4403,0.5945,12.46,0.998,0.958,0.858,0.451
S,0.3034,0.1019,0.9474,3.43,0.988,0.998,1.000,0.634
S,-0.3107,0.0168,0.9504,10.25,0.811,0.881,0.991,0.387
S,0.4078,0.7744,0.4837,3.40,1.000,0.964,0.864,0.827
S,0.0000,-0.8873,-0.4611,4.92,0.919,0.949,0.989,0.913
S,0.5896,0.0930,0.8023,3.46,0.980,0.990,1.000,0.963
S,0.6572,0.1762,0.7328,14.17,0.974,0.984,0.994,0.639
S,-0.2599,0.9586,-0.1166,3.40,0.988,0.998,1.000,0.562
S,-0.7361,-0.0106,0.6768,6.71,1.000,0.968,0.868,0.433
S,0.4927,0.7339,0.4675,10.38,0.923,0.953,0.993,0.565
S,-0.4747,0.2575,-0.8416,8.13,1.000,0.968,0.868,0.364
S,-0.1607,-0.2457,0.9559,4.60,1.000,0.969,0.869,0.894
S,-0.2592,0.9159,-0.3066,5.03,1.000,0.962,0.862,0.779
S,0.8066,0.3634,-0.4661,9.97,0.997,0.957,0.857,0.340
S,-0.9299,0.0054,0.3678,6.19,0.998,0.958,0.858,0.383
S,-0.4257,0.3928,-0.8152,3.40,0.969,0.979,0.989,0.448
S,0.4845,-0.3302,0.8101,3.41,1.000,0.848,0.688,0.672
S,0.9869,0.1097,-0.1183,3.44,0.935,0.965,1.000,0.925
S,-0.8705,-0.1311,0.4745,3.44,0.973,0.983,0.993,0.556
S,0.2926,0.9382,0.1850,3.42,0.927,0.957,0.997,0.551
S,0.2573,-0.9479,0.1877,3.64,0.936,0.966,1.000,0.604
S,-0.7251,0.5787,-0.3734,5.30,0.988,0.998,1.000,0.806
S,0.3783,-0.9089,0.1757,3.81,0.985,0.995,1.000,0.937
S,0.2555,-0.6891,0.6781,3.40,0.986,0.996,1.000,0.495
S,0.0188,0.0484,0.9987,3.40,0.985,0.995,1.000,0.460
S,0.4792,-0.1103,0.8708,3.56,1.000,0.967,0.867,0.378
S,0.6062,-0.7684,-0.2050,9.40,1.000,0.962,0.862,0.404
S,0.2847,0.6700,0.6856,14.66,0.991,0.951,0.851,0.345
S,0.8263,0.3066,0.4726,3.47,0.973,0.983,0.993,0.596
S,-0.5858,0.8104,0.0095,3.40,0.984,0.994,1.000,0.520
S,0.9829,0.1674,-0.0761,3.40,0.993,0.953,0.853,0.510
S,-0.5704,-0.8204,-0.0408,7.89,0.997,0.837,0.677,0.731
S,0.6044,-0.0516,-0.7950,3.50,0.821,0.891,1.000,0.341
S,0.1253,-0.9708,-0.2046,4.02,0.974,0.984,0.994,0.600
S,-0.2876,-0.9431,0.1667,3.40,0.811,0.881,0.991,0.472
S,0.3925,0.9183,0.0526,10.63,0.935,0.965,1.000,0.346
S,-0.6181,0.2736,0.7369,9.66,1.000,0.969,0.869,0.522
S,-0.3419,-0.9073,0.2448,5.25,0.972,0.982,0.992,0.966
S,0.3686,0.9197,-0.1353,6.01,0.992,0.952,0.852,0.443
S,-0.4571,0.4617,0.7602,13.80,0.971,0.981,0.991,0.926
S,-0.0681,0.5204,0.8512,7.88,0.928,0.958,0.998,0.422
S,-0.1940,0.3011,-0.9337,16.72,0.993,0.833,0.673,0.344
S,-0.9725,0.2318,0.0212,4.56,0.808,0.878,0.988,0.847
S,-0.5521,0.8158,0.1721,3.40,0.973,0.983,0.993,0.546
S,-0.9521,0.2276,-0.2042,10.79,1.000,0.966,0.866,0.419
S,-0.8656,0.3042,0.3978,3.54,0.972,0.982,0.992,0.624
S,-0.7544,-0.6107,0.2408,3.40,0.985,0.995,1.000,0.583
S,0.1090,-0.7503,0.6520,3.67,0.972,0.982,0.992,0.957
S,-0.6728,0.4502,0.5871,4.88,0.826,0.896,1.000,0.473
S,-0.8996,-0.0957,0.4261,4.30,0.976,0.986,0.996,0.746
S,-0.1232,-0.7510,-0.6487,6.53,0.989,0.949,0.849,0.702
S,0.1202,-0.9299,0.3477,4.37,0.924,0.954,0.994,0.858
S,-0.2660,0.5630,0.7824,3.41,0.986,0.996,1.000,0.348
S,-0.1130,-0.6443,0.7564,3.41,0.988,0.998,1.000,0.344
S,-0.6588,0.7491,0.0695,3.47,0.988,0.948,0.848,0.455
S,-0.0251,0.9979,0.0602,10.19,0.990,0.950,0.850,0.793
S,0.3247,0.5283,-0.7845,5.25,0.989,0.999,1.000,0.498
S,-0.3385,0.0312,-0.9405,3.46,0.972,0.982,0.992,0.368
S,0.5899,0.8074,0.0025,3.48,0.992,1.000,1.000,0.956
S,0.2805,0.4824,0.8298,14.01,1.000,0.849,0.689,0.438
S,-0.7018,-0.7051,-0.1020,9.63,0.808,0.878,0.988,0.420
S,0.3151,0.5994,-0.7358,3.93,0.992,1.000,1.000,0.345
S,0.9405,0.1536,-0.3032,3.43,0.975,0.985,0.995,0.749
S,-0.5005,-0.8632,0.0662,4.93,0.928,0.958,0.998,0.796
S,0.0715,0.9178,-0.3906,6.20,0.995,0.835,0.675,0.872
S,0.5262,-0.5061,0.6833,5.13,0.995,0.955,0.855,0.373
S,0.2370,-0.8090,0.5378,4.46,0.987,0.997,1.000,0.400
S,-0.2273,-0.1817,0.9567,3.42,0.988,0.948,0.848,0.423
S,0.6501,-0.2421,0.7203,28.14,1.000,0.960,0.860,0.983
S,-0.7874,0.0329,0.6156,4.34,0.987,0.997,1.000,0.664
S,-0.3433,0.0632,-0.9371,5.89,1.000,0.852,0.692,0.525
S,0.5029,0.6149,-0.6074,3.43,1.000,0.968,0.868,0.800
S,0.7678,-0.5549,-0.3201,3.83,0.969,0.979,0.989,0.706
S,0.1589,0.3005,0.9404,8.67,0.987,0.997,1.000,0.412
S,-0.8594,0.2445,-0.4491,4.52,0.989,0.999,1.000,0.584
S,-0.7835,-0.4806,-0.3938,8.85,0.940,0.970,1.000,0.858
S,0.6063,-0.6690,0.4299,3.49,1.000,0.965,0.865,0.362
S,0.2625,-0.7156,0.6473,3.40,0.995,0.955,0.855,0.724
S,0.2569,-0.6353,0.7283,3.40,0.989,0.999,1.000,0.661
S,-0.7456,0.0056,-0.6664,3.45,1.000,0.962,0.862,0.822
S,0.9987,-0.0226,-0.0449,27.96,0.979,0.989,0.999,0.383
S,-0.4161,0.8413,0.3452,14.59,1.000,0.969,0.869,0.739
S,0.5433,-0.5238,0.6561,3.59,0.988,0.948,0.848,0.392
S,-0.4263,0.6970,0.5766,3.47,0.968,0.978,0.988,0.783
S,-0.8359,0.2355,-0.4958,5.87,0.815,0.885,0.995,0.739
S,-0.0730,-0.6918,-0.7184,4.57,1.000,0.961,0.861,0.431
S,-0.3360,0.8402,-0.4257,7.12,0.997,0.957,0.857,0.374
S,0.4957,-0.5407,-0.6797,3.47,1.000,0.966,0.866,0.399
S,0.8572,0.4465,0.2566,3.41,0.978,0.988,0.998,0.694
S,0.8313,0.4866,0.2686,13.41,0.975,0.985,0.995,0.481
S,-0.6663,-0.4993,0.5539,4.72,0.976,0.986,0.996,0.475
S,0.0107,-0.3493,0.9369,3.40,0.941,0.971,1.000,0.645
S,-0.0035,-0.3304,-0.9438,9.07,1.000,0.972,0.872,0.584
S,-0.4085,-0.6329,0.6576,3.40,0.994,0.954,0.854,0.432
S,0.2624,0.6107,0.7471,5.88,0.988,0.828,0.668,0.782
S,0.7099,-0.6828,-0.1725,9.58,0.971,0.981,0.991,0.959
S,-0.9374,-0.0636,-0.3425,6.09,0.983,0.993,1.000,0.593
S,-0.8738,0.3905,0.2897,3.40,0.969,0.979,0.989,0.422
S,0.3323,-0.8416,0.4258,3.67,0.821,0.891,1.000,0.529
S,-0.6864,-0.1247,0.7164,4.05,0.992,1.000,1.000,0.868
S,-0.0019,-0.5142,0.8577,3.90,0.989,0.949,0.849,0.786
S,-0.9505,0.2867,0.1199,16.53,0.818,0.888,0.998,0.452
S,0.4202,-0.2877,0.8606,5.47,0.998,0.958,0.858,0.888
S,-0.9480,0.0490,-0.3145,4.49,0.997,0.957,0.857,0.392
S,0.1825,0.3877,-0.9035,3.40,0.988,0.948,0.848,0.633
S,-0.1196,-0.6969,0.7071,3.40,0.978,0.988,0.998,0.803
S,0.5781,-0.5176,-0.6308,3.70,1.000,0.960,0.860,0.370
S,0.7775,-0.2986,-0.5535,3.47,0.985,0.995,1.000,0.436
S,0.9918,-0.1254,-0.0228,3.64,0.974,0.984,0.994,0.815
S,-0.2668,0.4438,0.8555,6.18,0.987,0.997,1.000,0.777
S,0.6663,-0.5091,-0.5448,3.41,0.832,0.902,1.000,0.648
S,0.7521,0.6561,0.0622,3.55,1.000,0.970,0.870,0.359
S,0.6495,-0.5563,0.5184,3.99,1.000,0.852,0.692,0.437
S,0.5769,0.7241,0.3780,3.40,0.969,0.979,0.989,0.635
S,-0.9798,-0.1467,0.1358,3.40,0.972,0.982,0.992,0.525
S,-0.3964,0.5064,0.7658,3.98,0.814,0.884,0.994,0.369
S,-0.6382,0.7696,-0.0196,8.38,0.993,0.953,0.853,0.403
S,0.0796,0.2363,0.9684,11.55,0.975,0.985,0.995,0.402
S,-0.4171,-0.9033,-0.1000,8.42,0.972,0.982,0.992,0.418
S,-0.2689,0.8797,0.3923,3.86,0.933,0.963,1.000,0.399
S,0.6330,-0.2617,-0.7286,6.54,0.822,0.892,1.000,0.964
S,0.7017,0.1769,-0.6902,12.62,0.986,0.996,1.000,0.906
S,0.2392,-0.6569,0.7151,16.58,1.000,0.847,0.687,0.371
S,-0.7259,-0.6749,-0.1326,3.53,1.000,0.962,0.862,0.354
S,0.7463,-0.6007,0.2866,3.42,1.000,0.965,0.865,0.834
S,0.2413,-0.1906,-0.9516,3.66,0.993,0.953,0.853,0.474
S,0.0214,-0.7765,-0.6298,8.88,0.812,0.882,0.992,0.509
S,-0.3150,0.0990,0.9439,5.26,0.968,0.978,0.988,0.452
S,-0.8774,0.0059,0.4796,3.40,0.828,0.898,1.000,0.600
S,0.3591,0.7969,0.4857,3.41,0.995,0.955,0.855,0.401
S,-0.5109,-0.2002,-0.8360,3.41,0.999,0.959,0.859,0.433
S,0.5325,0.6588,-0.5314,4.34,0.979,0.989,0.999,0.422
S,-0.9907,0.1014,0.0907,13.58,1.000,0.970,0.870,0.386
S,-0.2398,-0.9707,0.0160,4.34,0.992,1.000,1.000,0.434
S,0.2525,-0.7045,-0.6633,13.59,0.992,0.952,0.852,0.765
S,-0.3016,0.5696,0.7646,6.16,0.936,0.966,1.000,0.430
S,-0.4990,-0.3058,-0.8108,4.07,1.000,0.966,0.866,0.953
S,0.2926,-0.6584,0.6935,14.70,0.933,0.963,1.000,0.912
S,-0.4085,-0.4111,-0.8149,4.69,0.983,0.993,1.000,0.456
S,-0.9608,0.0564,0.2716,3.67,0.974,0.984,0.994,0.964
S,0.8440,-0.0922,0.5284,3.50,0.989,0.949,0.849,0.744
S,-0.4249,-0.5291,-0.7345,14.49,0.991,1.000,1.000,0.518
S,0.5771,0.7924,0.1975,12.89,1.000,0.963,0.863,0.885
S,-0.9082,0.1379,0.3951,11.02,0.931,0.961,1.000,0.430
S,-0.4760,-0.4176,0.7739,3.40,0.991,0.951,0.851,0.822
S,0.4914,-0.3285,-0.8066,6.12,0.993,0.953,0.853,0.811
S,0.9074,-0.0860,-0.4115,3.43,0.991,1.000,1.000,0.632
S,0.1982,-0.0176,-0.9800,3.97,1.000,0.972,0.872,0.427
S,0.7920,0.5653,0.2305,6.06,0.984,0.994,1.000,0.637
S,0.2075,0.0746,-0.9754,3.97,0.923,0.953,0.993,0.513
S,0.7655,0.6431,-0.0195,3.40,0.970,0.980,0.990,0.377
S,0.8570,-0.4810,-0.1849,3.40,0.940,0.970,1.000,0.869
S,0.9629,-0.1770,-0.2037,3.71,0.969,0.979,0.989,0.407
S,0.2973,0.9250,0.2364,3.77,0.824,0.894,1.000,0.455
S,0.6832,0.1280,0.7190,15.23,0.929,0.959,0.999,0.755
S,0.1014,-0.9706,0.2184,4.07,1.000,0.966,0.866,0.380
S,-0.1056,0.7109,-0.6953,3.41,0.982,0.992,1.000,0.455
S,-0.1389,0.2624,-0.9549,6.49,0.808,0.878,0.988,0.587
S,0.7112,-0.2397,-0.6608,4.72,0.988,0.998,1.000,0.370
S,-0.3544,-0.9351,0.0002,3.85,0.991,0.951,0.851,0.415
S,0.9218,0.3752,-0.0978,10.23,1.000,0.962,0.862,0.792
S,-0.1381,-0.6642,-0.7347,16.20,0.988,0.948,0.848,0.539
S,-0.6315,0.5459,0.5507,3.40,1.000,0.972,0.872,0.425
S,0.4353,-0.6918,-0.5762,3.63,0.992,1.000,1.000,0.470
S,-0.8798,-0.4545,0.1393,3.40,1.000,0.971,0.871,0.984
S,-0.7481,0.1225,-0.6522,3.45,0.992,0.952,0.852,0.823
S,0.6965,-0.6588,0.2842,4.83,0.986,0.996,1.000,0.754
S,-0.5950,0.2749,-0.7552,3.45,0.972,0.982,0.992,0.570
S,0.8848,0.3866,0.2602,13.33,0.994,0.954,0.854,0.430
S,-0.4460,-0.7468,-0.4934,15.00,0.808,0.878,0.988,0.755
S,0.0291,-0.6003,0.7992,3.42,0.992,1.000,1.000,0.839
S,0.0038,0.5456,0.8380,3.40,0.988,0.828,0.668,0.596
S,0.0832,-0.8284,-0.5540,3.42,0.995,0.955,0.855,0.578
S,-0.7555,-0.5605,0.3393,8.50,1.000,0.963,0.863,0.595
S,-0.4070,0.9132,0.0212,3.40,0.990,1.000,1.000,0.701
S,-0.2415,0.9450,-0.2204,3.87,0.985,0.995,1.000,0.799
S,0.2892,-0.8735,-0.3916,3.40,0.983,0.993,1.000,0.343
S,0.6702,0.2727,0.6902,6.31,0.928,0.958,0.998,0.361
S,-0.8069,-0.4692,-0.3589,15.60,0.986,0.996,1.000,0.342
S,0.8735,0.1258,0.4702,3.41,0.997,0.837,0.677,0.381
S,-0.0875,0.1878,-0.9783,6.77,0.809,0.879,0.989,0.346
S,0.4803,0.7711,0.4180,4.10,0.829,0.899,1.000,0.588
S,0.9772,-0.0137,-0.2121,3.40,1.000,0.969,0.869,0.962
S,-0.0103,0.7572,-0.6531,9.32,1.000,0.965,0.865,0.393
S,0.2249,-0.9708,0.0832,14.72,0.935,0.965,1.000,0.655
S,-0.0540,-0.0970,0.9938,3.40,0.971,0.981,0.991,0.370
S,0.1705,-0.5526,-0.8159,13.66,0.973,0.983,0.993,0.625
S,0.0075,-0.1547,0.9879,5.17,0.983,0.993,1.000,0.647
S,-0.1027,0.9458,0.3080,3.80,0.811,0.881,0.991,0.342
S,-0.9725,-0.2326,0.0141,7.77,0.980,0.990,1.000,0.784
S,0.2936,-0.0994,-0.9507,3.54,1.000,0.965,0.865,0.927
S,0.0263,0.9448,-0.3265,13.88,0.983,0.993,1.000,0.448
S,-0.4518,-0.3383,0.8255,8.44,0.979,0.989,0.999,0.340
S,-0.9251,0.1749,0.3370,3.55,0.988,0.948,0.848,0.896
S,-0.7710,0.3369,-0.5404,3.41,0.991,0.951,0.851,0.833
S,-0.9832,0.1421,0.1150,3.41,0.990,1.000,1.000,0.784
S,-0.6001,-0.1421,-0.7872,3.48,0.929,0.959,0.999,0.426
S,0.4076,-0.8991,-0.1594,12.19,0.989,0.949,0.849,0.552
S,-0.5268,0.3057,0.7931,3.42,0.970,0.980,0.990,0.859
S,-0.8239,0.3776,-0.4225,6.07,1.000,0.968,0.868,0.728
S,0.3514,-0.6310,-0.6916,3.40,0.992,1.000,1.000,0.674
S,-0.0790,-0.9874,-0.1368,5.68,0.984,0.994,1.000,0.812
S,-0.2826,0.8205,-0.4969,7.47,0.832,0.902,1.000,0.347
S,0.1795,0.2191,0.9590,4.34,0.968,0.978,0.988,0.606
S,0.9092,0.1594,0.3847,3.60,0.973,0.983,0.993,0.486
S,0.9176,0.3278,0.2251,3.40,0.991,0.951,0.851,0.605
S,0.0439,-0.9279,0.3703,3.40,0.991,1.000,1.000,0.817
S,-0.4902,0.8506,0.1905,4.20,0.990,0.830,0.670,0.674
S,0.6245,-0.7693,-0.1352,8.78,1.000,0.846,0.686,0.744
S,0.7406,-0.6639,0.1042,4.89,0.971,0.981,0.991,0.696
S,-0.6855,-0.2810,0.6717,3.42,0.935,0.965,1.000,0.857
S,0.0973,-0.7941,0.6000,5.08,0.817,0.887,0.997,0.377
S,-0.2241,-0.2027,0.9532,3.40,0.968,0.978,0.988,0.415
S,-0.7225,0.4316,-0.5401,3.40,0.812,0.882,0.992,0.696
S,0.5212,0.8207,-0.2343,3.40,0.979,0.989,0.999,0.853
S,0.5516,0.3873,-0.7388,16.88,0.986,0.996,1.000,0.735
S,0.8651,-0.4886,-0.1136,4.61,0.987,0.997,1.000,0.650
S,-0.8876,0.4410,0.1330,3.41,0.979,0.989,0.999,0.603
S,0.2264,-0.8823,-0.4127,7.20,1.000,0.968,0.868,0.719
S,-0.4917,-0.3296,-0.8060,10.99,0.822,0.892,1.000,0.370
S,0.3946,0.5702,0.7206,4.53,0.991,1.000,1.000,0.421
S,0.9564,-0.2594,0.1339,3.95,0.817,0.887,0.997,0.441
S,0.6451,-0.0697,-0.7609,3.43,0.973,0.983,0.993,0.677
S,0.0082,0.3259,0.9454,10.04,0.991,0.951,0.851,0.786
S,0.5038,-0.3375,0.7952,6.37,0.981,0.991,1.000,0.536
S,0.4149,0.2830,-0.8648,15.86,0.998,0.958,0.858,0.497
S,0.9545,-0.2980,-0.0064,6.55,0.990,0.950,0.850,0.592
S,-0.4256,-0.8969,0.1197,3.40,0.981,0.991,1.000,0.613
S,-0.6689,-0.1237,0.7330,3.42,0.976,0.986,0.996,0.511
S,0.0661,-0.1198,-0.9906,3.56,0.982,0.992,1.000,0.508
S,0.9110,0.4123,0.0017,7.57,1.000,0.965,0.865,0.341
S,0.5790,0.2019,0.7899,3.40,1.000,0.967,0.867,0.791
S,0.1842,0.6867,-0.7032,15.42,0.983,0.993,1.000,0.354
S,-0.5838,0.5223,-0.6216,13.86,0.812,0.882,0.992,0.863
S,-0.6077,-0.7760,-0.1688,3.52,0.990,1.000,1.000,0.569
S,0.2531,-0.0219,-0.9672,4.24,0.986,0.996,1.000,0.682
S,-0.8726,-0.1618,0.4609,4.37,0.822,0.892,1.000,0.578
S,-0.2657,-0.9603,0.0853,3.41,0.980,0.990,1.000,0.427
S,0.5423,0.5573,0.6287,5.99,0.828,0.898,1.000,0.377
S,0.0604,-0.9137,0.4019,3.51,0.998,0.958,0.858,0.722
S,-0.2780,0.0098,0.9605,5.20,0.968,0.978,0.988,0.369
S,-0.3347,0.3303,-0.8825,4.89,1.000,0.963,0.863,0.355
S,0.0924,-0.7218,0.6859,17.34,0.973,0.983,0.993,0.742
S,-0.4366,0.6338,0.6385,3.46,0.810,0.880,0.990,0.507
S,-0.6872,-0.7179,0.1109,4.10,0.832,0.902,1.000,0.964
S,0.7358,0.3765,0.5628,15.43,0.983,0.993,1.000,0.695
S,0.3542,0.8029,0.4795,3.41,0.995,0.835,0.675,0.862
S,0.8257,0.2855,-0.4866,3.41,0.987,0.997,1.000,0.519
S,-0.9988,0.0305,-0.0394,3.84,0.826,0.896,1.000,0.476
S,-0.3021,-0.3699,-0.8786,7.07,0.936,0.966,1.000,0.478
S,0.8035,-0.5375,0.2558,8.48,0.995,0.955,0.855,0.811
S,-0.9760,0.0611,0.2093,3.41,0.974,0.984,0.994,0.367
S,0.2584,0.9440,-0.2051,5.26,0.942,0.972,1.000,0.620
S,0.1925,0.4062,0.8933,3.48,1.000,0.965,0.865,0.343
S,-0.3932,0.0569,0.9177,4.41,0.933,0.963,1.000,0.783
S,0.0685,-0.4352,-0.8977,5.95,0.811,0.881,0.991,0.689
S,0.3114,0.1016,-0.9448,7.83,1.000,0.967,0.867,0.785
S,0.9434,0.2009,-0.2637,3.40,0.998,0.958,0.858,0.422
S,-0.1770,0.5327,0.8276,4.08,0.990,0.950,0.850,0.405
S,0.9277,0.3642,-0.0822,10.20,0.979,0.989,0.999,0.573
S,-0.9798,-0.0987,-0.1737,3.43,1.000,0.970,0.870,0.384
S,0.9324,-0.0755,-0.3533,3.46,0.993,0.953,0.853,0.401
S,-0.1301,-0.9813,0.1416,3.72,0.968,0.978,0.988,0.969
S,-0.1685,0.1324,0.9768,3.44,1.000,0.962,0.862,0.881
S,0.0477,-0.8759,0.4801,3.40,0.976,0.986,0.996,0.554
S,0.8612,0.1890,0.4717,5.03,0.987,0.997,1.000,0.503
S,0.6646,0.7317,-0.1514,3.44,0.830,0.900,1.000,0.903
S,-0.7104,0.6034,0.3624,3.41,0.970,0.980,0.990,0.762
S,0.6366,0.7503,0.1782,3.40,0.814,0.884,0.994,0.492
S,-0.8137,0.1015,-0.5724,3.75,0.993,0.953,0.853,0.480
S,-0.9216,-0.3614,0.1414,3.40,1.000,0.965,0.865,0.455
S,0.2433,0.6344,-0.7337,4.16,0.997,0.957,0.857,0.360
S,-0.7413,0.5702,0.3541,3.40,0.825,0.895,1.000,0.480
S,0.3550,0.8782,-0.3204,4.36,1.000,0.961,0.861,0.373
S,-0.2540,0.8293,0.4977,3.41,0.988,0.948,0.848,0.560
S,-0.6736,0.4020,0.6202,3.63,0.999,0.959,0.859,0.341
S,0.2825,0.8297,-0.4814,3.64,0.829,0.899,1.000,0.882
S,0.7885,0.5415,0.2917,3.40,0.997,0.957,0.857,0.754
S,0.6866,0.0311,0.7264,5.42,0.992,1.000,1.000,0.791
S,-0.1190,-0.8428,0.5249,16.08,0.988,0.948,0.848,0.340
S,0.3148,-0.8523,-0.4178,6.29,1.000,0.960,0.860,0.925
S,-0.9668,0.0025,0.2557,15.30,0.972,0.982,0.992,0.751
S,-0.9257,0.2093,0.3151,11.76,0.825,0.895,1.000,0.595
S,-0.5074,0.8487,0.1491,3.40,0.983,0.993,1.000,0.791
S,0.8942,-0.3918,0.2168,3.53,0.996,0.956,0.856,0.368
S,-0.2918,-0.1493,0.9448,11.76,0.812,0.882,0.992,0.785
S,0.4860,-0.6377,0.5976,4.01,0.987,0.997,1.000,0.340
S,0.1305,-0.3763,0.9172,5.85,1.000,0.963,0.863,0.955
S,-0.2119,0.5959,-0.7746,3.45,0.983,0.993,1.000,0.372
S,0.4037,0.5843,-0.7040,3.40,0.983,0.993,1.000,0.780
S,-0.3291,0.8878,-0.3217,4.65,0.999,0.959,0.859,0.342
S,-0.3866,-0.5575,0.7346,9.00,0.992,0.952,0.852,0.844
S,-0.8028,-0.5809,-0.1344,4.43,0.977,0.987,0.997,0.473
S,-0.2879,-0.1718,0.9421,10.87,0.989,0.949,0.849,0.595
S,0.3079,0.9321,-0.1905,4.29,0.810,0.880,0.990,0.520
S,0.9691,0.2361,-0.0711,3.53,0.934,0.964,1.000,0.830
S,-0.5663,0.6525,0.5036,3.54,0.970,0.980,0.990,0.617
S,-0.6558,0.1210,0.7452,3.45,0.975,0.985,0.995,0.509
S,-0.4556,-0.6176,-0.6411,3.46,1.000,0.966,0.866,0.525
S,0.8631,-0.1512,-0.4819,3.70,1.000,0.840,0.680,0.635
S,-0.5379,0.6348,-0.5547,3.77,0.991,1.000,1.000,0.796
S,-0.1131,-0.5366,-0.8362,3.40,0.996,0.956,0.856,0.812
S,0.4239,-0.8992,0.1087,3.73,0.990,0.950,0.850,0.943
S,0.8015,0.5972,-0.0321,4.20,0.986,0.996,1.000,0.376
S,0.9114,0.1930,0.3634,7.46,0.936,0.966,1.000,0.435
S,-0.3235,-0.8061,0.4955,7.52,0.992,1.000,1.000,0.552
S,-0.9855,0.1380,0.0991,3.46,0.990,0.950,0.850,0.674
S,0.1295,-0.9076,-0.3993,6.39,0.973,0.983,0.993,0.556
S,0.6887,-0.5011,0.5241,4.86,0.973,0.983,0.993,0.582
S,0.5565,0.0230,-0.8305,4.34,0.970,0.980,0.990,0.763
S,0.9706,0.2014,-0.1318,3.41,0.980,0.990,1.000,0.791
S,0.0676,-0.9886,-0.1345,3.57,0.824,0.894,1.000,0.349
S,0.5541,0.6224,-0.5527,14.69,0.984,0.994,1.000,0.353
S,-0.3920,-0.6239,0.6761,3.40,0.994,0.954,0.854,0.901
S,-0.8853,-0.2271,0.4057,3.70,0.972,0.982,0.992,0.825
S,0.4579,0.6448,-0.6120,3.45,0.973,0.983,0.993,0.530
S,0.7445,0.6054,0.2814,3.79,0.968,0.978,0.988,0.700
S,0.6121,-0.3763,-0.6955,3.41,0.830,0.900,1.000,0.344
S,0.4587,0.0910,-0.8839,3.78,0.832,0.902,1.000,0.542
S,0.7600,0.4711,-0.4477,3.96,0.990,1.000,1.000,0.451
S,0.7543,0.2082,-0.6227,14.95,0.830,0.900,1.000,0.640
S,-0.9424,-0.2299,0.2431,5.13,0.971,0.981,0.991,0.550
S,-0.6557,-0.6940,0.2973,13.78,1.000,0.964,0.864,0.341
S,0.0471,0.8117,0.5821,7.41,1.000,0.968,0.868,0.356
S,0.2864,-0.4971,0.8191,3.47,0.990,0.950,0.850,0.452
S,0.5443,0.7860,-0.2932,9.46,1.000,0.961,0.861,0.945
S,-0.0256,-0.3064,-0.9515,4.03,0.978,0.988,0.998,0.682
S,0.4125,0.4837,-0.7719,5.08,0.980,0.990,1.000,0.592
S,0.0484,-0.9430,-0.3292,10.38,0.976,0.986,0.996,0.917
S,0.3354,-0.3097,0.8897,5.93,0.990,1.000,1.000,0.832
S,-0.3002,-0.0281,0.9535,14.85,0.970,0.980,0.990,0.830
S,0.3765,0.6630,-0.6471,4.01,0.969,0.979,0.989,0.475
S,-0.6374,0.6160,0.4629,13.85,0.981,0.991,1.000,0.828
S,-0.3536,-0.6414,0.6808,6.63,0.972,0.982,0.992,0.770
S,0.4739,0.1188,-0.8725,3.99,0.990,0.950,0.850,0.482
S,0.6834,-0.6903,0.2377,4.77,0.995,0.955,0.855,0.617
S,0.1032,0.8317,-0.5455,9.63,0.997,0.957,0.857,0.457
S,-0.8608,0.4978,0.1063,4.08,1.000,0.969,0.869,0.572
S,0.5535,-0.2192,0.8035,9.49,1.000,0.970,0.870,0.607
S,0.7661,-0.1985,0.6112,3.73,0.968,0.978,0.988,0.507
S,0.7950,0.6041,0.0557,8.03,0.811,0.881,0.991,0.919
S,-0.3585,-0.9008,0.2450,5.17,1.000,0.961,0.861,0.402
S,0.2664,0.5923,-0.7604,3.40,0.985,0.995,1.000,0.377
S,-0.9110,0.2562,0.3230,3.76,0.990,0.950,0.850,0.698
S,0.2588,0.1962,0.9458,3.77,0.925,0.955,0.995,0.571
S,0.7683,0.4024,0.4978,4.13,0.996,0.956,0.856,0.897
S,0.6704,0.6712,0.3162,6.06,0.979,0.989,0.999,0.434
S,0.0055,-0.8414,0.5405,3.71,0.825,0.895,1.000,0.402
S,0.4087,-0.8304,0.3786,9.55,1.000,0.970,0.870,0.651
S,0.6929,0.7085,-0.1336,16.09,1.000,0.968,0.868,0.399
S,-0.0915,0.9930,0.0743,3.40,0.994,0.954,0.854,0.920
S,0.3185,0.9478,-0.0161,9.25,1.000,0.961,0.861,0.729
S,0.0740,-0.9434,-0.3232,4.93,0.975,0.985,0.995,0.874
S,-0.5223,0.5953,0.6106,3.40,0.969,0.979,0.989,0.486
S,-0.7245,0.6565,-0.2101,3.40,1.000,0.968,0.868,0.342
S,0.3010,-0.2773,0.9124,9.45,0.987,0.997,1.000,0.453
S,-0.4273,0.6652,-0.6123,3.74,0.814,0.884,0.994,0.359
S,-0.9480,0.3173,0.0222,3.43,0.816,0.886,0.996,0.861
S,-0.8511,0.5248,-0.0131,4.84,0.825,0.895,1.000,0.818
S,0.4968,0.8111,0.3089,4.01,0.984,0.994,1.000,0.600
S,-0.0447,0.8639,-0.5016,13.03,1.000,0.960,0.860,0.890
S,-0.8840,0.2669,-0.3839,3.40,1.000,0.968,0.868,0.962
S,0.7397,-0.6430,-0.1985,4.29,0.999,0.959,0.859,0.595
S,-0.0121,0.9995,0.0306,9.74,0.986,0.996,1.000,0.758
S,0.7440,-0.1904,-0.6405,4.69,0.975,0.985,0.995,0.664
S,0.6529,0.0079,0.7574,8.54,0.991,1.000,1.000,0.580
S,-0.2322,0.0132,0.9726,3.40,0.980,0.990,1.000,0.963
S,-0.9988,0.0076,0.0476,16.58,0.971,0.981,0.991,0.350
S,0.7446,0.2863,-0.6030,3.40,0.924,0.954,0.994,0.453
S,0.3314,0.4719,-0.8170,16.83,0.810,0.880,0.990,0.631
S,0.4829,0.8690,0.1084,7.00,0.815,0.885,0.995,0.414
S,0.2607,0.9105,-0.3211,4.35,0.814,0.884,0.994,0.368
S,0.2021,-0.2306,0.9518,11.59,0.989,0.949,0.849,0.398
S,0.9179,-0.2025,0.3413,3.40,0.988,0.998,1.000,0.477
S,0.5146,-0.1244,-0.8484,6.02,0.977,0.987,0.997,0.770
S,0.0558,0.8887,-0.4552,4.57,0.979,0.989,0.999,0.648
S,-0.9197,-0.3671,-0.1392,8.87,1.000,0.972,0.872,0.725
S,0.3868,-0.0608,-0.9202,3.41,0.937,0.967,1.000,0.404
S,-0.6443,0.6132,0.4570,3.79,0.985,0.995,1.000,0.391
S,0.7547,0.6559,0.0164,3.40,0.969,0.979,0.989,0.659
S,0.5970,-0.2465,0.7635,4.72,0.994,0.954,0.854,0.465
S,0.0368,-0.7883,0.6142,7.71,0.978,0.988,0.998,0.998
S,-0.8338,0.5512,-0.0315,3.44,0.812,0.882,0.992,0.732
S,-0.1547,-0.4296,-0.8897,3.41,1.000,0.969,0.869,0.599
S,0.1693,-0.8164,0.5522,13.66,1.000,0.967,0.867,0.785
S,0.3521,0.0323,-0.9354,9.22,0.942,0.972,1.000,0.700
S,0.4012,-0.6719,-0.6225,3.45,1.000,0.968,0.868,0.693
S,0.9467,0.2385,-0.2165,11.68,0.972,0.982,0.992,0.716
S,-0.4141,0.8995,0.1398,3.42,0.977,0.987,0.997,0.703
S,-0.5160,-0.8554,-0.0456,9.95,0.971,0.981,0.991,0.457
S,0.3388,0.9234,-0.1801,3.40,0.998,0.958,0.858,0.779
S,-0.7421,-0.5561,-0.3742,10.60,0.974,0.984,0.994,0.518
S,-0.2253,-0.1643,-0.9603,3.40,1.000,0.966,0.866,0.550
S,0.5535,-0.7347,-0.3923,4.36,0.986,0.996,1.000,0.379
S,-0.7256,0.6881,-0.0027,3.53,1.000,0.968,0.868,0.826
S,-0.8231,-0.4303,0.3706,3.77,0.972,0.982,0.992,0.863
S,0.1556,-0.0393,-0.9870,3.46,0.991,0.951,0.851,0.341
S,0.2827,-0.5199,0.8061,6.61,1.000,0.962,0.862,0.360
S,0.4342,0.7478,0.5023,3.76,1.000,0.969,0.869,0.436
S,0.6141,0.4135,-0.6722,7.28,0.822,0.892,1.000,0.361
S,-0.8219,-0.3295,0.4646,3.64,0.989,0.949,0.849,0.762
S,-0.7833,-0.3466,0.5160,8.81,0.979,0.989,0.999,0.517
S,0.0884,0.6610,0.7452,11.60,0.976,0.986,0.996,0.786
S,-0.1482,0.8541,-0.4986,7.80,0.981,0.991,1.000,0.700
S,-0.3436,0.7517,0.5630,7.07,0.831,0.901,1.000,0.488
S,0.6287,-0.4146,-0.6579,3.40,0.988,0.998,1.000,0.733
S,-0.6792,0.2672,0.6835,5.42,0.998,0.958,0.858,0.641
S,0.9616,0.1317,0.2408,13.08,0.972,0.982,0.992,0.865
S,-0.5150,0.7271,-0.4539,3.40,0.817,0.887,0.997,0.388
S,-0.0514,0.9979,0.0405,3.40,0.988,0.948,0.848,0.558
S,0.0040,0.9530,-0.3031,14.16,0.999,0.959,0.859,0.782
S,0.8136,0.3913,0.4300,6.12,0.974,0.984,0.994,0.932
S,0.1197,-0.6165,-0.7782,3.40,0.816,0.886,0.996,0.498
S,0.0369,-0.1538,0.9874,6.36,0.989,0.999,1.000,0.405
S,-0.9604,0.2237,0.1663,3.42,0.995,0.955,0.855,0.889
S,-0.2572,0.9445,-0.2044,5.92,0.975,0.985,0.995,0.854
S,-0.3923,-0.5152,0.7621,11.94,0.991,1.000,1.000,0.631
S,-0.6394,0.5769,0.5082,8.89,0.992,1.000,1.000,0.779
S,-0.4979,-0.6371,0.5883,3.43,0.971,0.981,0.991,0.511
S,0.9375,0.0533,-0.3439,11.72,0.999,0.959,0.859,0.717
S,-0.4611,-0.6848,0.5644,3.49,0.930,0.960,1.000,0.412
S,0.6851,-0.0115,0.7283,10.66,0.832,0.902,1.000,0.683
S,-0.0436,0.2845,-0.9577,4.08,1.000,0.970,0.870,0.473
S,0.3997,-0.4839,-0.7785,3.46,0.991,0.831,0.671,0.707
S,0.9692,0.1071,-0.2216,15.53,0.981,0.991,1.000,0.641
S,0.5721,0.0465,0.8188,3.40,0.976,0.986,0.996,0.354
S,0.3655,0.8078,0.4625,4.26,0.994,0.954,0.854,0.620
S,-0.8110,0.2185,0.5428,3.40,0.984,0.994,1.000,0.425
S,-0.2470,-0.0828,-0.9655,3.48,0.977,0.987,0.997,0.566
S,-0.9812,-0.0592,0.1837,4.12,0.991,0.951,0.851,0.922
S,0.5332,-0.7992,-0.2774,4.97,0.831,0.901,1.000,0.378
S,-0.3048,-0.5819,0.7540,14.24,1.000,0.966,0.866,0.606
S,0.1464,-0.7030,0.6960,6.15,0.973,0.983,0.993,0.347
S,0.3965,-0.8733,-0.2831,3.40,0.820,0.890,1.000,0.340
S,-0.3642,0.2883,0.8856,3.57,1.000,0.965,0.865,0.659
S,0.9509,-0.2609,0.1668,3.44,0.978,0.988,0.998,0.342
S,0.7102,0.5929,0.3795,8.89,0.986,0.996,1.000,0.391
S,-0.5202,0.4505,-0.7256,8.42,0.988,0.948,0.848,0.341
S,0.7545,-0.6541,0.0542,8.23,0.975,0.985,0.995,0.688
S,0.7817,-0.5744,-0.2429,17.06,0.987,0.997,1.000,0.697
S,-0.6441,0.6067,0.4660,9.44,0.979,0.989,0.999,0.788
S,-0.5537,0.5924,-0.5853,3.42,1.000,0.968,0.868,0.360
S,0.1618,0.7447,-0.6475,3.46,0.992,0.952,0.852,0.835
S,-0.8112,0.5847,-0.0119,12.74,0.828,0.898,1.000,0.418
S,-0.9065,-0.3575,-0.2248,3.91,0.930,0.960,1.000,0.605
S,-0.8600,-0.5021,0.0915,6.34,0.996,0.956,0.856,0.368
S,-0.7511,-0.2450,-0.6131,3.57,1.000,0.970,0.870,0.628
S,0.1244,-0.9481,-0.2926,7.33,0.981,0.991,1.000,0.488
S,-0.1677,0.5895,-0.7901,6.99,0.813,0.883,0.993,0.893
S,-0.2307,-0.2476,0.9410,3.41,0.985,0.995,1.000,0.406
S,0.4034,-0.3569,0.8425,3.44,0.995,0.955,0.855,0.502
S,-0.7422,-0.1294,-0.6576,4.23,0.989,0.999,1.000,0.800
S,0.6453,-0.1315,0.7526,14.21,0.992,1.000,1.000,0.685
S,-0.0164,-0.4481,0.8938,3.40,0.999,0.959,0.859,0.386
S,-0.6863,-0.3611,0.6313,3.56,0.823,0.893,1.000,0.996
S,0.2659,-0.9639,-0.0167,14.29,0.812,0.882,0.992,0.425
S,0.4534,0.7477,-0.4852,3.99,0.824,0.894,1.000,0.453
S,-0.0535,0.6966,-0.7155,9.27,1.000,0.969,0.869,0.895
S,0.3560,-0.3987,-0.8452,8.18,0.982,0.992,1.000,0.413
S,0.5521,-0.7436,-0.3771,3.40,0.982,0.992,1.000,0.919
S,0.0179,0.2927,0.9560,5.34,0.988,0.948,0.848,0.449
S,-0.5201,0.8469,-0.1109,14.76,0.989,0.999,1.000,0.360
S,-0.4372,0.8594,0.2652,11.92,0.814,0.884,0.994,0.400
S,-0.2185,-0.9458,0.2402,6.19,0.994,0.954,0.854,0.876
S,0.2091,0.9202,-0.3308,3.92,1.000,0.967,0.867,0.730
S,0.4709,0.3431,-0.8127,4.78,0.974,0.984,0.994,0.754
S,-0.7599,-0.0379,0.6490,11.54,0.985,0.995,1.000,0.373
S,-0.5166,0.7245,0.4564,3.40,0.992,1.000,1.000,0.632
S,-0.0977,-0.9500,-0.2966,3.40,0.968,0.978,0.988,0.481
S,0.5670,-0.3104,0.7630,3.40,0.830,0.900,1.000,0.494
S,0.9073,-0.4183,-0.0432,9.40,1.000,0.971,0.871,0.406
S,0.5530,-0.7654,0.3293,3.40,0.980,0.990,1.000,0.558
S,0.8757,-0.4579,-0.1534,7.75,0.977,0.987,0.997,0.579
S,-0.2879,0.4741,0.8321,6.31,0.970,0.980,0.990,0.952
S,0.9353,0.2066,-0.2873,4.74,0.973,0.983,0.993,0.666
S,0.8380,-0.4551,-0.3012,3.40,0.982,0.992,1.000,0.960
S,-0.5916,0.0290,0.8057,6.81,0.941,0.971,1.000,0.910
S,0.4201,0.6719,-0.6100,5.01,0.999,0.959,0.859,0.462
S,-0.8547,0.0945,-0.5105,14.12,0.971,0.981,0.991,0.367
S,-0.9099,-0.3213,-0.2622,5.17,0.972,0.982,0.992,0.852
S,0.8999,0.0109,-0.4359,3.53,0.813,0.883,0.993,0.445
S,0.7160,-0.5233,0.4621,7.23,0.986,0.996,1.000,0.458
S,0.5685,0.8226,0.0107,3.40,0.972,0.982,0.992,0.620
S,0.5505,-0.6722,0.4951,7.52,1.000,0.965,0.865,0.994
S,0.5775,0.8141,-0.0614,8.65,0.985,0.995,1.000,0.948
S,0.7588,0.6478,-0.0673,3.44,0.808,0.878,0.988,0.493
S,-0.5202,0.0690,-0.8513,3.40,0.825,0.895,1.000,0.915
S,0.2396,0.2500,0.9381,4.13,0.974,0.984,0.994,0.480
S,-0.1418,-0.2429,0.9596,3.40,0.986,0.996,1.000,0.345
S,0.3264,-0.8908,0.3162,3.40,0.992,1.000,1.000,0.853
S,0.3577,-0.5844,-0.7284,15.70,0.831,0.901,1.000,0.405
S,0.8894,0.1873,-0.4170,8.56,1.000,0.963,0.863,0.357
S,0.0178,0.0180,0.9997,3.53,1.000,0.961,0.861,0.401
S,-0.6575,-0.1678,-0.7345,3.43,1.000,0.960,0.860,0.494
S,0.1763,0.9803,0.0891,15.60,0.988,0.828,0.668,0.693
S,0.2327,0.7884,0.5695,3.86,0.984,0.994,1.000,0.720
S,0.9937,0.1113,-0.0157,3.44,0.969,0.979,0.989,0.392
S,-0.5841,0.0032,0.8117,3.65,0.980,0.990,1.000,0.863
S,0.0205,0.9914,-0.1295,3.40,0.991,1.000,1.000,0.458
S,0.6922,0.7217,0.0048,13.52,0.985,0.995,1.000,0.350
S,0.3761,-0.6572,-0.6532,7.78,0.991,0.951,0.851,0.692
S,-0.0999,0.5373,0.8374,5.15,0.819,0.889,0.999,0.363
S,-0.9620,0.1448,0.2317,3.63,0.831,0.901,1.000,0.379
S,-0.7238,0.6589,0.2048,8.89,0.933,0.963,1.000,0.369
S,-0.2316,-0.8553,0.4635,3.40,0.923,0.953,0.993,0.345
S,-0.8378,0.3355,0.4307,5.16,0.830,0.900,1.000,0.394
S,0.4924,-0.4168,0.7641,12.47,0.968,0.978,0.988,0.670
S,-0.3052,-0.6684,0.6783,4.01,0.972,0.982,0.992,0.696
S,0.2570,0.7058,-0.6601,4.42,0.981,0.991,1.000,0.806
S,0.4651,-0.7871,-0.4052,3.40,1.000,0.963,0.863,0.645
S,0.6414,0.7370,0.2131,3.49,0.999,0.959,0.859,0.670
S,0.5412,-0.6038,-0.5853,3.41,0.977,0.987,0.997,0.525
S,0.9256,-0.0739,0.3713,4.84,0.992,0.952,0.852,0.349
S,0.9797,-0.1921,0.0568,5.31,0.989,0.999,1.000,0.649
S,0.3690,0.2850,0.8846,7.62,0.986,0.996,1.000,0.579
S,0.5547,0.7876,-0.2684,7.12,0.979,0.989,0.999,0.744
S,-0.3041,-0.2214,-0.9265,8.19,0.975,0.985,0.995,0.420
S,0.0042,0.9984,-0.0555,17.19,0.985,0.995,1.000,0.658
S,0.6172,0.5784,0.5333,6.36,0.817,0.887,0.997,0.396
S,0.8861,-0.3034,0.3505,9.59,0.995,0.955,0.855,0.953
S,-0.0025,-0.3233,0.9463,12.37,0.989,0.949,0.849,0.341
S,-0.3119,-0.2927,-0.9039,3.91,0.927,0.957,0.997,0.973
S,-0.5990,0.6442,-0.4756,11.55,0.990,0.950,0.850,0.704
S,0.2967,0.2339,-0.9259,4.46,0.977,0.987,0.997,0.927
S,-0.6929,-0.1671,-0.7014,12.15,0.808,0.878,0.988,0.395
S,-0.3944,0.8667,-0.3055,3.40,1.000,0.972,0.872,0.475
S,0.2054,0.8180,-0.5372,4.79,0.972,0.982,0.992,0.923
S,0.9119,-0.1857,0.3661,5.01,1.000,0.966,0.866,0.740
S,0.6480,0.1085,-0.7539,14.73,0.983,0.993,1.000,0.926
S,-0.5060,0.6898,0.5178,3.56,1.000,0.969,0.869,0.359
S,0.5571,0.2208,-0.8005,16.57,0.979,0.989,0.999,0.761
S,-0.5569,-0.2482,0.7926,3.40,0.940,0.970,1.000,0.963
S,-0.8257,-0.5089,0.2432,4.69,0.991,1.000,1.000,0.927
S,-0.9822,0.0178,-0.1870,15.10,0.925,0.955,0.995,0.652
S,0.8283,0.1182,-0.5476,3.66,1.000,0.972,0.872,0.651
S,0.1789,0.2832,0.9422,5.33,0.810,0.880,0.990,0.414
S,-0.5913,-0.6837,0.4275,3.59,0.971,0.981,0.991,0.961
S,0.8862,-0.4580,-0.0702,6.53,1.000,0.965,0.865,0.546
S,-0.2204,-0.8813,-0.4180,6.78,1.000,0.850,0.690,0.407
S,0.2600,0.6962,-0.6691,3.40,0.969,0.979,0.989,0.918
S,-0.4622,0.7799,0.4222,3.75,0.992,1.000,1.000,0.597
S,-0.9192,0.1432,0.3668,3.79,0.970,0.980,0.990,0.407
S,-0.2995,-0.7798,-0.5498,3.62,1.000,0.840,0.680,0.388
S,-0.3440,-0.3336,-0.8777,4.51,0.996,0.956,0.856,0.523
S,-0.4140,0.8869,0.2049,3.53,1.000,0.846,0.686,0.575
S,0.1905,-0.8167,-0.5446,3.45,0.993,0.953,0.853,0.903
S,0.6653,-0.6733,-0.3226,3.40,1.000,0.961,0.861,0.557
S,-0.7829,0.1425,0.6057,3.43,0.969,0.979,0.989,0.487
S,0.0325,0.9994,-0.0097,10.25,0.992,1.000,1.000,0.703
S,-0.9647,-0.0214,0.2623,10.47,0.978,0.988,0.998,0.350
S,0.3612,0.0967,-0.9274,4.10,0.989,0.999,1.000,0.537
S,-0.6206,0.6222,-0.4772,5.50,0.983,0.993,1.000,0.480
S,-0.7600,-0.3593,-0.5416,3.41,0.934,0.964,1.000,0.899
S,-0.3907,-0.2077,-0.8968,8.01,0.814,0.884,0.994,0.997
S,-0.7464,0.1111,0.6562,5.80,0.975,0.985,0.995,0.397
S,-0.1294,0.4348,-0.8912,7.36,0.991,1.000,1.000,0.468
S,0.6538,0.1612,-0.7393,3.41,0.987,0.997,1.000,0.825
S,-0.5205,-0.3510,0.7784,3.40,0.824,0.894,1.000,0.347
S,-0.6194,-0.5586,-0.5517,6.90,0.983,0.993,1.000,0.937
S,0.3630,0.6263,-0.6899,5.48,1.000,0.960,0.860,0.467
S,-0.6173,0.6758,-0.4029,15.87,0.977,0.987,0.997,0.359
S,0.6908,-0.5279,0.4940,9.02,0.812,0.882,0.992,0.974
S,0.3863,0.6454,-0.6589,3.40,0.988,0.948,0.848,0.348
S,-0.1944,-0.8262,0.5288,3.70,1.000,0.966,0.866,0.865
S,-0.8531,-0.1305,0.5051,3.56,0.968,0.978,0.988,0.728
S,-0.2472,-0.9687,0.0205,9.68,0.972,0.982,0.992,0.846
S,0.5857,0.8094,0.0435,9.94,0.986,0.996,1.000,0.747
S,-0.2191,-0.9628,-0.1578,3.41,0.989,0.829,0.669,0.364
S,0.9041,0.4215,0.0709,3.40,0.968,0.978,0.988,0.344
S,0.2392,-0.0495,-0.9697,3.40,0.810,0.880,0.990,0.398
S,0.5985,-0.7530,0.2734,6.30,0.981,0.991,1.000,0.356
S,-0.3421,0.5131,-0.7872,4.35,0.998,0.958,0.858,0.353
S,-0.3288,-0.7467,-0.5782,11.59,0.992,1.000,1.000,0.424
S,-0.7680,0.5975,0.2306,3.72,0.972,0.982,0.992,0.743
S,-0.2172,0.3144,0.9241,4.47,0.978,0.988,0.998,0.349
S,-0.1903,0.2178,-0.9573,3.40,0.989,0.949,0.849,0.666
S,-0.0376,0.2509,-0.9673,3.40,1.000,0.960,0.860,0.355
S,0.8708,0.2664,-0.4132,3.95,0.974,0.984,0.994,0.363
S,0.2068,0.7007,-0.6828,3.40,0.813,0.883,0.993,0.694
S,-0.1001,-0.5852,-0.8047,7.21,0.974,0.984,0.994,0.910
S,0.7341,0.0111,0.6789,5.49,0.990,1.000,1.000,0.351
S,-0.9431,0.2112,0.2566,3.48,0.987,0.997,1.000,0.580
S,-0.0062,-0.7520,0.6591,13.75,0.971,0.981,0.991,0.890
S,0.8561,-0.4795,-0.1925,16.29,0.995,0.955,0.855,0.349
S,-0.3348,-0.3475,-0.8759,3.40,0.985,0.995,1.000,0.342
S,-0.0285,-0.9338,0.3568,3.81,0.976,0.986,0.996,0.593
S,0.3736,-0.2652,0.8889,3.72,0.974,0.984,0.994,0.409
S,0.7971,0.0821,0.5983,9.39,0.986,0.996,1.000,0.346
S,0.7043,0.1295,0.6980,6.09,0.924,0.954,0.994,0.826
S,-0.4827,0.2604,0.8362,3.53,0.987,0.997,1.000,0.410
S,-0.8940,0.0992,-0.4370,3.66,0.974,0.984,0.994,0.965
S,-0.8984,-0.1313,-0.4191,3.84,0.981,0.991,1.000,0.537
S,-0.2684,-0.3585,-0.8941,15.08,1.000,0.841,0.681,0.608
S,-0.8433,-0.1996,-0.4990,3.41,0.975,0.985,0.995,0.589
S,0.9529,0.2820,-0.1117,4.60,0.974,0.984,0.994,0.341
S,0.4347,-0.6913,0.5771,3.43,0.984,0.994,1.000,0.393
S,0.3577,0.7182,-0.5968,8.35,0.969,0.979,0.989,0.370
S,-0.2455,0.8537,-0.4592,7.41,1.000,0.968,0.868,0.816
S,0.8556,-0.2286,-0.4645,3.41,0.974,0.984,0.994,0.685
S,-0.7518,-0.1875,-0.6321,3.70,0.979,0.989,0.999,0.762
S,-0.2022,0.9391,-0.2777,12.86,0.939,0.969,1.000,0.877
S,0.8390,0.5185,-0.1650,5.40,0.831,0.901,1.000,0.384
S,0.0565,0.9920,0.1129,4.37,0.985,0.995,1.000,0.602
S,0.6628,-0.7252,0.1865,9.89,0.973,0.983,0.993,0.718
S,-0.9230,0.3002,0.2407,3.40,0.974,0.984,0.994,0.345
S,-0.7462,0.3356,-0.5750,10.00,0.989,0.999,1.000,0.597
S,-0.0676,0.2484,0.9663,3.40,0.976,0.986,0.996,0.916
S,0.3919,-0.5858,-0.7094,4.62,0.831,0.901,1.000,0.514
S,-0.9564,0.0968,-0.2755,9.11,0.812,0.882,0.992,0.801
S,0.5259,-0.5270,0.6675,5.50,1.000,0.969,0.869,0.839
S,0.2622,-0.9522,0.1567,4.89,0.810,0.880,0.990,0.641
S,-0.7433,0.6274,-0.2321,3.40,0.996,0.836,0.676,0.769
S,0.0818,-0.1891,0.9785,5.73,0.977,0.987,0.997,0.348
S,-0.9633,-0.1147,-0.2427,3.84,0.984,0.994,1.000,0.396
S,-0.3367,-0.9300,0.1472,3.58,0.984,0.994,1.000,0.480
S,0.4116,0.5087,0.7562,10.78,0.981,0.991,1.000,0.778
S,0.0102,-0.7612,0.6485,3.98,0.983,0.993,1.000,0.427
S,0.2307,-0.9384,-0.2571,3.84,0.981,0.991,1.000,0.433
S,0.7512,0.2878,0.5940,3.57,0.977,0.987,0.997,0.880
S,0.1886,-0.8445,0.5013,3.40,0.990,1.000,1.000,0.695
S,-0.4782,0.6205,-0.6215,6.70,0.935,0.965,1.000,0.366
S,-0.9092,-0.0365,-0.4148,5.11,0.992,1.000,1.000,0.382
S,0.6292,-0.6513,-0.4242,8.10,0.995,0.955,0.855,0.663
S,-0.6714,0.7350,-0.0951,3.43,0.980,0.990,1.000,0.904
S,0.3100,0.9507,-0.0070,3.90,0.929,0.959,0.999,0.340
S,-0.8771,0.2252,-0.4242,8.82,0.811,0.881,0.991,0.760
S,-0.1450,-0.6561,-0.7407,6.39,0.979,0.989,0.999,0.660
S,-0.5252,0.1238,0.8419,3.40,1.000,0.966,0.866,0.710
S,0.9357,-0.0626,0.3471,4.36,0.824,0.894,1.000,0.976
S,0.7731,-0.1830,-0.6074,16.00,0.992,1.000,1.000,0.344
S,0.9780,0.1815,0.1030,9.49,0.992,0.952,0.852,0.684
S,-0.4124,0.0063,0.9110,20.95,0.986,0.996,1.000,0.390
S,0.3841,-0.0098,-0.9232,3.40,0.935,0.965,1.000,0.672
S,-0.4953,0.1670,0.8525,5.39,0.815,0.885,0.995,0.632
S,-0.4987,-0.8597,-0.1107,3.70,0.988,0.948,0.848,0.638
S,-0.7023,0.7109,0.0371,3.41,0.990,1.000,1.000,0.351
S,-0.1400,-0.9612,0.2377,3.40,1.000,0.846,0.686,0.832
S,0.3188,0.4708,-0.8226,3.46,0.831,0.901,1.000,0.363
S,0.0781,0.1441,-0.9865,7.47,0.982,0.992,1.000,0.850
S,0.4263,0.7270,-0.5383,15.69,0.981,0.991,1.000,0.390
S,-0.1655,0.9861,0.0119,3.41,0.988,0.948,0.848,0.919
S,0.3685,-0.9226,0.1140,3.40,0.993,0.953,0.853,0.698
S,0.9490,0.2645,-0.1716,9.64,1.000,0.964,0.864,0.838
S,0.1644,-0.5156,0.8409,3.44,0.995,0.955,0.855,0.605
S,0.5729,0.6950,0.4344,3.47,0.812,0.882,0.992,0.766
S,0.2691,-0.6947,-0.6671,3.40,0.972,0.982,0.992,0.448
S,0.5917,0.3534,-0.7245,9.41,0.969,0.979,0.989,0.463
S,0.6737,-0.7091,0.2079,4.20,0.939,0.969,1.000,0.425
S,-0.1262,0.5035,0.8547,4.54,0.994,0.954,0.854,0.628
S,0.9859,-0.1397,-0.0918,12.72,0.990,0.950,0.850,0.469
S,-0.5800,-0.2079,0.7877,3.42,1.000,0.967,0.867,0.508
S,0.5027,-0.3460,0.7922,3.40,1.000,0.960,0.860,0.677
S,0.0974,0.7832,-0.6142,14.78,0.997,0.957,0.857,0.455
S,-0.2311,0.6553,0.7192,10.18,0.984,0.994,1.000,0.661
S,0.4145,0.6084,0.6768,4.81,1.000,0.971,0.871,0.724
S,-0.8835,-0.4216,-0.2042,15.53,0.929,0.959,0.999,0.627
S,-0.9308,0.0294,-0.3644,11.74,0.987,0.997,1.000,0.449
S,-0.3529,0.6378,0.6846,7.96,1.000,0.961,0.861,0.350
S,-0.6150,0.7780,0.1282,3.51,0.975,0.985,0.995,0.638
S,0.1904,0.5484,-0.8142,3.52,1.000,0.969,0.869,0.377
S,-0.7481,0.4289,0.5064,3.41,0.990,1.000,1.000,0.355
S,-0.6382,-0.1712,0.7506,3.57,1.000,0.964,0.864,0.421
S,0.0183,0.1416,0.9898,3.40,1.000,0.965,0.865,0.533
S,0.2005,-0.1048,0.9741,3.95,1.000,0.970,0.870,0.985
S,0.8942,-0.4435,-0.0613,3.47,0.968,0.978,0.988,0.351
S,-0.2038,-0.2668,-0.9419,3.42,0.970,0.980,0.990,0.382
S,0.4715,0.5268,-0.7072,11.78,0.980,0.990,1.000,0.539
S,0.8299,0.1038,-0.5482,7.04,0.975,0.985,0.995,0.739
S,-0.9854,0.1279,-0.1128,4.27,0.985,0.995,1.000,0.478
S,0.1677,0.4841,-0.8588,13.98,0.980,0.990,1.000,0.614
S,-0.5359,-0.2956,0.7909,16.12,0.981,0.991,1.000,0.461
S,-0.7859,0.0916,0.6115,3.62,1.000,0.842,0.682,0.448
S,-0.0975,0.0954,0.9907,11.08,0.984,0.994,1.000,0.687
S,-0.7003,0.6984,0.1478,3.40,0.931,0.961,1.000,0.449
S,0.1033,-0.2051,-0.9733,13.84,0.975,0.985,0.995,0.597
S,-0.9602,-0.0089,-0.2793,3.40,0.973,0.983,0.993,0.820
S,0.1950,0.4832,0.8535,3.44,1.000,0.968,0.868,0.523
S,0.2160,-0.9757,0.0380,6.61,0.973,0.983,0.993,0.347
S,-0.3713,0.8185,-0.4384,7.78,0.981,0.991,1.000,0.441
S,0.9837,0.1770,-0.0307,4.43,0.980,0.990,1.000,0.404
S,0.1597,-0.2859,0.9449,10.95,0.988,0.948,0.848,0.887
S,-0.2438,0.4999,0.8311,6.31,1.000,0.970,0.870,0.444
S,0.4156,0.7554,0.5066,6.16,1.000,0.971,0.871,0.380
S,0.3487,0.6459,0.6792,3.80,0.988,0.998,1.000,0.487
S,0.1166,-0.1368,-0.9837,3.90,1.000,0.960,0.860,0.962
S,-0.2764,-0.9409,0.1955,7.64,0.973,0.983,0.993,0.702
S,0.0714,-0.9491,-0.3069,5.95,0.920,0.950,0.990,0.482
S,-0.5014,-0.7599,-0.4137,5.07,0.977,0.987,0.997,0.569
S,0.8693,-0.0735,-0.4888,4.80,0.977,0.987,0.997,0.820
S,0.6217,-0.5497,-0.5580,9.71,0.983,0.993,1.000,0.641
S,0.8879,-0.0456,-0.4578,3.40,0.972,0.982,0.992,0.389
S,-0.0120,-0.5452,0.8382,11.48,0.988,0.948,0.848,0.954
S,-0.0274,-0.9976,0.0641,3.74,0.976,0.986,0.996,0.839
S,0.5262,-0.6006,-0.6020,8.00,0.992,1.000,1.000,0.721
S,0.3166,-0.9470,-0.0543,3.46,0.981,0.991,1.000,0.756
S,0.5274,-0.5499,-0.6477,3.43,0.977,0.987,0.997,0.662
S,0.5132,-0.8565,-0.0554,3.47,0.989,0.999,1.000,0.609
S,0.3895,-0.8796,-0.2733,7.43,0.972,0.982,0.992,0.467
S,0.1015,0.9946,-0.0210,3.40,0.988,0.998,1.000,0.542
S,0.3306,-0.9437,-0.0111,10.83,0.822,0.892,1.000,0.712
S,0.9488,0.0008,0.3157,3.41,0.968,0.978,0.988,0.341
S,-0.3906,0.1746,0.9038,3.90,0.993,0.953,0.853,0.997
S,-0.6078,-0.0887,0.7891,3.80,1.000,0.971,0.871,0.759
S,-0.7988,0.6015,-0.0116,3.42,0.970,0.980,0.990,0.358
S,-0.7985,-0.1823,-0.5738,3.64,0.984,0.994,1.000,0.473
S,0.0860,0.0932,0.9919,11.84,0.924,0.954,0.994,0.386
S,0.4332,0.8856,0.1676,3.40,0.999,0.959,0.859,0.763
S,0.5523,0.5499,-0.6265,3.40,0.987,0.997,1.000,0.866
S,-0.3618,0.9303,-0.0605,3.41,0.975,0.985,0.995,0.521
S,-0.8616,-0.5012,-0.0800,10.98,0.818,0.888,0.998,0.609
S,-0.6110,0.3902,0.6888,3.42,0.990,0.950,0.850,0.888
S,0.3350,0.8943,-0.2967,3.40,0.819,0.889,0.999,0.978
S,0.3324,0.4088,0.8499,17.05,0.986,0.996,1.000,0.345
S,0.7207,-0.6816,0.1268,4.02,0.940,0.970,1.000,0.376
S,-0.0832,0.9941,0.0691,16.84,0.988,0.998,1.000,0.574
S,-0.1747,0.0856,0.9809,8.57,0.982,0.992,1.000,0.419
S,0.5320,0.0401,0.8458,6.89,0.977,0.987,0.997,0.807
S,-0.9929,0.1126,0.0389,3.40,0.939,0.969,1.000,0.673
S,-0.2454,0.6844,-0.6866,3.41,1.000,0.963,0.863,0.484
S,-0.7533,0.2555,0.6061,3.84,0.928,0.958,0.998,0.363
S,0.4106,0.8398,-0.3552,3.69,0.976,0.986,0.996,0.901
S,0.9936,-0.0325,0.1081,5.59,0.979,0.989,0.999,0.725
S,0.2872,-0.5692,0.7704,3.40,0.979,0.989,0.999,0.623
S,-0.6552,0.6627,0.3626,5.18,1.000,0.962,0.862,0.602
S,-0.0139,-0.4039,0.9147,4.07,0.979,0.989,0.999,0.905
S,0.4077,-0.6070,0.6821,3.40,0.979,0.989,0.999,0.481
S,-0.7600,0.0638,-0.6467,3.86,0.927,0.957,0.997,0.344
S,0.4913,-0.3411,0.8014,7.03,0.991,0.951,0.851,0.460
S,0.0963,0.8850,0.4555,5.54,1.000,0.968,0.868,0.472
S,-0.5564,-0.1164,-0.8227,6.62,0.989,0.949,0.849,0.890
S,0.4728,0.1580,0.8669,3.84,0.992,0.952,0.852,0.383
S,-0.6364,0.4118,0.6523,4.72,0.970,0.980,0.990,0.350
S,0.2583,0.0872,0.9621,13.25,0.971,0.981,0.991,0.340
S,0.7151,0.2275,0.6610,3.40,0.927,0.957,0.997,0.891
S,0.3844,0.5954,0.7055,3.40,0.998,0.838,0.678,0.493
S,-0.8158,0.0991,0.5698,3.40,0.995,0.835,0.675,0.434
S,0.5139,-0.8053,-0.2956,3.48,0.971,0.981,0.991,0.352
S,0.2755,-0.8437,-0.4606,3.57,0.920,0.950,0.990,0.467
S,0.0140,0.9202,0.3911,3.43,0.973,0.983,0.993,0.892
S,-0.9571,0.2169,0.1919,3.86,0.978,0.988,0.998,0.418
S,0.3884,-0.8283,0.4038,3.71,0.992,0.952,0.852,0.656
S,-0.8393,0.5436,0.0043,3.52,0.987,0.997,1.000,0.359
S,-0.0150,-0.1779,0.9839,5.37,0.991,1.000,1.000,0.991
S,0.2452,-0.9512,0.1875,13.40,1.000,0.960,0.860,0.840
S,-0.7593,0.6482,-0.0569,4.95,1.000,0.964,0.864,0.409
S,-0.6445,-0.7306,-0.2254,3.80,0.978,0.988,0.998,0.671
S,0.5558,0.0646,0.8288,3.40,0.942,0.972,1.000,0.538
S,0.1879,0.1529,-0.9702,3.41,0.991,1.000,1.000,0.379
S,-0.5274,-0.5446,-0.6521,5.35,0.975,0.985,0.995,0.525
S,-0.6740,0.7382,0.0263,3.42,0.991,1.000,1.000,0.359
S,-0.8550,-0.3565,0.3767,3.58,0.980,0.990,1.000,0.350
S,0.6479,-0.5880,0.4843,7.92,0.972,0.982,0.992,0.954
S,-0.7725,-0.4950,-0.3978,3.63,0.980,0.990,1.000,0.375
S,0.6970,-0.2900,0.6559,3.40,0.969,0.979,0.989,0.957
S,-0.9730,-0.1062,0.2050,10.58,0.981,0.991,1.000,0.387
S,-0.0618,-0.7655,-0.6405,3.96,0.983,0.993,1.000,0.348
S,-0.5836,-0.8075,0.0862,3.41,0.982,0.992,1.000,0.386
S,-0.3171,-0.2158,-0.9235,3.40,0.977,0.987,0.997,0.953
S,0.2221,-0.2441,0.9440,3.79,0.918,0.948,0.988,0.673
S,-0.4189,0.8641,0.2790,12.71,0.990,1.000,1.000,0.481
S,0.1785,-0.6706,-0.7200,4.00,0.828,0.898,1.000,0.668
S,0.6325,-0.6449,0.4291,3.67,0.992,1.000,1.000,0.427
S,-0.6387,0.4183,0.6458,9.96,0.982,0.992,1.000,0.918
S,-0.1043,0.7109,0.6955,3.40,0.983,0.993,1.000,0.401
S,0.9029,-0.2050,0.3779,6.59,0.987,0.997,1.000,0.616
S,-0.7263,-0.6661,-0.1697,3.40,1.000,0.970,0.870,0.747
S,0.1070,-0.4295,-0.8967,4.32,0.978,0.988,0.998,0.798
S,0.5755,0.5877,-0.5687,4.32,0.989,0.999,1.000,0.419
S,-0.3328,0.9430,-0.0012,3.62,0.974,0.984,0.994,0.791
S,-0.9634,0.1108,-0.2441,3.40,0.971,0.981,0.991,0.356
S,-0.1477,0.6571,-0.7392,9.37,0.968,0.978,0.988,0.780
S,0.8047,-0.5097,-0.3045,17.34,0.980,0.990,1.000,0.457
S,0.9000,-0.0418,-0.4338,3.40,0.817,0.887,0.997,0.367
S,-0.4935,0.8150,0.3036,4.81,0.970,0.980,0.990,0.542
S,0.8504,0.0836,0.5194,5.82,0.937,0.967,1.000,0.345
S,0.7518,0.2267,0.6193,6.98,0.827,0.897,1.000,0.647
S,-0.7601,0.3916,0.5186,5.77,0.991,1.000,1.000,0.504
S,0.7334,0.5675,0.3742,4.02,0.990,0.950,0.850,0.545
S,0.9455,0.2741,-0.1756,3.40,0.986,0.996,1.000,0.810
S,-0.6899,0.6483,0.3221,6.36,1.000,0.971,0.871,0.846
S,-0.8165,-0.1669,0.5527,12.27,0.975,0.985,0.995,0.567
S,-0.7092,-0.2214,-0.6693,3.45,0.919,0.949,0.989,0.680
S,-0.8926,0.4164,0.1728,3.44,0.998,0.838,0.678,0.433
S,0.3222,-0.7590,-0.5658,3.40,0.975,0.985,0.995,0.931
S,-0.9127,0.3970,0.0972,8.89,0.998,0.958,0.858,0.683
S,0.0541,0.3078,-0.9499,8.46,0.992,1.000,1.000,0.447
S,0.6424,-0.7228,-0.2548,3.40,0.970,0.980,0.990,0.943
S,-0.6172,-0.6872,0.3831,3.44,0.989,0.999,1.000,0.979
S,0.2936,0.5559,0.7777,6.66,0.826,0.896,1.000,0.953
S,0.6341,0.6524,-0.4151,13.29,0.998,0.958,0.858,0.411
S,-0.4447,-0.4449,-0.7774,14.66,0.987,0.997,1.000,0.482
S,0.3519,0.2136,0.9113,3.40,0.823,0.893,1.000,0.589
S,0.2639,-0.3830,0.8853,3.43,0.968,0.978,0.988,0.465
S,-0.0882,-0.7005,-0.7082,6.59,1.000,0.966,0.866,0.362
S,-0.4374,0.8413,-0.3175,16.61,0.996,0.956,0.856,0.695
S,0.0805,-0.9778,0.1936,13.99,0.975,0.985,0.995,0.344
S,-0.1457,-0.1568,0.9768,3.42,0.983,0.993,1.000,0.509
S,-0.5651,0.7622,-0.3157,3.45,1.000,0.970,0.870,0.379
S,0.2901,0.9564,-0.0339,4.34,0.932,0.962,1.000,0.528
S,0.8312,0.4692,-0.2983,4.90,0.992,1.000,1.000,0.584
S,-0.0878,-0.3775,-0.9218,13.74,0.918,0.948,0.988,0.783
S,-0.5021,0.4485,-0.7394,3.43,0.997,0.957,0.857,0.634
S,0.1693,0.0221,0.9853,3.42,0.976,0.986,0.996,0.427
S,-0.2258,0.3126,0.9227,3.40,0.997,0.957,0.857,0.460
S,0.4860,0.7681,0.4169,3.51,0.991,0.951,0.851,0.788
S,-0.8063,-0.0590,-0.5886,17.00,0.979,0.989,0.999,0.684
S,0.4555,-0.3056,0.8362,6.75,0.979,0.989,0.999,0.469
S,0.4036,-0.5505,0.7307,4.82,0.924,0.954,0.994,0.448
S,-0.8297,-0.0283,0.5575,3.40,0.823,0.893,1.000,0.456
S,-0.4023,0.6722,0.6215,8.62,0.823,0.893,1.000,0.636
S,-0.9580,0.0557,0.2812,13.34,0.997,0.957,0.857,0.652
S,-0.7176,-0.5895,-0.3710,9.86,1.000,0.972,0.872,0.378
S,-0.6109,0.4797,0.6298,15.43,0.973,0.983,0.993,0.616
S,0.5761,-0.3621,-0.7328,12.55,0.930,0.960,1.000,0.606
S,-0.1641,0.2339,0.9583,3.52,1.000,0.970,0.870,0.522
S,0.9280,-0.1780,-0.3272,12.25,0.970,0.980,0.990,0.601
S,-0.4507,-0.3633,-0.8154,15.06,0.979,0.989,0.999,0.649
S,0.6209,-0.7837,-0.0162,9.88,0.982,0.992,1.000,0.507
S,0.8661,-0.4982,0.0410,10.66,0.984,0.994,1.000,0.685
S,0.1304,-0.4413,0.8878,6.60,0.983,0.993,1.000,0.515
S,-0.8233,-0.0324,-0.5667,3.47,1.000,0.971,0.871,0.393
S,0.0637,-0.6589,0.7495,3.67,0.937,0.967,1.000,0.776
S,-0.7755,0.6212,-0.1129,3.40,1.000,0.961,0.861,0.364
S,-0.2362,0.8943,0.3800,3.40,0.988,0.998,1.000,0.590
S,-0.1058,0.3991,-0.9108,3.43,1.000,0.961,0.861,0.576
S,-0.4918,0.0216,-0.8704,8.56,0.984,0.994,1.000,0.737
S,0.2905,-0.7210,0.6291,3.40,0.994,0.954,0.854,0.709
S,0.2486,-0.9349,-0.2532,5.17,0.988,0.998,1.000,0.702
S,-0.1996,0.9798,-0.0128,11.10,0.823,0.893,1.000,0.473
S,-0.4703,0.0574,-0.8806,8.44,0.828,0.898,1.000,0.858
S,-0.7828,0.2574,-0.5665,3.67,0.988,0.948,0.848,0.927
S,0.9716,-0.0968,-0.2161,3.66,0.989,0.949,0.849,0.535
S,0.4450,-0.2847,0.8491,14.14,0.999,0.959,0.859,0.808
S,-0.3624,0.7717,-0.5226,7.72,1.000,0.842,0.682,0.420
S,0.3118,-0.3780,0.8717,4.64,0.990,1.000,1.000,0.342
S,-0.5693,0.3356,0.7506,3.81,0.988,0.948,0.848,0.354
S,-0.2430,-0.9692,0.0392,9.27,0.826,0.896,1.000,0.678
S,-0.0736,-0.9935,-0.0867,3.63,0.822,0.892,1.000,0.353
S,0.9823,0.1681,-0.0827,9.88,0.982,0.992,1.000,0.718
S,0.0446,-0.7742,-0.6313,3.42,0.990,0.950,0.850,0.708
S,-0.5427,0.6526,0.5288,10.87,0.823,0.893,1.000,0.983
S,0.5872,0.8082,0.0443,3.49,0.991,0.951,0.851,0.385
S,0.5207,0.8495,0.0844,6.75,1.000,0.965,0.865,0.407
S,0.5624,0.2936,-0.7730,3.42,0.974,0.984,0.994,0.809
S,0.1945,0.9133,-0.3579,4.13,0.926,0.956,0.996,0.369
S,0.2486,-0.3454,-0.9049,3.40,0.812,0.882,0.992,0.356
S,0.8327,-0.0363,-0.5525,5.20,0.922,0.952,0.992,0.393
S,-0.0750,-0.8390,-0.5390,3.41,1.000,0.960,0.860,0.623
S,0.7409,0.6114,0.2779,6.00,0.993,0.953,0.853,0.343
S,0.9403,-0.0197,0.3398,3.42,1.000,0.965,0.865,0.771
S,0.0344,0.7743,0.6319,4.38,0.931,0.961,1.000,0.596
S,-0.5296,-0.3107,-0.7893,14.50,0.919,0.949,0.989,0.527
S,-0.8316,-0.5539,-0.0408,3.40,0.919,0.949,0.989,0.340
S,-0.7167,-0.3758,0.5874,8.49,0.976,0.986,0.996,0.729
S,-0.7142,0.2273,-0.6620,6.32,0.997,0.957,0.857,0.847
S,-0.4302,0.5255,0.7340,3.92,0.989,0.949,0.849,0.879
S,-0.5892,0.2488,0.7687,3.99,1.000,0.966,0.866,0.970
S,0.2802,-0.8233,0.4937,3.40,1.000,0.969,0.869,0.619
S,0.6785,0.6323,0.3739,3.51,0.989,0.949,0.849,0.475
S,-0.5871,0.5834,0.5612,9.41,0.987,0.997,1.000,0.421
S,-0.5204,-0.1879,0.8330,16.72,0.974,0.984,0.994,0.741
S,-0.8924,-0.3767,0.2483,3.40,0.980,0.990,1.000,0.526
S,-0.1652,0.0475,-0.9851,9.42,0.999,0.959,0.859,0.372
S,0.1057,-0.7266,-0.6789,3.63,1.000,0.970,0.870,0.522
S,0.8980,0.4058,-0.1702,3.43,1.000,0.965,0.865,0.358
S,-0.3989,-0.5995,0.6939,12.82,0.980,0.990,1.000,0.497
S,0.7960,-0.5218,-0.3068,5.88,1.000,0.962,0.862,0.341
S,-0.6585,-0.4270,0.6197,3.40,0.989,0.949,0.849,0.715
S,0.7727,-0.4125,0.4824,5.60,0.975,0.985,0.995,0.626
S,-0.8584,-0.2241,0.4613,3.55,0.941,0.971,1.000,0.546
S,-0.2439,-0.2023,0.9485,12.32,1.000,0.961,0.861,0.742
S,0.0048,0.9775,0.2111,3.50,1.000,0.960,0.860,0.457
S,0.8429,0.1518,0.5162,5.30,0.824,0.894,1.000,0.905
S,-0.4838,0.4055,-0.7755,3.45,1.000,0.965,0.865,0.414
S,0.0375,0.9341,0.3550,3.40,1.000,0.970,0.870,0.435
S,0.0876,0.5613,-0.8230,10.09,0.938,0.968,1.000,0.636
S,0.5780,0.7267,0.3713,3.50,0.979,0.989,0.999,0.478
S,-0.0921,0.9411,-0.3254,3.41,0.982,0.992,1.000,0.367
S,0.5520,0.6041,0.5748,3.54,1.000,0.971,0.871,0.403
S,-0.0285,0.6469,-0.7621,3.40,1.000,0.960,0.860,0.340
S,-0.2670,0.5358,0.8010,5.35,0.994,0.954,0.854,0.690
S,0.7752,0.2064,-0.5971,8.90,0.984,0.994,1.000,0.635
S,0.5029,0.6876,-0.5236,3.40,0.971,0.981,0.991,0.353
S,-0.9556,-0.2128,-0.2039,3.44,0.980,0.990,1.000,0.609
S,0.2809,-0.6827,0.6745,3.55,0.984,0.994,1.000,0.501
S,0.9444,-0.3044,-0.1243,12.57,0.988,0.998,1.000,0.586
S,0.7009,-0.6014,-0.3835,3.85,0.970,0.980,0.990,0.602
S,0.1491,0.9554,0.2548,4.55,0.973,0.983,0.993,0.394
S,0.1227,0.9786,-0.1649,4.27,0.968,0.978,0.988,0.665
S,-0.0584,-0.9868,0.1513,13.66,0.816,0.886,0.996,0.397
S,-0.4249,0.2144,-0.8795,6.81,1.000,0.849,0.689,0.364
S,-0.5660,0.7345,-0.3745,3.55,0.990,1.000,1.000,0.902
S,-0.9634,-0.0419,-0.2646,11.09,1.000,0.970,0.870,0.381
S,0.9259,0.1260,-0.3562,5.54,0.978,0.988,0.998,0.491
S,-0.3418,-0.8075,0.4806,3.68,0.979,0.989,0.999,0.386
S,0.4475,-0.5092,-0.7351,9.49,1.000,0.968,0.868,0.652
S,0.5261,0.5130,-0.6783,3.77,0.991,1.000,1.000,0.735
S,-0.7913,-0.5999,0.1183,6.01,0.982,0.992,1.000,0.466
S,-0.8262,0.3825,0.4137,9.39,1.000,0.962,0.862,0.609
S,-0.4184,0.1406,-0.8973,3.81,0.990,1.000,1.000,0.713
S,0.6834,0.6671,-0.2966,3.58,0.810,0.880,0.990,0.731
S,0.9778,0.1640,-0.1302,12.11,0.975,0.985,0.995,0.820
S,-0.1233,-0.9901,-0.0672,8.16,0.984,0.994,1.000,0.344
S,-0.0377,0.5202,0.8532,3.45,0.999,0.959,0.859,0.431
S,-0.1101,-0.3107,0.9441,6.50,1.000,0.971,0.871,0.831
S,-0.6065,-0.1351,0.7835,9.03,0.982,0.992,1.000,0.426
S,0.0613,-0.5135,0.8559,4.50,0.978,0.988,0.998,0.585
S,0.9922,-0.0106,0.1238,3.53,0.983,0.993,1.000,0.608
S,-0.4147,-0.1514,-0.8973,3.40,0.829,0.899,1.000,0.429
S,-0.1828,0.4877,0.8536,6.55,0.986,0.996,1.000,0.709
S,0.3739,0.2648,0.8889,3.40,0.988,0.948,0.848,0.363
S,-0.2592,0.9476,-0.1869,4.05,1.000,0.970,0.870,0.354
S,-0.3041,-0.7963,-0.5228,3.61,0.989,0.949,0.849,0.470
S,0.6865,0.4016,0.6062,15.23,0.991,1.000,1.000,0.572
S,-0.2067,0.2583,0.9437,3.40,0.973,0.983,0.993,0.896
S,0.5712,-0.2704,0.7750,3.53,0.972,0.982,0.992,0.466
S,0.2960,0.3157,-0.9015,9.00,0.988,0.948,0.848,0.553
S,-0.5447,0.0671,-0.8359,3.44,0.979,0.989,0.999,0.376
S,-0.6640,-0.5586,-0.4971,8.48,0.996,0.956,0.856,0.969
S,-0.4760,-0.1340,0.8692,3.41,0.977,0.987,0.997,0.353
S,0.2069,-0.7888,-0.5788,3.40,0.968,0.978,0.988,0.458
S,-0.0802,-0.5419,-0.8366,3.50,0.992,1.000,1.000,0.389
S,-0.7908,0.5414,0.2856,3.50,0.939,0.969,1.000,0.457
S,-0.7349,0.0748,0.6740,3.41,1.000,0.971,0.871,0.707
S,0.5495,0.8092,0.2078,16.29,1.000,0.968,0.868,0.418
S,0.5617,-0.0376,-0.8265,3.40,0.992,0.952,0.852,0.384
S,0.1762,-0.7257,0.6650,5.85,0.978,0.988,0.998,0.436
S,-0.1469,0.7803,0.6079,10.30,0.980,0.990,1.000,0.434
S,0.4155,0.2669,-0.8696,3.45,1.000,0.965,0.865,0.536
S,0.5366,-0.1198,-0.8353,7.05,0.990,1.000,1.000,0.349
S,-0.9996,-0.0179,0.0231,3.51,0.980,0.990,1.000,0.853
S,0.0226,0.5544,-0.8320,3.46,0.997,0.957,0.857,0.340
S,0.7384,0.2353,-0.6320,3.41,0.996,0.836,0.676,0.612
S,-0.6615,0.7070,-0.2501,8.19,0.992,0.952,0.852,0.843
S,-0.0008,0.8480,-0.5300,3.45,0.814,0.884,0.994,0.365
S,0.1057,-0.7595,0.6419,6.61,1.000,0.971,0.871,0.886
S,0.7063,0.6842,-0.1820,5.16,1.000,0.965,0.865,0.957
S,0.1201,0.9826,-0.1416,3.40,0.821,0.891,1.000,0.359
S,-0.2923,-0.5015,0.8143,3.66,0.830,0.900,1.000,0.551
S,0.2432,0.9652,-0.0965,6.57,0.932,0.962,1.000,0.382
S,0.2833,0.2532,0.9250,3.40,0.968,0.978,0.988,0.348
S,-0.0291,0.3932,0.9190,7.64,1.000,0.966,0.866,0.374
S,0.9241,0.0323,0.3808,10.31,0.990,0.950,0.850,0.356
S,-0.3406,-0.7174,0.6078,3.62,1.000,0.961,0.861,0.782
S,-0.3234,-0.8231,0.4669,6.17,0.823,0.893,1.000,0.347
S,0.7702,0.6193,0.1528,6.46,0.988,0.998,1.000,0.358
S,-0.9893,-0.0089,0.1458,3.91,0.832,0.902,1.000,0.340
S,-0.6405,0.1625,-0.7505,7.15,0.968,0.978,0.988,0.695
S,0.1067,0.9926,-0.0583,3.64,0.932,0.962,1.000,0.564
S,0.8623,0.3724,0.3432,17.03,0.998,0.958,0.858,0.616
S,-0.9516,-0.2939,0.0895,14.39,0.989,0.999,1.000,0.616
S,-0.5327,0.4076,-0.7417,10.46,1.000,0.963,0.863,0.351
S,-0.2193,-0.8969,-0.3840,6.49,0.991,1.000,1.000,0.375
S,-0.8869,-0.4610,0.0314,9.25,1.000,0.965,0.865,0.900
S,-0.8878,-0.4481,0.1051,3.41,0.982,0.992,1.000,0.382
S,0.1723,0.8344,0.5235,10.66,0.976,0.986,0.996,0.752
S,-0.0074,0.0816,0.9966,4.57,1.000,0.966,0.866,0.771
S,0.9671,-0.2532,-0.0231,3.53,0.979,0.989,0.999,0.788
S,-0.0415,0.9701,-0.2392,8.81,0.929,0.959,0.999,0.410
S,-0.2756,-0.5515,0.7873,13.43,0.990,0.830,0.670,0.357
S,-0.6656,-0.3849,-0.6394,6.51,0.978,0.988,0.998,0.530
S,-0.8750,0.4730,-0.1035,3.40,0.814,0.884,0.994,0.761
S,0.6805,-0.4852,0.5491,3.46,0.974,0.984,0.994,0.896
S,0.8717,0.4747,-0.1213,4.13,1.000,0.969,0.869,0.540
S,0.0384,-0.1559,-0.9870,9.23,1.000,0.961,0.861,0.952
S,-0.2712,0.8800,0.3900,3.61,1.000,0.969,0.869,0.817
S,0.2280,-0.7726,0.5926,4.73,0.994,0.954,0.854,0.747
S,0.2706,-0.9441,-0.1880,5.42,0.995,0.835,0.675,0.405
S,-0.5635,-0.6156,-0.5510,3.44,0.812,0.882,0.992,0.809
S,-0.4368,0.8051,0.4013,7.44,0.969,0.979,0.989,0.682
S,-0.9445,0.2824,0.1679,3.84,0.987,0.997,1.000,0.347
S,-0.0084,-0.0117,-0.9999,3.44,0.977,0.987,0.997,0.432
S,-0.6731,-0.5881,0.4485,6.38,0.971,0.981,0.991,0.460
S,0.4683,0.2237,-0.8548,3.88,0.831,0.901,1.000,0.360
S,-0.2739,0.6302,-0.7265,3.50,0.969,0.979,0.989,0.560
S,-0.8882,0.4585,-0.0291,7.78,1.000,0.966,0.866,0.913
S,0.0797,-0.9252,-0.3711,3.42,0.921,0.951,0.991,0.418
S,0.6370,-0.2895,-0.7144,5.65,0.990,1.000,1.000,0.428
S,0.8588,0.4609,-0.2235,3.79,0.997,0.957,0.857,0.444
S,-0.0092,0.9512,0.3084,3.40,0.989,0.949,0.849,0.797
S,-0.0387,-0.4184,-0.9074,3.45,0.987,0.997,1.000,0.631
S,-0.8131,0.5077,0.2847,10.45,0.994,0.954,0.854,0.391
S,0.3713,-0.8025,0.4671,4.17,0.972,0.982,0.992,0.468
S,-0.9947,-0.0994,-0.0244,5.81,0.820,0.890,1.000,0.999
S,-0.6534,0.7552,-0.0530,3.41,0.968,0.978,0.988,0.468
S,0.5737,-0.3602,-0.7356,3.42,0.974,0.984,0.994,0.462
S,-0.9847,-0.1052,-0.1388,3.40,0.978,0.988,0.998,0.924
S,-0.7826,0.0832,0.6170,3.41,0.991,0.951,0.851,0.341
S,-0.1463,0.9673,0.2071,3.47,0.974,0.984,0.994,0.631
S,-0.7101,0.6255,0.3233,3.40,0.989,0.999,1.000,0.599
S,-0.6919,-0.4844,0.5354,3.41,1.000,0.964,0.864,0.460
S,-0.7966,-0.3634,0.4830,3.48,0.990,0.950,0.850,0.415
S,0.6789,-0.6965,0.2324,3.52,0.976,0.986,0.996,0.792
S,0.3172,0.3757,-0.8708,3.40,0.972,0.982,0.992,0.515
S,-0.0869,-0.7296,-0.6784,13.44,0.994,0.954,0.854,0.653
S,-0.4274,0.3008,-0.8526,3.40,0.921,0.951,0.991,0.711
S,-0.0907,-0.9904,0.1045,14.50,0.820,0.890,1.000,0.548
S,-0.1092,0.8184,0.5642,3.48,0.997,0.957,0.857,0.609
S,-0.2119,0.8239,0.5257,10.79,0.982,0.992,1.000,0.815
S,0.4555,-0.7124,-0.5338,11.77,0.990,1.000,1.000,0.462
S,0.5589,0.1157,0.8212,7.03,0.993,0.953,0.853,0.656
S,-0.7605,-0.5238,0.3837,14.68,0.821,0.891,1.000,0.380
S,-0.0519,-0.9875,0.1488,4.13,0.815,0.885,0.995,0.652
S,0.8133,-0.4289,0.3932,3.99,0.925,0.955,0.995,0.513
S,0.9969,-0.0749,-0.0239,13.69,0.976,0.986,0.996,0.409
S,0.1335,-0.8933,0.4291,3.51,0.824,0.894,1.000,0.551
S,-0.8875,-0.2778,0.3676,3.43,0.986,0.996,1.000,0.373
S,0.8006,0.3294,-0.5005,4.54,0.974,0.984,0.994,0.952
S,-0.7388,0.6738,0.0115,9.08,0.969,0.979,0.989,0.383
S,0.7819,0.3640,0.5061,3.40,1.000,0.962,0.862,0.608
S,-0.4958,-0.1220,0.8599,3.70,0.825,0.895,1.000,0.346
S,0.7796,0.6234,0.0604,3.55,0.972,0.982,0.992,0.743
S,0.7601,0.6318,0.1518,17.57,1.000,0.970,0.870,0.979
S,-0.4422,0.8716,-0.2114,10.48,0.989,0.999,1.000,0.412
S,-0.5630,0.1231,0.8172,3.44,0.978,0.988,0.998,0.604
S,-0.2703,0.2893,-0.9183,3.84,1.000,0.850,0.690,0.477
S,0.9881,0.1188,0.0976,3.53,0.988,0.948,0.848,0.435
S,0.2266,0.9569,0.1817,3.55,0.812,0.882,0.992,0.461
S,-0.1035,0.4669,0.8782,3.40,0.823,0.893,1.000,0.767
S,-0.6960,-0.7160,0.0542,4.55,0.968,0.978,0.988,0.403
S,-0.0135,-0.9289,0.3700,10.02,0.975,0.985,0.995,0.611
S,0.7183,-0.6714,-0.1821,3.40,0.978,0.988,0.998,0.376
S,-0.9036,0.1175,0.4119,7.67,0.995,0.955,0.855,0.880
S,0.1149,0.3403,0.9333,3.40,1.000,0.966,0.866,0.411
S,0.8699,0.1867,0.4565,3.60,1.000,0.960,0.860,0.806
S,0.0975,0.9815,-0.1651,9.13,0.984,0.994,1.000,0.408
S,0.2875,0.8502,0.4410,4.52,0.970,0.980,0.990,0.800
S,0.1304,0.0526,0.9901,4.70,0.995,0.955,0.855,0.345
S,0.1420,-0.0340,0.9893,4.39,0.992,0.952,0.852,0.426
S,0.3462,-0.8929,-0.2880,3.51,1.000,0.970,0.870,0.355
S,-0.8362,0.2732,-0.4755,3.40,0.921,0.951,0.991,0.976
S,-0.6052,-0.7573,0.2456,3.40,0.979,0.989,0.999,0.361
S,-0.0707,-0.6370,0.7676,3.41,0.979,0.989,0.999,0.342
S,0.8968,-0.2104,0.3891,4.67,0.968,0.978,0.988,0.572
S,0.3836,-0.9134,0.1364,6.72,0.988,0.998,1.000,0.923
S,0.0332,-0.7996,0.5996,14.21,1.000,0.962,0.862,0.829
S,-0.0506,-0.8467,-0.5297,3.41,0.986,0.996,1.000,0.794
S,0.9880,-0.0661,-0.1397,3.49,0.977,0.987,0.997,0.935
S,0.8733,-0.4860,-0.0352,5.98,1.000,0.963,0.863,0.344
S,-0.4343,-0.1525,0.8877,3.52,0.992,0.952,0.852,0.349
S,-0.1623,-0.7145,-0.6805,16.96,0.994,0.954,0.854,0.983
S,0.8932,0.4313,-0.1271,3.40,0.991,0.951,0.851,0.884
S,0.8131,-0.2056,0.5446,3.41,0.999,0.959,0.859,0.345
S,0.8730,0.4147,0.2568,3.52,0.823,0.893,1.000,0.657
S,0.5824,-0.3739,0.7218,7.24,0.972,0.982,0.992,0.416
S,0.1544,-0.6119,0.7757,4.26,0.828,0.898,1.000,0.511
S,0.2379,0.3526,-0.9050,4.42,0.970,0.980,0.990,0.997
S,0.0367,0.5318,-0.8461,3.46,0.972,0.982,0.992,0.676
S,-0.4689,0.7450,0.4744,7.46,0.973,0.983,0.993,0.958
S,-0.9756,0.2188,-0.0184,3.57,0.972,0.982,0.992,0.871
S,-0.8385,0.5399,-0.0740,3.40,0.998,0.958,0.858,0.747
S,-0.8901,-0.2390,0.3881,3.40,0.996,0.956,0.856,0.351
S,-0.5948,0.6252,-0.5053,3.66,0.983,0.993,1.000,0.685
S,-0.7166,-0.6889,-0.1090,4.06,0.971,0.981,0.991,0.520
S,0.5405,0.6197,0.5691,3.41,0.996,0.956,0.856,0.355
S,-0.0157,-0.2179,0.9758,4.31,0.985,0.995,1.000,0.909
S,-0.6205,0.2440,0.7453,4.46,0.993,0.833,0.673,0.408
S,0.8393,0.5285,-0.1277,3.79,0.972,0.982,0.992,0.501
S,-0.6719,0.2259,-0.7053,3.50,0.989,0.949,0.849,0.655
S,0.2622,-0.4357,0.8611,8.09,1.000,0.972,0.872,0.465
S,0.6180,-0.4953,-0.6106,3.40,0.989,0.949,0.849,0.341
S,0.3849,-0.7649,-0.5165,5.34,0.942,0.972,1.000,0.514
S,0.4935,-0.5284,0.6908,3.53,0.988,0.998,1.000,0.976
S,0.9986,-0.0116,0.0507,3.51,0.996,0.956,0.856,0.593
S,-0.9701,-0.0694,-0.2325,4.19,0.990,0.950,0.850,0.510
S,-0.1487,0.7961,-0.5866,3.40,0.978,0.988,0.998,0.340
S,-0.8218,-0.5450,0.1663,3.42,0.820,0.890,1.000,0.529
S,-0.6756,0.2449,0.6954,3.40,0.824,0.894,1.000,0.775
S,0.7515,0.2416,0.6139,9.98,0.992,0.952,0.852,0.792
S,-0.5372,0.1473,-0.8305,3.40,0.920,0.950,0.990,0.525
S,0.0743,-0.9044,-0.4201,3.42,0.828,0.898,1.000,0.463
S,0.7970,0.2935,-0.5280,3.90,0.988,0.948,0.848,0.979
S,-0.2358,-0.0293,0.9714,3.45,0.998,0.958,0.858,0.712
S,0.6747,0.6220,-0.3972,3.41,0.993,0.953,0.853,0.519
S,-0.9992,0.0062,0.0389,3.40,0.971,0.981,0.991,0.411
S,0.3612,0.3322,-0.8713,10.36,0.974,0.984,0.994,0.654
S,-0.4109,0.7129,0.5682,5.33,1.000,0.965,0.865,0.758
S,0.3817,0.3786,0.8432,3.40,0.832,0.902,1.000,0.453
S,0.3922,0.2371,0.8888,7.86,0.995,0.955,0.855,0.796
S,0.7109,0.0490,0.7016,9.68,0.918,0.948,0.988,0.781
S,0.3982,0.8251,0.4009,3.40,0.991,1.000,1.000,0.588
S,-0.1130,-0.6743,-0.7297,3.57,1.000,0.846,0.686,0.928
S,-0.8102,0.5474,-0.2097,4.04,0.996,0.956,0.856,0.908
S,0.7311,0.6750,0.0988,3.80,0.918,0.948,0.988,0.560
S,-0.6766,0.6455,-0.3543,3.48,1.000,0.960,0.860,0.460
S,0.1021,0.3728,0.9223,5.68,0.817,0.887,0.997,0.354
S,0.9802,0.0431,0.1932,3.41,0.972,0.982,0.992,0.405
S,-0.9754,0.2014,0.0895,4.77,0.815,0.885,0.995,0.842
S,0.5425,0.8388,-0.0460,5.56,0.925,0.955,0.995,0.369
S,0.5162,0.3974,-0.7587,10.45,0.925,0.955,0.995,0.670
S,0.5500,-0.7910,0.2681,3.51,0.976,0.986,0.996,0.929
S,0.7498,-0.6612,-0.0223,3.81,0.830,0.900,1.000,0.762
S,0.5257,-0.3401,-0.7797,3.40,0.987,0.997,1.000,0.595
S,-0.0079,0.3767,-0.9263,4.32,0.991,0.951,0.851,0.962
S,-0.8072,-0.1544,-0.5697,4.44,0.975,0.985,0.995,0.704
S,-0.3345,-0.5303,-0.7790,10.39,0.975,0.985,0.995,0.985
S,-0.3938,0.7175,0.5745,13.52,0.970,0.980,0.990,0.881
S,-0.7229,-0.6694,0.1711,17.38,0.989,0.949,0.849,0.432
S,-0.5167,-0.8547,0.0502,6.84,0.929,0.959,0.999,0.776
S,-0.5419,0.1442,-0.8280,8.00,0.815,0.885,0.995,0.369
S,-0.9356,-0.1408,-0.3236,16.95,0.969,0.979,0.989,0.857
S,0.2296,0.6483,0.7259,13.67,0.992,0.952,0.852,0.820
S,-0.4740,0.3404,-0.8121,3.40,0.929,0.959,0.999,0.429
S,0.1093,-0.9601,-0.2574,4.21,0.832,0.902,1.000,0.379
S,-0.4528,-0.4722,0.7563,3.96,0.993,0.953,0.853,0.775
S,-0.6374,-0.4396,0.6328,11.62,0.972,0.982,0.992,0.659
S,-0.4303,0.5853,0.6873,16.94,0.930,0.960,1.000,0.435
S,0.1457,-0.9423,-0.3015,3.43,0.973,0.983,0.993,0.598
S,-0.1794,-0.9482,0.2620,3.43,0.992,1.000,1.000,0.774
S,-0.0856,0.9890,0.1206,3.78,0.820,0.890,1.000,0.432
S,-0.1695,0.4294,-0.8871,14.10,0.984,0.994,1.000,0.834
S,-0.0771,-0.8813,-0.4662,3.54,0.972,0.982,0.992,0.809
S,0.4130,-0.6792,-0.6067,4.04,0.987,0.997,1.000,0.711
S,0.5806,-0.7355,-0.3492,15.82,1.000,0.963,0.863,0.468
S,-0.5593,0.7551,-0.3422,3.40,1.000,0.960,0.860,0.511
S,-0.8041,0.2074,0.5571,3.40,0.984,0.994,1.000,0.573
S,0.2934,0.8453,0.4466,7.07,0.991,0.951,0.851,0.838
S,0.3778,0.0254,-0.9255,10.82,0.918,0.948,0.988,0.993
S,0.5153,0.4457,-0.7320,3.42,0.981,0.991,1.000,0.636
S,-0.7609,0.1983,0.6178,3.42,1.000,0.970,0.870,0.486
S,0.3841,0.8868,0.2572,5.10,0.970,0.980,0.990,0.487
S,-0.1482,-0.9878,0.0481,3.40,0.811,0.881,0.991,0.408
S,-0.8649,0.0469,-0.4998,11.09,0.989,0.999,1.000,0.656
S,-0.3304,-0.2476,0.9108,3.40,0.996,0.956,0.856,0.979
S,0.8733,-0.1595,-0.4602,4.91,0.999,0.839,0.679,0.873
S,0.8996,-0.3590,-0.2486,3.40,0.981,0.991,1.000,0.468
S,-0.5830,-0.4933,0.6456,3.41,0.996,0.956,0.856,0.585
S,0.9755,-0.2129,-0.0559,14.69,0.820,0.890,1.000,0.455
S,0.6885,-0.1779,0.7031,5.18,0.972,0.982,0.992,0.432
S,-0.4127,0.6537,0.6343,7.25,1.000,0.968,0.868,1.000
S,-0.3238,-0.9326,0.1591,3.46,0.981,0.991,1.000,0.717
S,0.7350,0.1924,0.6501,3.95,0.988,0.998,1.000,0.408
S,-0.2493,0.1425,-0.9579,6.38,1.000,0.964,0.864,0.556
S,-0.1872,0.2851,0.9400,8.22,0.809,0.879,0.989,0.402
S,-0.2041,0.9780,0.0444,3.65,0.977,0.987,0.997,0.725
S,-0.6948,-0.2330,-0.6804,5.25,0.996,0.956,0.856,0.714
S,-0.1390,-0.6257,-0.7676,8.13,0.978,0.988,0.998,0.974
S,-0.2761,0.1586,-0.9479,5.30,0.941,0.971,1.000,0.542
S,-0.7353,0.1227,0.6666,4.10,0.969,0.979,0.989,0.844
S,0.2274,0.3456,0.9104,6.95,1.000,0.964,0.864,0.572
S,0.3722,0.7142,-0.5928,3.61,0.926,0.956,0.996,0.376
S,0.1115,-0.2596,0.9593,7.88,1.000,0.965,0.865,0.405
S,0.6757,0.4881,-0.5525,3.41,0.976,0.986,0.996,0.644
S,-0.6615,0.6917,0.2899,13.50,0.935,0.965,1.000,0.962
S,-0.6059,-0.7798,0.1575,3.69,0.991,1.000,1.000,0.845
S,0.4446,0.7525,0.4859,3.87,1.000,0.965,0.865,0.621
S,0.9398,0.3415,-0.0112,13.97,0.980,0.990,1.000,0.851
S,-0.8042,0.2127,0.5551,3.40,0.998,0.958,0.858,0.947
S,-0.0440,0.8956,-0.4427,3.51,0.972,0.982,0.992,0.506
S,-0.5183,-0.5884,0.6207,3.74,0.992,1.000,1.000,0.457
S,0.6888,-0.7226,0.0582,4.17,1.000,0.972,0.872,0.990
S,-0.7086,0.6118,-0.3515,3.40,0.995,0.955,0.855,0.444
S,0.0633,-0.2269,0.9719,12.08,0.992,1.000,1.000,0.490
S,-0.8242,-0.2974,-0.4819,4.28,0.985,0.995,1.000,0.412
S,-0.0894,-0.9799,0.1781,3.46,0.969,0.979,0.989,0.638
S,-0.4557,0.1797,-0.8718,4.20,1.000,0.967,0.867,0.689
S,0.3098,-0.9488,0.0620,5.00,0.808,0.878,0.988,0.602
S,0.1920,0.2646,-0.9450,11.88,1.000,0.968,0.868,0.407
S,0.0761,-0.8820,-0.4650,3.52,1.000,0.963,0.863,0.344
S,-0.4220,-0.7240,0.5456,10.57,0.983,0.993,1.000,0.723
S,-0.8552,0.0734,0.5131,3.40,0.972,0.982,0.992,0.462
S,0.8083,-0.5851,0.0652,8.71,1.000,0.961,0.861,0.398
S,-0.4064,0.0978,0.9084,3.66,0.976,0.986,0.996,0.599
S,0.8523,0.0563,-0.5201,3.56,0.985,0.995,1.000,0.846
S,-0.2035,0.1645,-0.9652,3.45,0.980,0.990,1.000,0.417
S,-0.9508,0.3059,-0.0479,17.19,0.983,0.993,1.000,0.969
S,0.8975,-0.4396,0.0342,3.52,0.971,0.981,0.991,0.343
S,0.6788,-0.6273,-0.3817,4.44,0.983,0.993,1.000,0.845
S,-0.7017,0.2050,-0.6823,3.40,0.936,0.966,1.000,0.401
S,-0.3699,0.3635,-0.8550,4.98,0.984,0.994,1.000,0.690
S,0.3619,0.9301,0.0636,7.51,0.980,0.990,1.000,0.705
S,0.0526,0.2912,-0.9552,11.32,0.981,0.991,1.000,0.676
S,0.4695,0.7348,0.4895,3.76,0.989,0.999,1.000,0.657
S,-0.9136,0.3715,-0.1657,4.88,0.991,1.000,1.000,0.415
S,-0.5298,-0.0352,-0.8474,13.32,1.000,0.961,0.861,0.416
S,0.3635,-0.8134,-0.4541,10.92,0.983,0.993,1.000,0.419
S,-0.6402,-0.1780,0.7473,8.95,0.987,0.997,1.000,0.470
S,0.7560,0.0009,0.6546,11.66,0.969,0.979,0.989,0.372
S,0.3962,-0.2347,0.8877,3.40,0.995,0.955,0.855,0.669
S,-0.8993,0.4308,-0.0758,12.77,0.809,0.879,0.989,0.344
S,-0.6509,0.5755,0.4952,3.40,0.969,0.979,0.989,0.407
S,0.4502,-0.2946,-0.8430,3.46,0.990,0.950,0.850,0.873
S,-0.9673,0.1882,0.1699,3.61,0.969,0.979,0.989,0.776
S,-0.3607,0.7536,-0.5495,3.80,0.992,1.000,1.000,0.347
S,0.1512,-0.0791,0.9853,3.85,0.991,0.951,0.851,0.758
S,-0.8562,-0.2506,-0.4519,5.08,1.000,0.962,0.862,0.407
S,0.2736,0.5045,-0.8189,3.81,0.972,0.982,0.992,0.559
S,-0.0504,-0.3483,0.9360,3.40,0.978,0.988,0.998,0.378
S,-0.3944,0.6103,0.6870,5.76,0.820,0.890,1.000,0.935
S,0.3027,0.9508,-0.0665,3.40,0.990,0.950,0.850,0.737
S,0.0674,-0.4545,0.8882,4.66,0.972,0.982,0.992,0.390
S,0.7004,-0.7112,0.0597,3.41,0.970,0.980,0.990,0.828
S,-0.2786,-0.1837,0.9427,6.10,0.977,0.987,0.997,0.425
S,0.6105,-0.7822,0.1243,3.85,0.992,0.952,0.852,0.953
S,0.7195,0.4883,0.4939,3.45,0.983,0.993,1.000,0.986
S,0.5465,0.8362,-0.0464,14.11,0.983,0.993,1.000,0.942
S,0.3109,-0.8527,0.4198,15.31,0.980,0.990,1.000,0.943
S,0.1868,0.9824,0.0019,4.20,0.984,0.994,1.000,0.390
S,-0.7965,-0.4454,0.4090,3.40,0.810,0.880,0.990,0.358
S,0.4624,-0.4349,-0.7727,4.01,0.968,0.978,0.988,0.472
S,-0.0395,-0.6210,0.7828,3.50,0.973,0.983,0.993,0.557
S,0.3034,-0.2390,0.9224,8.27,0.831,0.901,1.000,0.954
S,-0.6097,-0.7691,-0.1920,3.42,0.975,0.985,0.995,0.599
S,-0.7806,0.6113,0.1299,15.32,0.999,0.959,0.859,0.741
S,0.5573,-0.5146,0.6516,3.40,1.000,0.850,0.690,0.929
S,0.8972,0.0326,0.4404,3.40,0.976,0.986,0.996,0.340
S,-0.3864,0.5974,0.7027,3.75,0.810,0.880,0.990,0.549
S,0.6540,-0.7314,-0.1935,7.13,1.000,0.966,0.866,0.885
S,-0.3713,0.6939,0.6170,8.45,0.986,0.996,1.000,0.977
S,0.3742,0.2203,0.9008,4.50,1.000,0.969,0.869,0.579
S,-0.9948,0.0629,-0.0806,3.92,0.931,0.961,1.000,0.448
S,0.9032,0.1014,0.4170,13.44,0.991,0.951,0.851,0.715
S,-0.8823,0.3421,0.3232,3.95,0.928,0.958,0.998,0.665
S,-0.8374,-0.3906,0.3824,3.42,1.000,0.969,0.869,0.429
S,-0.1527,0.8966,0.4156,3.49,0.813,0.883,0.993,0.609
S,-0.2117,0.1834,-0.9600,5.89,1.000,0.845,0.685,0.905
S,-0.4893,0.8405,-0.2328,3.65,0.976,0.986,0.996,0.954
S,-0.9175,-0.2280,0.3260,13.51,0.812,0.882,0.992,0.573
S,-0.3218,0.9461,0.0367,3.52,1.000,0.971,0.871,0.443
S,0.2706,0.7293,-0.6284,3.53,0.994,0.954,0.854,0.563
S,-0.6366,-0.6632,-0.3936,5.67,0.999,0.959,0.859,0.797
S,-0.0311,0.0116,0.9994,4.70,0.983,0.993,1.000,0.559
S,-0.5982,0.6684,-0.4421,10.64,0.808,0.878,0.988,0.392
S,-0.3362,-0.8937,-0.2970,16.00,0.983,0.993,1.000,0.344
S,0.9836,0.1225,-0.1323,4.53,0.997,0.957,0.857,0.975
S,-0.0275,0.6267,0.7788,3.40,0.998,0.958,0.858,0.363
S,0.0704,0.7449,-0.6634,5.74,1.000,0.963,0.863,0.356
S,0.3997,-0.9020,-0.1631,3.40,0.978,0.988,0.998,0.483
S,-0.3270,-0.8615,-0.3884,4.12,0.969,0.979,0.989,0.419
S,-0.1419,-0.1801,-0.9734,3.40,0.976,0.986,0.996,0.427
S,0.9142,0.3110,0.2598,3.52,0.984,0.994,1.000,0.531
S,-0.9555,-0.2790,0.0964,14.88,0.976,0.986,0.996,0.566
S,-0.6968,0.3641,-0.6180,7.16,1.000,0.969,0.869,0.484
S,-0.8810,0.4501,0.1457,9.14,0.992,1.000,1.000,0.581
S,0.8344,0.5402,-0.1092,4.72,0.995,0.955,0.855,0.776
S,0.3215,0.0131,0.9468,3.40,0.809,0.879,0.989,0.994
S,-0.2122,-0.8272,0.5203,3.40,0.992,1.000,1.000,0.372
S,0.1167,-0.3312,-0.9363,3.40,0.986,0.996,1.000,0.342
S,0.9761,0.1613,-0.1459,3.45,0.830,0.900,1.000,0.774
S,-0.3949,-0.0652,0.9164,6.13,0.811,0.881,0.991,0.428
S,0.1202,0.6074,0.7853,3.40,0.826,0.896,1.000,0.500
S,0.4064,-0.6878,0.6015,3.40,0.991,1.000,1.000,0.365
S,0.8292,0.4716,-0.3002,4.24,0.981,0.991,1.000,0.634
S,-0.0781,0.2722,-0.9591,15.97,0.991,1.000,1.000,0.496
S,-0.4412,-0.5965,0.6704,3.85,0.979,0.989,0.999,0.452
S,0.3483,-0.5697,-0.7444,10.01,1.000,0.972,0.872,0.889
S,0.6604,0.0139,0.7507,3.40,0.819,0.889,0.999,0.417
S,-0.1138,-0.2520,0.9610,3.56,0.975,0.985,0.995,0.531
S,0.5428,0.8396,0.0217,3.77,0.999,0.959,0.859,0.973
S,-0.1597,0.4749,-0.8655,3.84,0.983,0.993,1.000,0.340
S,0.4819,0.0302,-0.8757,4.23,0.975,0.985,0.995,0.382
S,0.4460,0.5863,0.6763,3.58,0.989,0.999,1.000,0.784
S,0.5836,-0.5489,0.5984,3.96,0.989,0.999,1.000,0.780
S,0.5563,-0.4457,-0.7014,4.63,0.991,0.951,0.851,0.798
S,-0.5936,-0.7959,-0.1190,3.45,1.000,0.972,0.872,0.622
S,0.5609,0.8239,-0.0813,3.42,0.940,0.970,1.000,0.343
S,-0.9475,0.0871,-0.3078,4.64,0.987,0.997,1.000,0.343
S,0.6769,-0.2984,0.6729,6.36,0.968,0.978,0.988,0.702
S,-0.1408,0.6999,0.7003,3.43,1.000,0.971,0.871,0.592
S,0.9894,0.0643,-0.1303,7.88,0.984,0.994,1.000,0.401
S,-0.1172,-0.9279,0.3539,14.96,1.000,0.969,0.869,0.909
S,0.1365,-0.4853,0.8636,5.56,0.973,0.983,0.993,0.363
S,0.6160,-0.2143,0.7580,3.40,1.000,0.964,0.864,0.422
S,0.8580,0.4740,-0.1977,10.13,0.980,0.990,1.000,0.357
S,-0.1207,-0.3466,-0.9302,3.43,0.976,0.986,0.996,0.754
S,0.0761,0.7983,-0.5975,3.67,0.942,0.972,1.000,0.551
S,-0.9334,-0.1331,-0.3333,5.49,0.987,0.997,1.000,0.426
S,0.7259,0.4459,-0.5237,3.41,0.976,0.986,0.996,0.617
S,0.4802,-0.1311,-0.8673,3.43,1.000,0.965,0.865,0.453
S,-0.3246,-0.1959,-0.9253,3.92,0.975,0.985,0.995,0.593
S,-0.7783,0.3298,0.5343,3.40,1.000,0.961,0.861,0.555
S,0.6130,0.7873,-0.0661,3.65,0.989,0.999,1.000,0.633
S,-0.7140,0.5944,-0.3699,3.40,1.000,0.841,0.681,0.372
S,-0.6197,0.4149,0.6662,5.61,0.829,0.899,1.000,0.915
S,-0.8493,-0.3771,-0.3695,9.54,0.992,0.952,0.852,0.584
S,-0.3204,-0.3163,-0.8929,4.55,0.810,0.880,0.990,0.777
S,-0.4171,-0.7036,0.5753,3.40,0.990,0.950,0.850,0.832
S,0.2599,-0.7260,-0.6366,4.28,0.939,0.969,1.000,0.533
S,-0.3357,0.0384,-0.9412,3.66,1.000,0.965,0.865,0.912
S,0.9175,-0.3714,-0.1423,4.38,0.929,0.959,0.999,0.778
S,-0.9315,0.0898,0.3525,4.20,0.986,0.996,1.000,0.880
S,-0.8797,-0.2112,0.4260,3.40,0.983,0.993,1.000,0.699
S,-0.5605,0.6833,-0.4678,4.31,0.935,0.965,1.000,0.891
S,-0.7081,0.5664,0.4217,13.39,0.809,0.879,0.989,0.816
S,0.9663,-0.2559,0.0264,4.23,0.811,0.881,0.991,0.346
S,-0.3257,0.2926,0.8991,8.58,0.996,0.956,0.856,0.702
S,-0.1693,0.7838,0.5975,7.97,0.997,0.957,0.857,0.346
S,-0.9956,0.0749,0.0569,5.11,0.994,0.954,0.854,0.357
S,0.6230,-0.5445,-0.5617,8.33,0.986,0.996,1.000,0.493
S,0.5188,0.8362,0.1776,4.10,0.981,0.991,1.000,0.574
S,0.2608,0.1673,0.9508,6.84,0.975,0.985,0.995,0.508
S,-0.0148,-0.9540,-0.2996,5.63,0.988,0.998,1.000,0.999
S,0.6775,-0.7336,0.0543,10.89,0.973,0.983,0.993,0.352
S,0.1397,0.9549,0.2622,3.40,0.975,0.985,0.995,0.749
S,-0.4322,-0.5919,-0.6803,3.40,0.991,0.951,0.851,0.465
S,-0.3479,-0.0828,0.9339,4.28,0.825,0.895,1.000,0.891
S,0.7963,-0.5959,-0.1045,3.65,0.975,0.985,0.995,0.704
S,0.2093,0.6530,-0.7278,5.67,0.982,0.992,1.000,0.528
S,-0.5295,0.2283,0.8170,3.40,1.000,0.961,0.861,0.818
S,-0.1976,-0.8547,0.4801,3.40,0.985,0.995,1.000,0.639
S,0.4156,0.8226,0.3881,3.41,0.990,1.000,1.000,0.472
S,0.7182,-0.6754,0.1673,8.06,0.992,0.952,0.852,0.454
S,-0.1727,0.2151,0.9612,3.40,1.000,0.968,0.868,0.587
S,0.3815,0.8966,-0.2247,3.86,0.982,0.992,1.000,0.958
S,-0.2549,0.9668,0.0193,6.19,1.000,0.969,0.869,0.391
S,0.6873,0.0563,0.7242,15.20,0.990,1.000,1.000,0.842
S,-0.7617,0.6467,0.0388,3.79,0.986,0.996,1.000,0.970
S,0.0334,0.5091,0.8601,3.40,1.000,0.969,0.869,0.695
S,-0.1071,-0.9557,-0.2742,11.74,1.000,0.963,0.863,0.879
S,0.3022,0.9299,-0.2097,12.40,0.973,0.983,0.993,0.346
S,0.9457,0.0945,-0.3110,3.88,0.983,0.993,1.000,0.521
S,0.2225,0.9727,0.0664,3.42,0.979,0.989,0.999,0.358
S,0.6715,-0.6868,0.2780,3.44,0.983,0.993,1.000,0.397
S,-0.0011,0.3400,0.9404,3.46,0.990,0.950,0.850,0.641
S,-0.8212,-0.5694,0.0379,3.85,0.973,0.983,0.993,0.717
S,0.3817,-0.4322,-0.8170,3.40,1.000,0.963,0.863,0.730
S,-0.8868,0.1573,-0.4346,6.81,0.812,0.882,0.992,0.475
S,-0.4608,-0.8853,-0.0629,5.25,0.985,0.995,1.000,0.978
S,-0.1593,-0.7485,0.6437,4.70,0.988,0.998,1.000,0.362
S,-0.6994,0.2786,0.6583,4.68,0.979,0.989,0.999,0.645
S,-0.4910,0.8549,-0.1678,12.43,0.981,0.991,1.000,0.735
S,-0.1496,0.7325,-0.6642,6.09,0.984,0.994,1.000,0.820
S,-0.8505,0.4190,0.3180,3.40,1.000,0.961,0.861,0.459
S,-0.5249,-0.8379,0.1496,3.40,0.830,0.900,1.000,0.521
S,-0.5915,-0.7517,-0.2916,10.71,0.993,0.953,0.853,0.521
S,0.5913,-0.7774,-0.2145,3.40,0.831,0.901,1.000,0.465
S,-0.9433,-0.3314,0.0170,4.97,0.822,0.892,1.000,0.838
S,-0.1287,-0.1713,0.9768,3.70,0.991,1.000,1.000,0.541
S,0.5643,0.2396,-0.7900,3.45,1.000,0.961,0.861,0.440
S,-0.2637,0.7789,-0.5690,3.42,0.975,0.985,0.995,0.552
S,0.0718,-0.2032,-0.9765,3.40,0.985,0.995,1.000,0.514
S,-0.9163,-0.3774,-0.1338,3.40,0.938,0.968,1.000,0.656
S,0.1059,-0.9462,-0.3057,3.45,1.000,0.963,0.863,0.392
S,0.0783,-0.3407,-0.9369,5.25,0.978,0.988,0.998,0.959
S,0.3022,0.9522,-0.0449,4.06,0.984,0.994,1.000,0.400
S,0.9508,-0.2724,-0.1476,3.41,0.990,0.950,0.850,0.871
S,-0.8635,0.0190,-0.5040,5.53,0.984,0.994,1.000,0.576
S,0.6038,0.2397,-0.7602,5.71,0.969,0.979,0.989,0.576
S,0.9014,-0.3749,0.2165,5.57,0.933,0.963,1.000,0.341
S,0.4505,0.8928,0.0046,3.49,0.990,0.830,0.670,0.627
S,-0.9819,-0.0303,0.1868,3.42,0.980,0.990,1.000,0.415
S,-0.3853,-0.9171,0.1024,5.28,0.979,0.989,0.999,0.341
S,0.1246,0.1904,-0.9738,5.82,0.980,0.990,1.000,0.619
S,-0.1068,0.3921,-0.9137,15.98,0.979,0.989,0.999,0.776
S,0.4776,-0.7199,0.5036,10.54,0.990,0.950,0.850,0.839
S,0.7325,-0.3102,-0.6060,3.44,1.000,0.852,0.692,0.525
S,0.1824,0.9670,-0.1776,4.13,0.995,0.955,0.855,0.695
S,-0.4117,0.1089,-0.9048,4.40,0.979,0.989,0.999,0.430
S,0.5265,-0.8468,-0.0757,8.48,0.998,0.958,0.858,0.628
S,0.6051,-0.7339,0.3086,3.51,0.974,0.984,0.994,0.576
S,0.9609,0.0783,-0.2658,3.79,0.927,0.957,0.997,0.610
S,-0.4093,0.1455,-0.9007,6.55,0.932,0.962,1.000,0.849
S,0.2328,-0.9617,0.1448,3.41,1.000,0.962,0.862,0.358
S,0.8571,0.0639,0.5111,3.40,0.989,0.999,1.000,0.630
S,0.3261,-0.9414,-0.0864,9.14,0.992,0.832,0.672,0.404
S,0.3178,-0.6729,-0.6680,8.38,0.981,0.991,1.000,0.560
S,0.0241,-0.8788,-0.4766,3.67,0.982,0.992,1.000,0.747
S,-0.4937,-0.7917,0.3598,4.74,0.992,0.952,0.852,0.619
S,-0.1362,0.5543,0.8211,10.70,0.971,0.981,0.991,0.944
S,0.0085,1.0000,-0.0045,9.15,0.975,0.985,0.995,0.463
S,-0.3821,-0.6129,-0.6916,7.52,0.978,0.988,0.998,0.829
S,0.8149,0.2324,-0.5310,3.57,0.981,0.991,1.000,0.387
S,0.1441,-0.7855,-0.6019,16.00,0.977,0.987,0.997,0.370
S,0.9884,-0.1467,0.0389,5.56,0.975,0.985,0.995,0.823
S,0.4603,-0.6235,0.6320,3.40,0.928,0.958,0.998,0.342
S,-0.2077,0.9082,-0.3633,3.43,0.815,0.885,0.995,0.994
S,-0.8776,-0.3341,-0.3439,3.42,0.937,0.967,1.000,0.371
S,-0.4567,0.8886,-0.0433,14.91,1.000,0.968,0.868,0.681
S,-0.6036,0.2910,0.7423,4.12,0.992,0.952,0.852,0.673
S,-0.1527,0.1242,0.9805,3.40,0.823,0.893,1.000,0.856
S,-0.1909,0.9747,0.1161,7.84,0.982,0.992,1.000,0.570
S,0.9772,0.0256,-0.2109,7.87,0.819,0.889,0.999,0.797
S,-0.8370,0.5262,0.1499,3.41,0.998,0.958,0.858,0.430
S,-0.6042,0.4308,0.6703,12.06,0.989,0.999,1.000,0.671
S,-0.7112,0.0084,-0.7030,3.45,0.970,0.980,0.990,0.608
S,0.0750,-0.9249,-0.3727,3.40,0.978,0.988,0.998,0.539
S,-0.8440,-0.0993,0.5271,4.07,0.817,0.887,0.997,0.458
S,-0.2710,0.9465,0.1750,3.40,0.978,0.988,0.998,0.630
S,-0.2201,0.9755,0.0053,4.70,0.989,0.999,1.000,0.686
S,0.5503,-0.2415,0.7993,12.56,0.993,0.953,0.853,0.884
S,-0.6044,-0.1114,-0.7889,4.59,0.992,0.952,0.852,0.368
S,-0.6640,0.6941,-0.2782,3.40,0.816,0.886,0.996,0.781
S,0.6849,0.2761,0.6743,3.40,0.975,0.985,0.995,0.935
S,0.2643,-0.3646,0.8929,3.40,0.969,0.979,0.989,0.924
S,-0.0217,-0.9063,0.4221,14.01,0.815,0.885,0.995,0.340
S,0.0956,-0.8227,-0.5604,3.40,0.992,0.952,0.852,0.359
S,0.3305,0.9411,0.0712,26.71,1.000,0.962,0.862,0.445
S,0.5116,-0.8506,0.1213,3.40,1.000,0.961,0.861,0.921
S,0.1159,0.9444,0.3076,3.42,1.000,0.969,0.869,0.578
S,0.2518,-0.8048,-0.5375,3.85,0.997,0.957,0.857,0.409
S,0.6155,0.7880,0.0120,7.67,0.994,0.954,0.854,0.817
S,-0.7043,0.4212,-0.5715,13.86,0.973,0.983,0.993,0.624
S,-0.2227,-0.9523,0.2087,4.36,0.920,0.950,0.990,0.417
S,0.4792,-0.0664,-0.8752,4.32,0.940,0.970,1.000,0.878
S,0.9661,0.1905,0.1742,3.40,1.000,0.968,0.868,0.814
S,-0.9164,0.2751,0.2907,3.40,0.990,0.950,0.850,0.554
S,0.4095,0.8381,0.3605,4.94,0.985,0.995,1.000,0.670
S,0.5425,0.6524,0.5293,6.53,0.988,0.998,1.000,0.612
S,-0.7629,0.6053,0.2273,3.82,0.989,0.949,0.849,0.901
S,-0.5725,0.8189,-0.0409,6.54,0.998,0.958,0.858,0.438
S,-0.3094,0.8819,-0.3556,3.40,0.991,1.000,1.000,0.908
S,-0.0164,0.1141,-0.9933,9.55,0.983,0.993,1.000,0.710
S,-0.1727,-0.9445,0.2795,15.82,0.828,0.898,1.000,0.878
S,-0.4011,-0.4947,-0.7710,12.72,0.996,0.956,0.856,0.735
S,-0.1216,0.7738,-0.6217,16.45,0.971,0.981,0.991,0.532
S,-0.7997,-0.5194,0.3010,5.94,1.000,0.962,0.862,0.730
S,0.0882,0.8479,-0.5228,9.71,0.993,0.953,0.853,0.576
S,0.6365,-0.7366,-0.2288,3.40,0.979,0.989,0.999,0.911
S,0.2310,0.1384,0.9631,4.54,0.968,0.978,0.988,0.640
S,0.2748,-0.9615,0.0037,3.61,0.984,0.994,1.000,0.345
S,0.1354,-0.6415,0.7551,3.98,0.991,0.951,0.851,0.696
S,0.6985,0.6407,-0.3187,3.46,0.985,0.995,1.000,0.423
S,-0.9398,-0.1837,0.2880,3.40,0.937,0.967,1.000,0.341
S,-0.2296,0.8149,-0.5322,3.41,1.000,0.960,0.860,0.840
S,0.1039,-0.5944,0.7974,9.12,0.978,0.988,0.998,0.993
S,0.6499,0.7309,-0.2084,3.41,0.968,0.978,0.988,0.959
S,0.1355,-0.5513,0.8233,3.42,0.819,0.889,0.999,0.870
S,-0.7711,-0.4772,-0.4216,3.42,0.817,0.887,0.997,0.774
S,0.1586,0.4991,0.8519,15.58,0.988,0.828,0.668,0.678
S,0.3054,0.7990,0.5180,8.55,1.000,0.969,0.869,0.426
S,-0.2451,-0.8189,-0.5190,12.61,0.972,0.982,0.992,0.836
S,-0.9695,-0.1070,-0.2205,15.93,0.810,0.880,0.990,0.354
S,0.1024,0.0615,0.9928,3.58,0.830,0.900,1.000,0.988
S,0.3809,0.4811,0.7896,3.84,0.928,0.958,0.998,0.357
S,0.9941,0.0216,-0.1059,3.53,1.000,0.966,0.866,0.491
S,0.4869,0.2255,-0.8438,4.39,0.971,0.981,0.991,0.864
S,0.4178,0.3120,0.8533,3.76,1.000,0.966,0.866,0.504
S,-0.1049,-0.0661,0.9923,15.47,0.969,0.979,0.989,0.386
S,-0.2703,-0.5345,0.8008,4.65,0.991,0.951,0.851,0.907
S,0.4937,0.8267,-0.2699,3.40,0.824,0.894,1.000,0.742
S,-0.3315,-0.6962,0.6367,3.40,0.824,0.894,1.000,0.355
S,-0.3535,-0.0120,0.9354,14.49,0.826,0.896,1.000,0.348
S,0.6306,0.6850,-0.3648,5.50,0.981,0.991,1.000,0.534
S,0.0334,-0.1751,-0.9840,6.10,0.970,0.980,0.990,0.925
S,-0.9956,0.0652,-0.0677,13.24,0.983,0.993,1.000,0.822
S,0.9216,0.0112,-0.3881,12.48,0.981,0.991,1.000,0.578
S,-0.3178,0.6735,0.6674,4.00,0.999,0.839,0.679,0.537
S,0.4851,-0.4052,0.7749,3.42,1.000,0.968,0.868,0.877
S,0.3733,-0.5111,0.7742,3.40,0.995,0.955,0.855,0.439
S,0.3949,0.5226,-0.7556,8.52,0.984,0.994,1.000,0.633
S,0.1201,0.6237,-0.7724,5.94,1.000,0.851,0.691,0.860
S,-0.0799,-0.8066,-0.5857,10.50,0.828,0.898,1.000,0.554
S,-0.0408,0.9854,0.1652,3.41,1.000,0.965,0.865,0.758
S,0.1364,-0.9477,0.2887,5.57,0.986,0.996,1.000,0.818
S,0.2043,-0.9754,-0.0828,11.74,1.000,0.962,0.862,0.745
S,-0.0493,-0.0354,0.9982,4.16,0.994,0.954,0.854,0.386
S,-0.7135,-0.0532,-0.6987,12.90,0.996,0.956,0.856,0.741
S,-0.0131,0.2076,0.9781,6.70,0.994,0.954,0.854,0.695
S,0.9145,0.2826,0.2895,3.49,0.997,0.957,0.857,0.734
S,0.3521,0.2132,0.9114,14.31,0.997,0.957,0.857,0.375
S,-0.8963,-0.3171,-0.3100,4.73,0.977,0.987,0.997,0.433
S,-0.6599,-0.7151,0.2303,3.40,0.921,0.951,0.991,0.346
S,-0.4688,0.8741,-0.1275,8.75,0.815,0.885,0.995,0.371
S,0.7689,-0.3152,0.5563,7.50,0.989,0.999,1.000,0.968
S,-0.6393,0.5897,0.4936,14.75,0.830,0.900,1.000,0.577
S,0.3308,0.5205,-0.7872,3.47,0.989,0.999,1.000,0.734
S,-0.3869,-0.6657,0.6381,3.42,0.936,0.966,1.000,0.351
S,0.4288,-0.6282,0.6493,3.48,0.979,0.989,0.999,0.477
S,0.8675,-0.4110,0.2801,8.60,0.988,0.998,1.000,0.608
S,0.0480,0.9340,0.3540,11.38,0.815,0.885,0.995,0.348
S,0.2556,0.2578,0.9318,3.91,1.000,0.970,0.870,0.810
S,0.3476,0.4299,0.8333,4.36,0.970,0.980,0.990,0.675
S,-0.0087,0.0904,0.9959,3.40,0.934,0.964,1.000,0.504
S,0.7157,-0.6346,-0.2916,3.45,1.000,0.843,0.683,0.961
S,0.4362,0.8352,0.3348,4.93,0.808,0.878,0.988,0.346
S,0.4602,0.1036,-0.8818,7.05,0.991,0.951,0.851,0.375
S,0.9415,0.1108,0.3184,7.58,0.818,0.888,0.998,0.410
S,-0.5286,0.7528,0.3922,13.16,1.000,0.972,0.872,0.584
S,0.5710,-0.7338,-0.3681,8.97,1.000,0.970,0.870,0.946
S,0.3695,0.3289,0.8691,4.37,0.922,0.952,0.992,0.463
S,0.2534,-0.7566,-0.6028,7.20,0.997,0.957,0.857,0.949
S,-0.7583,0.2665,-0.5949,3.41,1.000,0.844,0.684,0.721
S,0.3977,0.7945,0.4590,3.40,0.983,0.993,1.000,0.535
S,0.1472,0.5046,0.8507,13.65,0.937,0.967,1.000,0.403
S,0.6581,0.6203,0.4267,8.89,1.000,0.960,0.860,0.789
S,0.5471,-0.8112,-0.2066,3.40,0.997,0.957,0.857,0.869
S,0.1543,-0.0757,-0.9851,10.17,1.000,0.963,0.863,0.734
S,-0.0963,0.5558,-0.8257,3.40,0.990,0.950,0.850,0.595
S,-0.0611,0.6082,0.7914,3.48,0.972,0.982,0.992,0.495
S,-0.9405,-0.3060,-0.1475,5.79,1.000,0.968,0.868,0.604
S,0.8694,0.4932,0.0296,4.26,1.000,0.965,0.865,0.401
S,0.5130,-0.3374,-0.7893,3.42,0.933,0.963,1.000,0.988
S,0.8510,0.2625,0.4549,6.30,1.000,0.963,0.863,0.579
S,0.6102,0.7898,0.0625,15.70,0.979,0.989,0.999,0.694
S,0.7210,0.2901,-0.6293,15.06,0.983,0.993,1.000,0.391
S,-0.9980,0.0559,-0.0296,7.25,0.990,1.000,1.000,0.346
S,0.5639,0.5721,0.5956,3.58,0.992,1.000,1.000,0.627
S,0.2018,0.8194,-0.5366,16.73,0.993,0.953,0.853,0.999
S,0.8167,0.2462,-0.5218,12.59,1.000,0.962,0.862,0.786
S,0.3091,0.8024,-0.5106,3.55,0.920,0.950,0.990,0.564
S,0.0932,0.4724,0.8764,3.40,0.979,0.989,0.999,0.381
S,-0.4029,0.9132,0.0615,3.48,0.932,0.962,1.000,0.920
S,0.1806,-0.7362,0.6522,10.32,0.918,0.948,0.988,0.895
S,-0.7625,-0.6454,0.0449,3.40,0.988,0.998,1.000,0.415
S,0.1264,-0.9520,-0.2788,4.11,0.984,0.994,1.000,0.360
S,0.8589,-0.1431,0.4917,3.97,0.992,1.000,1.000,0.606
S,-0.3490,0.3484,0.8700,5.90,0.979,0.989,0.999,0.680
S,0.9490,0.0227,0.3146,13.52,0.968,0.978,0.988,0.393
S,-0.4221,-0.3830,-0.8217,3.40,0.992,0.952,0.852,0.700
S,-0.8725,-0.4881,0.0217,3.79,0.968,0.978,0.988,0.392
S,-0.7396,-0.6473,-0.1845,14.13,0.981,0.991,1.000,0.425
S,-0.7731,0.2014,0.6014,4.04,0.984,0.994,1.000,0.344
S,0.9993,0.0160,-0.0327,11.75,0.976,0.986,0.996,0.614
S,0.5957,0.3919,0.7011,5.61,0.979,0.989,0.999,0.343
S,0.0028,0.1245,-0.9922,3.42,0.980,0.990,1.000,0.371
S,0.5422,0.5729,-0.6147,3.77,1.000,0.965,0.865,0.455
S,0.4938,-0.6217,0.6080,3.41,0.976,0.986,0.996,0.788
S,0.6088,-0.7880,-0.0910,6.54,0.973,0.983,0.993,0.576
S,-0.3539,0.5769,0.7361,3.40,0.975,0.985,0.995,0.557
S,-0.9321,0.1778,-0.3156,3.67,0.989,0.999,1.000,0.376
S,0.1061,0.8446,0.5248,14.80,0.971,0.981,0.991,0.685
S,0.9516,0.1937,-0.2387,3.46,0.984,0.994,1.000,0.872
S,0.6394,0.7134,0.2866,3.69,0.933,0.963,1.000,0.433
S,0.5645,0.5116,-0.6477,3.40,0.996,0.956,0.856,0.977
S,-0.2585,0.6371,-0.7261,3.40,0.992,1.000,1.000,0.585
S,-0.2305,-0.5473,-0.8046,4.10,0.992,1.000,1.000,0.414
S,0.6350,-0.7046,-0.3166,3.40,0.994,0.954,0.854,0.525
S,-0.8614,-0.3757,-0.3419,5.19,0.930,0.960,1.000,0.445
S,0.4155,-0.6743,-0.6105,3.44,1.000,0.961,0.861,0.604
S,-0.1995,0.6075,-0.7688,3.40,1.000,0.962,0.862,0.448
S,0.1469,0.9628,-0.2270,4.89,0.977,0.987,0.997,0.507
S,-0.1181,0.4813,-0.8686,11.85,0.993,0.953,0.853,0.632
S,0.4429,0.3584,-0.8218,3.57,1.000,0.963,0.863,0.799
S,0.6733,-0.6488,-0.3545,3.49,0.972,0.982,0.992,0.347
S,0.7408,-0.4298,-0.5162,4.63,0.815,0.885,0.995,0.387
S,-0.1413,-0.5617,-0.8152,16.69,0.989,0.949,0.849,0.342
S,0.2433,-0.9296,0.2768,5.98,0.827,0.897,1.000,0.529
S,-0.2581,-0.9434,-0.2084,3.40,1.000,0.966,0.866,0.511
S,0.5716,-0.8205,0.0115,14.90,0.980,0.990,1.000,0.385
S,-0.1406,-0.5651,0.8129,3.74,0.987,0.997,1.000,0.396
S,-0.8986,-0.2594,0.3538,4.07,0.974,0.984,0.994,0.784
S,-0.7791,0.5904,0.2107,7.92,0.983,0.993,1.000,0.803
S,0.3759,-0.8693,-0.3211,3.43,0.986,0.996,1.000,0.341
S,0.8696,-0.4588,-0.1826,5.70,0.809,0.879,0.989,0.515
S,0.2855,-0.8769,-0.3867,3.43,0.827,0.897,1.000,0.885
S,-0.7619,-0.6381,-0.1108,14.52,0.992,1.000,1.000,0.341
S,0.3648,-0.1317,0.9217,3.41,0.991,1.000,1.000,0.599
S,0.1888,-0.9816,0.0293,14.49,1.000,0.971,0.871,0.543
S,-0.8919,-0.3579,-0.2764,5.04,0.976,0.986,0.996,0.871
S,-0.5270,-0.4081,0.7455,3.40,1.000,0.846,0.686,0.490
S,-0.7994,0.6008,0.0068,6.22,0.984,0.994,1.000,0.372
S,-0.3926,0.0978,-0.9145,3.41,0.977,0.987,0.997,0.977
S,-0.0692,0.5118,0.8563,3.45,1.000,0.960,0.860,0.841
S,0.1210,-0.2850,0.9509,3.40,0.934,0.964,1.000,0.896
S,-0.1719,0.9491,-0.2639,9.90,0.993,0.953,0.853,0.836
S,-0.2373,-0.9505,-0.2005,4.16,0.986,0.996,1.000,0.822
S,0.2308,0.8919,0.3890,5.13,0.999,0.959,0.859,0.535
S,-0.5072,0.8006,-0.3191,14.41,0.826,0.896,1.000,0.739
S,-0.6735,0.4645,-0.5750,3.43,0.991,0.951,0.851,0.481
S,0.2030,0.2776,-0.9390,3.40,0.972,0.982,0.992,0.403
S,0.9616,-0.2728,-0.0300,9.95,1.000,0.966,0.866,0.869
S,0.3592,-0.4332,0.8266,11.24,0.983,0.993,1.000,0.772
S,-0.1971,0.4307,-0.8807,15.07,0.991,0.951,0.851,0.465
S,0.0958,0.6754,-0.7312,7.62,0.990,0.950,0.850,0.625
S,-0.8257,-0.5449,0.1459,3.91,0.810,0.880,0.990,0.486
S,0.6884,-0.6852,-0.2381,4.35,0.988,0.998,1.000,0.355
S,-0.7371,0.5939,0.3224,13.47,1.000,0.968,0.868,0.535
S,0.6703,-0.1717,-0.7220,7.56,0.990,1.000,1.000,0.433
S,0.7372,-0.5835,0.3406,12.29,0.978,0.988,0.998,0.359
S,-0.7992,0.1573,0.5802,3.71,0.998,0.958,0.858,0.350
S,-0.5471,-0.4940,-0.6757,3.58,0.970,0.980,0.990,0.447
S,-0.7923,-0.5051,0.3421,5.62,1.000,0.966,0.866,0.395
S,-0.9825,0.0708,0.1724,5.03,1.000,0.968,0.868,0.405
S,0.0287,-0.2504,-0.9677,3.51,0.992,0.952,0.852,0.535
S,0.4120,-0.6608,-0.6274,3.43,0.992,0.952,0.852,0.442
S,-0.3700,0.8845,0.2840,6.31,0.981,0.991,1.000,0.391
S,0.7217,0.2548,-0.6436,3.42,0.926,0.956,0.996,0.691
S,0.5392,0.7078,-0.4563,6.75,1.000,0.962,0.862,0.868
S,-0.1679,-0.9280,-0.3327,4.07,0.987,0.997,1.000,0.923
S,0.1343,-0.2967,0.9455,9.11,0.975,0.985,0.995,0.989
S,-0.3008,-0.3883,-0.8710,12.48,0.809,0.879,0.989,0.343
S,-0.0510,-0.8944,0.4443,3.50,0.981,0.991,1.000,0.649
S,-0.2113,0.9280,-0.3068,3.41,0.975,0.985,0.995,0.549
S,0.5729,0.1756,0.8006,4.09,0.968,0.978,0.988,0.356
S,0.2823,0.9508,-0.1275,7.47,0.972,0.982,0.992,0.350
S,-0.4800,0.8750,-0.0624,3.45,0.919,0.949,0.989,0.543
S,0.3631,0.9229,0.1282,3.40,0.987,0.997,1.000,0.841
S,-0.1966,0.2658,0.9438,10.21,1.000,0.966,0.866,0.419
S,-0.2722,-0.8500,0.4510,9.39,0.992,0.952,0.852,0.368
S,-0.0743,0.6154,-0.7847,3.40,0.818,0.888,0.998,0.420
S,-0.8198,0.5039,-0.2720,6.06,0.992,1.000,1.000,0.353
S,0.8629,0.0735,-0.5000,5.18,0.972,0.982,0.992,0.460
S,0.8907,0.0192,-0.4541,3.57,1.000,0.961,0.861,0.783
S,-0.2659,-0.0282,0.9636,3.50,0.970,0.980,0.990,0.389
S,0.2026,0.0705,-0.9767,13.58,0.969,0.979,0.989,0.906
S,-0.2932,-0.4606,-0.8378,3.40,0.969,0.979,0.989,0.537
S,0.2787,0.9279,0.2476,4.48,0.827,0.897,1.000,0.717
S,-0.6219,-0.7651,-0.1669,4.01,0.924,0.954,0.994,0.810
S,-0.2265,-0.7535,-0.6173,3.45,0.991,1.000,1.000,0.785
S,0.6090,-0.0169,0.7930,6.39,0.971,0.981,0.991,0.492
S,-0.2802,0.8767,-0.3910,10.47,0.818,0.888,0.998,0.669
S,-0.2442,-0.9615,-0.1257,7.49,0.811,0.881,0.991,0.768
S,-0.5898,0.5746,-0.5674,7.00,0.991,0.951,0.851,0.439
S,0.7367,-0.3313,-0.5894,15.23,0.932,0.962,1.000,0.605
S,-0.0284,0.5719,-0.8199,3.40,1.000,0.971,0.871,0.874
S,-0.3690,0.4121,0.8331,3.40,0.990,1.000,1.000,0.969
S,0.6627,-0.6963,-0.2756,3.56,0.972,0.982,0.992,0.361
S,-0.8824,-0.3965,0.2533,16.10,1.000,0.970,0.870,0.577
S,0.0827,-0.1794,-0.9803,3.75,0.974,0.984,0.994,0.361
S,-0.3711,0.9262,-0.0666,3.57,0.968,0.978,0.988,0.726
S,-0.8317,0.3366,0.4415,3.61,0.987,0.997,1.000,0.413
S,-0.4218,0.3877,0.8197,3.55,0.813,0.883,0.993,0.340
S,-0.5611,-0.0947,-0.8223,3.55,0.974,0.984,0.994,0.763
S,0.4588,0.2335,-0.8573,3.58,0.993,0.953,0.853,0.484
S,0.5299,-0.2807,-0.8002,4.03,0.978,0.988,0.998,0.761
S,-0.5243,-0.8280,0.1987,3.50,0.992,1.000,1.000,0.579
S,0.3112,0.0883,0.9462,3.42,0.974,0.984,0.994,0.827
S,-0.3706,-0.8376,-0.4013,3.40,0.975,0.985,0.995,0.500
S,0.3580,0.1732,-0.9175,3.59,0.934,0.964,1.000,0.470
S,-0.9964,-0.0449,-0.0720,3.58,0.984,0.994,1.000,0.389
S,0.9125,0.1234,-0.3901,5.46,1.000,0.967,0.867,0.383
S,0.3682,0.8759,-0.3118,11.02,1.000,0.967,0.867,0.824
S,0.2627,-0.1809,0.9478,4.60,0.988,0.998,1.000,0.752
S,0.3963,-0.7665,0.5054,5.65,0.999,0.959,0.859,0.700
S,-0.0878,0.8230,0.5611,5.03,0.830,0.900,1.000,0.341
S,-0.7239,-0.4112,0.5539,3.40,0.991,0.951,0.851,0.487
S,-0.7842,0.3084,0.5385,10.23,0.822,0.892,1.000,0.390
S,0.3369,-0.8178,-0.4665,3.41,0.986,0.996,1.000,0.913
S,0.8617,0.4311,0.2675,11.84,0.976,0.986,0.996,0.789
S,0.3860,0.9191,0.0786,9.70,0.974,0.984,0.994,0.459
S,0.6877,0.3073,0.6578,8.18,0.994,0.954,0.854,0.346
S,0.7140,0.1645,-0.6805,10.66,0.829,0.899,1.000,0.618
S,0.7245,-0.3518,-0.5927,3.46,1.000,0.963,0.863,0.627
S,0.5567,0.7962,0.2371,3.49,1.000,0.972,0.872,0.966
S,0.7327,0.3274,0.5966,3.40,0.986,0.996,1.000,0.528
S,-0.8344,-0.4953,-0.2419,3.40,1.000,0.963,0.863,0.516
S,-0.1017,-0.8378,0.5364,3.42,0.985,0.995,1.000,0.389
S,-0.8123,0.5688,-0.1288,3.55,0.927,0.957,0.997,0.569
S,-0.6486,0.2337,0.7244,3.40,1.000,0.847,0.687,0.855
S,-0.4174,0.6563,0.6286,4.89,0.970,0.980,0.990,0.540
S,0.9765,-0.0664,-0.2048,3.45,1.000,0.846,0.686,0.550
S,0.8230,-0.2030,-0.5305,6.45,1.000,0.971,0.871,0.550
S,0.3746,0.2753,0.8854,3.40,0.972,0.982,0.992,0.354
S,-0.7583,-0.4048,-0.5110,3.40,1.000,0.967,0.867,0.441
S,-0.5340,0.5029,0.6796,3.40,0.927,0.957,0.997,0.962
S,0.5557,0.8290,0.0626,14.72,0.988,0.948,0.848,0.989
S,0.2573,-0.1875,-0.9480,4.14,0.988,0.998,1.000,0.345
S,-0.5459,0.4335,-0.7170,4.53,1.000,0.970,0.870,0.359
S,-0.9964,0.0732,-0.0432,3.42,0.817,0.887,0.997,0.610
S,0.4724,-0.0358,0.8807,3.83,0.978,0.988,0.998,0.884
S,0.6435,0.7313,-0.2259,3.59,0.977,0.987,0.997,0.641
S,-0.3809,-0.8360,-0.3950,4.83,0.984,0.994,1.000,0.913
S,0.0562,-0.9970,-0.0532,3.61,0.997,0.957,0.857,0.611
S,0.3725,0.6081,-0.7010,12.37,1.000,0.972,0.872,0.512
S,0.1341,-0.5954,0.7921,5.31,0.975,0.985,0.995,0.658
S,-0.8563,-0.4639,-0.2268,11.71,0.992,1.000,1.000,0.626
S,-0.4555,-0.6067,0.6515,5.64,0.822,0.892,1.000,0.555
S,-0.8828,0.1510,-0.4449,3.41,0.918,0.948,0.988,0.468
S,0.1568,0.7922,-0.5898,3.46,0.810,0.880,0.990,0.522
S,-0.4411,0.7566,0.4827,14.78,0.980,0.990,1.000,0.507
S,0.9808,0.1723,0.0911,3.41,0.974,0.984,0.994,0.966
S,0.3365,-0.0216,0.9414,5.50,1.000,0.967,0.867,0.533
S,0.0973,-0.9626,0.2530,4.09,0.974,0.984,0.994,0.539
S,-0.2792,-0.9592,0.0445,3.40,0.933,0.963,1.000,0.349
S,-0.3530,-0.8600,-0.3684,9.99,0.811,0.881,0.991,0.666
S,-0.9136,-0.3136,0.2587,4.71,0.997,0.957,0.857,0.989
S,-0.8376,0.5382,-0.0938,3.44,0.969,0.979,0.989,0.471
S,-0.9142,-0.4052,0.0065,3.84,0.980,0.990,1.000,0.838
S,0.1393,-0.4312,-0.8915,3.56,0.997,0.957,0.857,0.617
S,-0.7913,-0.6013,-0.1111,3.41,0.997,0.957,0.857,0.459
S,0.9741,0.1239,-0.1891,3.40,0.808,0.878,0.988,0.624
S,0.5289,-0.3343,0.7800,5.67,0.995,0.955,0.855,0.567
S,-0.1125,-0.9366,0.3317,3.77,0.937,0.967,1.000,0.617
S,-0.3292,0.6301,-0.7033,5.22,1.000,0.850,0.690,0.613
S,-0.3793,0.9228,-0.0683,7.17,0.931,0.961,1.000,0.345
S,0.4477,0.2201,-0.8667,4.42,1.000,0.970,0.870,0.350
S,-0.2171,-0.9726,0.0830,6.76,0.988,0.998,1.000,0.341
S,0.7632,0.4255,-0.4864,6.08,0.976,0.986,0.996,0.398
S,-0.6676,0.5306,0.5222,8.68,0.979,0.989,0.999,0.533
S,-0.1408,0.9865,0.0841,3.44,0.811,0.881,0.991,0.348
S,0.1961,-0.6267,0.7542,3.40,0.990,1.000,1.000,0.905
S,-0.9138,-0.2924,-0.2820,3.40,0.982,0.992,1.000,0.932
S,-0.9283,-0.0175,-0.3715,4.44,0.991,1.000,1.000,0.993
S,-0.7900,0.3834,-0.4784,3.46,0.815,0.885,0.995,0.375
S,0.1888,-0.0655,-0.9798,3.40,0.982,0.992,1.000,0.503
S,0.2106,0.8778,0.4302,10.95,0.995,0.955,0.855,0.548
S,0.2633,0.9647,0.0071,16.96,0.988,0.828,0.668,0.461
S,-0.9947,-0.0594,0.0840,8.05,0.819,0.889,0.999,0.481
S,0.6976,0.5590,-0.4482,3.68,0.983,0.993,1.000,0.401
S,0.5255,-0.1857,-0.8303,3.47,0.985,0.995,1.000,0.628
S,-0.3801,-0.0306,-0.9244,3.61,0.813,0.883,0.993,0.340
S,0.3839,-0.2668,-0.8840,3.40,0.810,0.880,0.990,0.372
S,0.6307,0.0150,0.7759,6.99,1.000,0.966,0.866,0.827
S,-0.2330,0.4674,0.8528,3.94,0.984,0.994,1.000,0.611
S,0.1134,-0.8434,0.5252,3.40,0.985,0.995,1.000,0.427
S,0.0839,-0.4221,0.9027,3.40,1.000,0.961,0.861,0.916
S,0.1003,0.5159,-0.8507,5.80,0.970,0.980,0.990,0.494
S,0.6802,0.4672,-0.5649,11.04,1.000,0.967,0.867,0.693
S,-0.7523,-0.4734,-0.4582,3.68,1.000,0.960,0.860,0.600
S,-0.0061,-0.1877,0.9822,14.16,0.988,0.948,0.848,0.355
S,0.5479,0.1897,0.8147,4.95,0.810,0.880,0.990,0.563
S,0.4094,-0.0908,0.9078,10.84,0.981,0.991,1.000,0.541
S,0.5843,-0.4737,-0.6590,4.10,0.999,0.959,0.859,0.501
S,0.4538,0.6297,-0.6305,3.40,0.934,0.964,1.000,0.848
S,0.0162,-0.9847,0.1735,3.40,0.988,0.998,1.000,0.817
S,-0.4544,0.7397,0.4964,3.75,0.926,0.956,0.996,0.568
S,-0.1048,0.8362,-0.5384,8.94,1.000,0.961,0.861,0.429
S,-0.5250,0.1582,-0.8363,3.57,0.992,1.000,1.000,0.343
S,0.1061,0.5058,-0.8561,3.40,1.000,0.960,0.860,0.342
S,0.4708,-0.6513,-0.5952,3.84,0.939,0.969,1.000,0.403
S,-0.8713,0.3796,0.3111,4.23,0.994,0.954,0.854,0.721
S,0.3246,0.4367,0.8390,9.26,0.821,0.891,1.000,0.913
S,0.4605,-0.5720,0.6788,17.14,0.998,0.958,0.858,0.447
S,-0.2277,0.4674,-0.8542,11.48,0.977,0.987,0.997,0.797
S,-0.5376,-0.4390,0.7199,3.41,0.972,0.982,0.992,0.375
S,-0.4732,-0.4568,0.7533,3.42,0.918,0.948,0.988,0.778
S,0.0107,-0.8679,0.4966,4.90,1.000,0.963,0.863,0.646
S,-0.8681,-0.4955,0.0283,3.41,0.981,0.991,1.000,0.609
S,0.2263,-0.9549,-0.1920,17.00,1.000,0.972,0.872,0.924
S,0.7583,0.6519,0.0086,9.30,0.822,0.892,1.000,0.638
S,0.5084,-0.5773,-0.6389,3.92,0.970,0.980,0.990,0.391
S,0.7593,-0.0479,-0.6490,3.94,0.969,0.979,0.989,0.984
S,-0.8032,0.1173,-0.5841,3.90,1.000,0.842,0.682,0.341
S,0.2386,-0.0929,-0.9667,14.54,0.969,0.979,0.989,0.406
S,0.0131,0.6651,-0.7466,13.65,1.000,0.966,0.866,0.399
S,-0.7293,-0.6264,-0.2754,6.76,1.000,0.968,0.868,0.739
S,-0.7074,-0.4352,0.5569,10.41,0.998,0.958,0.858,0.735
S,0.4376,0.4408,-0.7837,7.48,0.832,0.902,1.000,0.963
S,-0.6283,-0.6801,0.3777,12.57,1.000,0.970,0.870,0.538
S,-0.2837,0.0892,-0.9547,3.40,0.981,0.991,1.000,0.455
S,-0.9045,-0.1681,0.3921,3.40,1.000,0.965,0.865,0.520
S,-0.9478,-0.1118,-0.2986,4.68,0.937,0.967,1.000,0.700
S,0.8964,-0.3855,-0.2188,3.98,1.000,0.967,0.867,0.438
S,-0.9803,-0.1185,-0.1581,4.47,0.996,0.956,0.856,0.903
S,-0.2086,0.8674,0.4517,4.26,0.988,0.998,1.000,0.393
S,-0.7230,-0.1237,0.6797,5.83,0.818,0.888,0.998,0.965
S,0.6867,0.1022,-0.7198,8.52,0.936,0.966,1.000,0.683
S,0.5656,0.4770,0.6727,6.95,1.000,0.971,0.871,0.484
S,-0.3585,-0.8282,0.4308,3.45,1.000,0.963,0.863,0.795
S,0.8693,-0.1527,0.4701,11.99,0.982,0.992,1.000,0.713
S,0.2082,0.0229,-0.9778,3.52,0.990,1.000,1.000,0.392
S,-0.4663,-0.7333,-0.4947,15.38,0.975,0.985,0.995,0.905
S,-0.4306,-0.8853,-0.1756,3.40,0.977,0.987,0.997,0.483
S,-0.4910,-0.5633,-0.6645,3.40,0.924,0.954,0.994,0.541
S,-0.9172,-0.3985,0.0023,3.80,1.000,0.963,0.863,0.617
S,0.0489,-0.9306,-0.3628,4.41,0.814,0.884,0.994,0.568
S,0.9191,0.3846,0.0859,3.40,0.975,0.985,0.995,0.591
S,-0.0811,0.9950,-0.0581,3.45,0.968,0.978,0.988,0.346
S,0.8957,0.4240,-0.1339,3.77,1.000,0.961,0.861,0.650
S,-0.7537,0.2448,0.6099,3.77,0.991,1.000,1.000,0.609
S,0.7657,0.4551,0.4545,3.66,0.984,0.994,1.000,0.784
S,0.4267,-0.3477,-0.8349,3.43,0.942,0.972,1.000,0.575
S,0.7130,-0.2417,-0.6582,3.40,0.983,0.993,1.000,0.801
S,0.4733,0.8184,0.3260,3.40,0.980,0.990,1.000,0.621
S,-0.4310,-0.7081,-0.5593,3.76,0.938,0.968,1.000,0.555
S,0.0614,0.0745,0.9953,9.89,1.000,0.971,0.871,0.347
S,0.2981,-0.0195,-0.9543,12.36,1.000,0.966,0.866,0.937
S,-0.3061,-0.8819,0.3585,3.40,0.999,0.959,0.859,0.369
S,0.8560,-0.3325,-0.3959,3.88,1.000,0.960,0.860,0.622
S,-0.1683,0.8713,0.4610,3.43,0.808,0.878,0.988,0.782
S,0.5238,-0.8441,-0.1147,4.69,1.000,0.968,0.868,0.354
S,-0.4259,-0.6293,0.6500,7.58,1.000,0.964,0.864,0.887
S,-0.0996,-0.7014,-0.7057,7.21,1.000,0.847,0.687,0.370
S,-0.5634,-0.7489,0.3488,6.79,0.979,0.989,0.999,0.819
S,0.4280,0.9013,0.0673,7.10,0.970,0.980,0.990,0.432
S,0.0285,0.7456,0.6658,3.42,0.992,1.000,1.000,0.578
S,0.3679,-0.2400,0.8984,11.23,0.999,0.959,0.859,0.635
S,0.4189,0.6620,0.6216,7.74,0.981,0.991,1.000,0.652
S,-0.8864,-0.4604,-0.0484,3.78,1.000,0.965,0.865,0.345
S,-0.1238,0.8090,-0.5746,8.68,1.000,0.972,0.872,0.849
S,0.7744,-0.2915,-0.5616,3.40,0.977,0.987,0.997,0.592
S,-0.0661,0.8226,0.5647,13.79,1.000,0.961,0.861,0.914
S,-0.0238,-0.7654,0.6431,3.51,0.929,0.959,0.999,0.624
S,-0.6213,0.7668,0.1612,7.48,0.969,0.979,0.989,0.897
S,-0.3479,-0.8958,-0.2767,3.40,0.971,0.981,0.991,0.445
S,0.8108,0.3921,-0.4346,3.75,0.938,0.968,1.000,0.385
S,0.8289,0.5590,0.0178,3.88,1.000,0.966,0.866,0.540
S,0.1229,0.6037,0.7876,6.18,0.976,0.986,0.996,0.662
S,-0.4322,-0.3029,0.8494,9.20,0.991,1.000,1.000,0.968
S,0.8559,-0.5119,0.0734,3.46,0.926,0.956,0.996,0.414
S,0.7967,0.4902,-0.3534,4.04,0.989,0.999,1.000,0.428
S,-0.8766,0.2865,-0.3867,3.40,1.000,0.968,0.868,0.658
S,-0.8461,-0.5102,-0.1543,6.25,0.976,0.986,0.996,0.438
S,-0.5630,-0.7235,0.3995,3.52,0.925,0.955,0.995,0.452
S,-0.4755,0.4475,-0.7574,3.42,1.000,0.967,0.867,0.464
S,-0.2815,-0.4292,-0.8582,4.51,0.969,0.979,0.989,0.966
S,0.9838,-0.1295,0.1243,3.40,0.968,0.978,0.988,0.774
S,-0.0059,-0.0017,-1.0000,3.68,0.989,0.949,0.849,0.364
S,0.3496,-0.4699,0.8105,3.41,0.816,0.886,0.996,1.000
S,-0.7454,-0.6661,-0.0259,9.18,0.935,0.965,1.000,0.853
S,-0.2113,0.0652,0.9752,15.54,1.000,0.965,0.865,0.469
S,-0.6536,0.2143,-0.7259,9.83,0.978,0.988,0.998,0.565
S,-0.4885,-0.5235,-0.6981,3.58,0.975,0.985,0.995,0.344
S,-0.3252,0.7218,-0.6109,4.21,0.983,0.993,1.000,0.593
S,-0.3836,0.2301,0.8944,10.73,0.828,0.898,1.000,0.827
S,0.8078,-0.1883,0.5586,6.68,0.993,0.833,0.673,0.740
S,0.5403,0.8211,-0.1838,3.43,0.983,0.993,1.000,0.676
S,0.6522,0.6539,0.3835,11.30,1.000,0.851,0.691,0.607
S,-0.4306,0.0371,0.9018,3.40,1.000,0.842,0.682,0.411
S,0.3013,0.0285,-0.9531,5.78,1.000,0.965,0.865,0.467
S,0.6462,0.5762,-0.5005,3.98,0.995,0.835,0.675,0.975
S,-0.9571,0.2771,-0.0849,3.87,0.974,0.984,0.994,0.756
S,0.6522,0.7578,0.0184,3.40,0.992,1.000,1.000,0.626
S,0.5302,0.4925,0.6902,3.40,0.986,0.996,1.000,0.348
S,0.6883,0.5211,0.5046,3.52,1.000,0.970,0.870,0.840
S,-0.9818,-0.0237,0.1886,3.41,0.970,0.980,0.990,0.726
S,0.1916,0.9699,0.1506,3.49,1.000,0.971,0.871,0.550
S,0.7526,-0.2947,-0.5888,3.43,0.999,0.959,0.859,0.957
S,0.9436,0.2781,0.1796,7.42,0.984,0.994,1.000,0.487
S,0.5731,0.8177,-0.0535,4.82,0.978,0.988,0.998,0.783
S,0.7320,-0.4289,-0.5294,3.40,0.926,0.956,0.996,0.493
S,-0.1719,0.7016,-0.6916,16.15,0.931,0.961,1.000,0.741
S,-0.0026,-0.8340,0.5517,15.56,0.993,0.953,0.853,0.522
S,-0.2728,-0.4037,-0.8733,12.28,1.000,0.969,0.869,0.750
S,0.3852,0.4848,-0.7853,3.75,0.821,0.891,1.000,0.371
S,0.7090,-0.6675,-0.2275,3.79,0.971,0.981,0.991,0.614
S,-0.3759,0.8678,-0.3250,10.25,1.000,0.968,0.868,0.455
S,-0.4011,0.1115,-0.9092,3.40,0.989,0.949,0.849,0.405
S,0.2807,-0.4430,0.8515,4.13,1.000,0.965,0.865,0.654
S,0.3226,0.9383,-0.1249,6.66,0.991,1.000,1.000,0.448
S,-0.2222,-0.0807,0.9717,3.40,0.990,0.950,0.850,0.498
S,-0.1499,-0.7696,-0.6207,3.41,1.000,0.967,0.867,0.358
S,-0.3154,0.4129,-0.8544,3.44,0.975,0.985,0.995,0.416
S,0.9643,0.2648,0.0029,3.40,0.992,0.952,0.852,0.596
S,-0.9536,0.0157,-0.3007,7.95,0.986,0.996,1.000,0.881
S,-0.5775,-0.7382,0.3487,5.82,0.984,0.994,1.000,0.599
S,0.9362,0.2084,-0.2829,3.41,0.971,0.981,0.991,0.579
S,-0.7400,0.2571,0.6215,3.40,0.931,0.961,1.000,0.682
S,0.8009,0.4522,0.3925,3.40,1.000,0.841,0.681,0.492
S,-0.2422,0.5207,0.8187,8.30,0.991,1.000,1.000,0.938
S,-0.6995,-0.6521,0.2923,14.90,1.000,0.967,0.867,0.351
S,-0.6236,0.7518,-0.2144,3.71,0.983,0.993,1.000,0.586
S,-0.3581,0.1395,-0.9232,7.46,0.999,0.959,0.859,0.343
S,0.9886,-0.1502,-0.0001,3.41,0.814,0.884,0.994,0.507
S,0.9290,-0.0892,-0.3593,3.42,0.989,0.999,1.000,0.345
S,-0.6584,-0.4584,-0.5969,3.50,0.976,0.986,0.996,0.400
S,-0.3632,0.1653,-0.9169,7.20,0.984,0.994,1.000,0.597
S,-0.6558,-0.2003,-0.7279,7.71,0.981,0.991,1.000,0.346
S,-0.9194,0.2942,0.2610,15.27,0.969,0.979,0.989,0.747
S,-0.9901,0.1344,0.0410,13.44,0.994,0.834,0.674,0.679
S,0.8813,-0.3749,0.2878,10.91,0.988,0.998,1.000,0.438
S,0.6143,-0.1324,-0.7779,7.25,0.994,0.834,0.674,0.407
S,-0.3282,0.3847,-0.8627,6.91,0.990,1.000,1.000,0.860
S,-0.3257,-0.8205,-0.4698,3.50,0.825,0.895,1.000,0.423
S,0.3571,-0.8742,-0.3290,3.40,0.969,0.979,0.989,0.524
S,-0.3678,0.2013,0.9079,8.77,0.922,0.952,0.992,0.405
S,0.9385,-0.0177,0.3447,3.50,0.818,0.888,0.998,0.691
S,0.4861,0.2378,-0.8409,3.48,0.921,0.951,0.991,0.355
S,0.0482,-0.1672,0.9847,3.92,1.000,0.969,0.869,0.385
S,0.2396,-0.9098,0.3388,15.51,1.000,0.961,0.861,0.493
S,0.2017,-0.7114,-0.6732,3.41,0.977,0.987,0.997,0.362
S,-0.0098,0.2112,-0.9774,9.93,0.934,0.964,1.000,0.456
S,0.5388,0.2436,-0.8064,3.52,0.989,0.999,1.000,0.555
S,-0.7297,0.6505,0.2106,6.76,0.994,0.954,0.854,0.470
S,-0.8356,-0.0458,-0.5474,6.76,0.995,0.955,0.855,0.938
S,0.2298,-0.0186,-0.9731,5.34,0.827,0.897,1.000,0.408
S,0.4913,-0.8153,0.3063,7.83,0.935,0.965,1.000,0.562
S,0.9835,-0.1738,0.0511,3.60,0.994,0.954,0.854,0.649
S,-0.8732,0.4281,0.2331,4.67,1.000,0.966,0.866,0.577
S,-0.7916,-0.2847,-0.5407,7.91,1.000,0.970,0.870,0.623
S,-0.2691,0.5009,0.8226,12.67,0.984,0.994,1.000,0.584
S,-0.4501,0.1494,0.8804,3.41,0.991,0.951,0.851,0.479
S,0.1433,-0.8492,0.5083,3.41,0.999,0.959,0.859,0.580
S,-0.8957,-0.3961,0.2022,3.40,0.979,0.989,0.999,0.569
S,0.2237,0.9631,0.1496,16.25,0.989,0.949,0.849,0.496
S,-0.4529,0.2627,0.8520,3.89,1.000,0.964,0.864,0.650
S,0.3029,-0.9328,0.1953,3.74,0.820,0.890,1.000,0.434
S,-0.1166,-0.3182,-0.9408,4.54,0.830,0.900,1.000,0.759
S,0.9077,0.0241,-0.4190,9.72,0.938,0.968,1.000,0.659
S,-0.6094,-0.6395,-0.4687,10.98,0.986,0.996,1.000,0.807
S,-0.2267,0.4799,-0.8475,7.86,0.970,0.980,0.990,0.552
S,-0.8985,-0.4311,0.0828,3.40,1.000,0.969,0.869,0.467
S,-0.0647,-0.2422,-0.9681,3.46,0.985,0.995,1.000,0.667
S,0.1932,0.4383,-0.8778,6.27,0.971,0.981,0.991,0.696
S,0.3957,-0.8032,0.4453,12.40,0.988,0.948,0.848,0.897
S,0.5453,0.4943,0.6770,3.41,0.992,1.000,1.000,0.831
S,-0.6288,0.2985,-0.7180,3.62,1.000,0.842,0.682,0.355
S,-0.5972,-0.0985,0.7960,3.42,0.983,0.993,1.000,0.672
S,0.7062,0.1227,-0.6972,3.58,0.980,0.990,1.000,0.381
S,-0.4888,0.5339,-0.6899,4.15,0.970,0.980,0.990,0.823
S,0.2256,-0.6414,0.7333,18.88,0.971,0.981,0.991,0.429
S,0.8905,-0.2052,0.4061,6.97,1.000,0.970,0.870,0.346
S,-0.9429,-0.1026,0.3168,7.29,0.972,0.982,0.992,0.637
S,0.8604,-0.0664,0.5052,5.77,1.000,0.962,0.862,0.639
S,-0.0773,-0.5075,0.8582,4.68,0.993,0.953,0.853,0.823
S,0.2915,-0.8631,-0.4125,3.87,0.988,0.998,1.000,0.504
S,-0.4784,0.8375,-0.2640,9.52,0.973,0.983,0.993,0.609
S,-0.3831,0.3214,0.8660,8.37,1.000,0.971,0.871,0.392
S,0.1126,-0.3868,0.9153,6.31,0.818,0.888,0.998,0.393
S,0.6618,-0.3862,0.6425,3.40,0.990,1.000,1.000,0.353
S,-0.8295,0.2908,-0.4768,8.34,0.993,0.953,0.853,0.704
S,-0.4093,-0.3734,0.8325,3.46,0.991,1.000,1.000,0.371
S,0.0226,-0.0216,-0.9995,4.44,0.973,0.983,0.993,0.350
S,0.4346,0.5823,0.6870,9.17,0.974,0.984,0.994,0.445
S,-0.3029,-0.9365,0.1767,3.42,1.000,0.962,0.862,0.992
S,0.5530,0.5665,-0.6110,4.22,0.994,0.954,0.854,0.381
S,0.9886,-0.1493,-0.0202,3.42,0.982,0.992,1.000,0.499
S,0.2658,-0.9482,0.1737,6.89,0.929,0.959,0.999,0.506
S,-0.5583,-0.7210,-0.4104,4.43,1.000,0.963,0.863,0.536
S,0.1660,0.6187,0.7679,4.18,0.990,1.000,1.000,0.434
S,-0.6888,-0.2943,-0.6625,3.40,0.824,0.894,1.000,0.445
S,-0.6306,-0.7043,-0.3261,3.40,0.988,0.998,1.000,0.490
S,0.1626,0.0427,0.9858,3.40,0.976,0.986,0.996,0.587
S,0.9970,-0.0175,0.0760,4.85,0.993,0.953,0.853,0.603
S,-0.0318,-0.9995,-0.0026,5.38,0.977,0.987,0.997,0.737
S,-0.4472,-0.8915,0.0726,3.44,0.935,0.965,1.000,0.586
S,-0.5959,-0.7915,0.1358,3.40,0.976,0.986,0.996,0.774
S,-0.3241,-0.1841,0.9279,3.47,0.823,0.893,1.000,0.555
S,0.8036,0.2773,-0.5266,16.72,1.000,0.844,0.684,0.466
S,0.3251,0.2065,0.9228,3.41,0.986,0.996,1.000,0.759
S,-0.4380,-0.5692,0.6958,3.84,0.819,0.889,0.999,0.788
S,0.3137,-0.1700,0.9342,15.28,0.970,0.980,0.990,0.895
S,-0.3360,0.8358,0.4341,12.81,0.986,0.996,1.000,0.553
S,0.2137,0.3466,-0.9134,3.62,0.999,0.959,0.859,0.476
S,0.4404,0.7873,-0.4315,5.71,1.000,0.962,0.862,0.921
S,0.9809,-0.1767,-0.0815,9.27,0.994,0.954,0.854,0.377
S,0.6628,-0.6850,0.3025,3.96,0.810,0.880,0.990,0.423
S,0.3336,0.4730,0.8155,3.40,1.000,0.965,0.865,0.344
S,0.1101,-0.9580,0.2649,11.35,0.988,0.948,0.848,0.863
S,-0.0444,0.2208,0.9743,7.83,0.975,0.985,0.995,0.410
S,0.0248,0.8610,0.5079,4.94,0.984,0.994,1.000,0.396
S,-0.4931,0.3545,0.7945,10.58,0.973,0.983,0.993,0.398
S,-0.0381,0.9939,0.1031,3.40,0.986,0.996,1.000,0.402
S,-0.9103,0.0066,0.4139,7.14,0.939,0.969,1.000,0.587
S,0.1370,-0.4770,-0.8682,6.89,0.977,0.987,0.997,0.420
S,-0.8021,0.5603,0.2065,3.88,0.821,0.891,1.000,0.971
S,0.2565,0.0822,-0.9630,3.59,0.992,1.000,1.000,0.857
S,-0.6912,0.7212,0.0458,5.27,0.813,0.883,0.993,0.458
S,-0.9211,-0.0819,-0.3806,3.55,0.819,0.889,0.999,0.958
S,0.3527,-0.6224,0.6987,8.88,0.988,0.998,1.000,0.868
S,-0.1901,-0.4172,0.8887,10.55,0.990,0.830,0.670,0.446
S,-0.2026,0.9316,0.3018,3.41,0.809,0.879,0.989,0.343
S,-0.7110,0.6165,-0.3383,3.41,1.000,0.964,0.864,0.501
S,-0.7505,-0.3822,0.5391,3.79,0.981,0.991,1.000,0.565
S,-0.6960,0.0223,-0.7177,9.58,1.000,0.960,0.860,0.986
S,-0.8325,0.0978,0.5454,6.48,1.000,0.963,0.863,0.754
S,0.0647,0.9928,0.1012,5.93,0.983,0.993,1.000,0.735
S,-0.9916,0.0776,-0.1035,3.91,0.986,0.996,1.000,0.808
S,0.4005,-0.8915,-0.2117,3.45,0.990,0.950,0.850,0.356
S,-0.7161,0.4932,-0.4940,10.38,0.975,0.985,0.995,0.837
S,-0.8906,-0.0626,-0.4504,3.44,0.991,1.000,1.000,0.435
S,0.3574,0.9338,-0.0175,5.71,0.974,0.984,0.994,0.790
S,0.7513,-0.6586,-0.0420,9.82,0.832,0.902,1.000,0.729
S,0.7577,0.6264,-0.1832,3.73,0.988,0.948,0.848,0.359
S,0.4600,-0.6760,-0.5758,3.41,0.811,0.881,0.991,0.428
S,-0.1892,0.4477,0.8739,5.41,0.973,0.983,0.993,0.534
S,-0.4131,-0.8878,0.2028,9.89,0.972,0.982,0.992,0.501
S,-0.3895,0.3405,0.8558,3.40,0.989,0.999,1.000,0.929
S,-0.2506,-0.0300,0.9676,7.68,0.921,0.951,0.991,0.373
S,-0.8940,0.4111,-0.1783,3.46,0.929,0.959,0.999,0.566
S,0.5681,-0.0496,-0.8215,3.42,0.808,0.878,0.988,0.615
S,-0.2126,-0.8772,-0.4306,3.67,0.979,0.989,0.999,0.894
S,0.9328,-0.1130,-0.3422,15.62,0.969,0.979,0.989,0.399
S,0.0124,0.9461,0.3236,3.65,0.992,1.000,1.000,0.356
S,-0.0968,0.2104,-0.9728,3.40,1.000,0.841,0.681,0.391
S,-0.1319,-0.8047,0.5789,3.41,0.974,0.984,0.994,0.608
S,0.2681,-0.7826,-0.5619,3.40,0.985,0.995,1.000,0.379
S,0.7141,-0.5276,0.4602,12.86,0.980,0.990,1.000,0.448
S,0.7713,0.5485,-0.3229,3.55,0.935,0.965,1.000,0.759
S,0.6195,-0.2718,0.7365,3.41,0.987,0.997,1.000,0.379
S,-0.2912,0.8495,-0.4399,15.17,0.987,0.997,1.000,0.795
S,-0.5699,-0.8198,0.0564,6.38,0.819,0.889,0.999,0.413
S,-0.7888,-0.1601,0.5934,3.50,0.989,0.999,1.000,0.866
S,0.7633,0.0823,0.6407,4.04,0.968,0.978,0.988,0.819
S,-0.7425,-0.6312,-0.2243,6.25,0.977,0.987,0.997,0.489
S,0.1911,0.8586,-0.4757,3.40,0.938,0.968,1.000,0.790
S,-0.6889,0.6646,0.2893,3.40,0.924,0.954,0.994,0.818
S,-0.0223,0.9294,0.3683,3.53,0.984,0.994,1.000,0.373
S,0.2494,0.9659,0.0697,4.16,0.968,0.978,0.988,0.369
S,-0.0129,-0.9626,0.2706,9.56,0.996,0.836,0.676,0.381
S,-0.4877,0.8250,0.2857,12.34,1.000,0.847,0.687,0.384
S,-0.6927,-0.4461,-0.5668,3.40,0.975,0.985,0.995,0.939
S,0.5251,-0.5923,-0.6112,3.95,0.973,0.983,0.993,0.561
S,-0.4897,0.7487,-0.4469,6.84,0.813,0.883,0.993,0.485
S,-0.9195,-0.3930,0.0029,12.55,0.997,0.957,0.857,0.581
S,-0.2649,0.1629,-0.9504,4.53,0.921,0.951,0.991,0.847
S,0.2330,-0.8618,-0.4506,13.96,0.991,0.951,0.851,0.455
S,-0.4821,0.3987,0.7802,3.52,1.000,0.968,0.868,0.404
S,-0.9076,0.4170,-0.0484,3.99,0.986,0.996,1.000,0.648
S,-0.0541,0.9582,-0.2809,3.40,0.990,0.950,0.850,0.550
S,0.6482,-0.7599,0.0496,7.52,0.832,0.902,1.000,0.498
S,-0.7332,-0.2938,0.6132,3.40,0.992,1.000,1.000,0.480
S,0.5341,-0.8151,0.2244,3.40,0.990,1.000,1.000,0.345
S,0.3793,-0.9252,0.0071,3.41,0.814,0.884,0.994,0.456
S,0.8008,-0.5625,-0.2058,3.88,0.975,0.985,0.995,0.611
S,0.0649,0.7655,0.6401,4.67,1.000,0.967,0.867,0.974
S,0.9564,0.2572,-0.1382,17.28,0.995,0.955,0.855,0.679
S,0.8144,-0.5751,0.0777,7.61,0.992,1.000,1.000,0.455
S,-0.1094,-0.9938,-0.0206,3.44,0.817,0.887,0.997,0.370
S,0.5534,0.8184,0.1550,3.42,0.832,0.902,1.000,0.923
S,-0.8368,-0.3662,0.4070,3.53,0.942,0.972,1.000,0.473
S,0.9115,0.3088,0.2716,14.22,0.820,0.890,1.000,0.937
S,-0.4822,0.8759,0.0147,3.40,0.818,0.888,0.998,0.367
S,-0.2392,-0.8347,-0.4960,15.66,0.973,0.983,0.993,0.347
S,0.1221,-0.8959,-0.4271,4.41,0.991,1.000,1.000,0.367
S,-0.1166,-0.8521,-0.5102,3.93,0.996,0.956,0.856,0.357
S,0.9332,-0.1959,0.3013,9.87,0.828,0.898,1.000,0.753
S,0.7650,-0.6364,-0.0985,3.40,0.996,0.956,0.856,0.654
S,-0.0922,-0.9534,0.2873,10.75,1.000,0.966,0.866,0.746
S,0.8699,0.4745,-0.1347,3.40,1.000,0.852,0.692,0.799
S,-0.5295,-0.4400,-0.7252,3.41,0.995,0.955,0.855,0.725
S,-0.1484,0.9099,0.3874,17.10,0.998,0.958,0.858,0.851
S,0.0507,0.7664,0.6404,4.43,0.822,0.892,1.000,0.785
S,0.6278,-0.2922,-0.7215,3.42,0.968,0.978,0.988,0.362
S,0.3598,-0.4865,-0.7962,7.09,0.988,0.998,1.000,0.408
S,0.2944,-0.8338,0.4671,3.67,1.000,0.961,0.861,0.394
S,0.7184,-0.6951,0.0248,10.97,0.988,0.998,1.000,0.751
S,-0.3506,0.2544,0.9013,16.78,0.918,0.948,0.988,0.340
S,-0.2788,-0.0538,-0.9588,3.69,0.983,0.993,1.000,0.377
S,-0.8693,-0.0939,0.4852,3.40,1.000,0.842,0.682,0.941
S,-0.4147,-0.2173,0.8836,3.40,0.973,0.983,0.993,0.755
S,0.0991,-0.9901,-0.0991,7.68,0.992,1.000,1.000,0.873
S,-0.7723,-0.5894,0.2370,3.41,0.971,0.981,0.991,0.341
S,-0.4763,-0.2510,0.8427,4.01,0.985,0.995,1.000,0.737
S,-0.3476,0.0634,0.9355,8.39,0.924,0.954,0.994,0.390
S,0.9657,-0.0289,-0.2580,4.47,0.998,0.958,0.858,0.373
S,-0.2617,-0.8632,0.4317,3.98,1.000,0.969,0.869,0.916
S,0.2433,-0.9698,0.0156,3.40,0.982,0.992,1.000,0.378
S,-0.6011,-0.6186,-0.5061,5.66,0.971,0.981,0.991,0.573
S,-0.3364,-0.5613,-0.7562,5.95,0.982,0.992,1.000,0.938
S,-0.6143,-0.4332,-0.6596,6.36,0.990,1.000,1.000,0.685
S,0.0869,0.7532,-0.6520,3.40,0.974,0.984,0.994,0.654
S,0.1426,-0.7397,0.6576,3.55,1.000,0.971,0.871,0.430
S,-0.9402,0.3079,-0.1456,3.57,0.987,0.997,1.000,0.808
S,-0.8288,0.1777,0.5306,3.41,0.988,0.998,1.000,0.664
S,-0.5909,-0.8013,0.0935,4.12,0.974,0.984,0.994,0.382
S,0.5892,-0.7990,0.1199,6.13,0.830,0.900,1.000,0.771
S,-0.8057,-0.1523,-0.5723,3.53,0.997,0.957,0.857,0.918
S,0.1259,0.9920,0.0022,4.34,1.000,0.962,0.862,0.340
S,-0.6842,0.7271,-0.0565,3.40,0.994,0.954,0.854,0.758
S,0.5838,0.3785,0.7183,3.40,1.000,0.968,0.868,0.505
S,0.7504,0.6526,-0.1054,3.40,0.941,0.971,1.000,0.344
S,-0.8426,0.4895,0.2245,3.40,0.995,0.955,0.855,0.346
S,-0.3213,-0.2936,0.9003,3.40,0.998,0.958,0.858,0.391
S,-0.0126,-0.4014,-0.9158,3.98,0.989,0.949,0.849,0.488
S,0.8220,-0.5332,-0.2002,3.40,0.934,0.964,1.000,0.517
S,0.8847,0.3305,-0.3288,15.51,0.975,0.985,0.995,0.520
S,-0.3072,0.2158,-0.9268,8.62,0.995,0.955,0.855,0.593
S,0.2615,0.8987,-0.3522,12.00,0.978,0.988,0.998,0.496
S,-0.9402,-0.2393,0.2423,3.40,0.921,0.951,0.991,0.340
S,-0.4851,0.2976,0.8223,3.58,0.978,0.988,0.998,0.385
S,-0.4419,0.3542,-0.8242,14.74,0.975,0.985,0.995,0.361
S,0.3126,-0.7428,0.5920,4.19,0.821,0.891,1.000,0.468
S,0.3179,-0.9162,-0.2437,7.07,0.972,0.982,0.992,0.498
S,-0.2995,-0.1649,-0.9398,12.35,0.988,0.998,1.000,0.935
S,-0.8653,0.1503,-0.4782,4.18,0.993,0.953,0.853,0.868
S,-0.7271,0.4189,0.5440,3.56,0.831,0.901,1.000,0.693
S,0.1774,0.1157,-0.9773,3.41,0.988,0.998,1.000,0.653
S,0.6517,-0.0655,-0.7557,3.40,0.977,0.987,0.997,0.730
S,-0.2322,0.5611,0.7945,4.32,0.987,0.997,1.000,0.952
S,-0.5395,0.0739,-0.8387,5.90,0.990,1.000,1.000,0.348
S,-0.6100,0.7576,0.2323,4.43,0.991,1.000,1.000,0.505
S,-0.0683,0.1436,0.9873,3.40,0.813,0.883,0.993,0.397
S,-0.8307,0.3154,-0.4588,3.77,0.937,0.967,1.000,0.629
S,0.7248,0.5616,-0.3991,4.35,0.970,0.980,0.990,0.893
S,-0.1593,0.2621,-0.9518,11.55,0.827,0.897,1.000,0.611
S,-0.8839,0.3158,0.3449,3.49,0.969,0.979,0.989,0.570
S,-0.2365,0.1652,-0.9575,3.40,0.983,0.993,1.000,0.409
S,-0.0916,0.5634,0.8211,15.58,1.000,0.967,0.867,0.606
S,-0.7806,-0.0330,0.6242,3.58,0.988,0.998,1.000,0.458
S,0.8558,-0.2331,-0.4618,3.41,0.988,0.998,1.000,0.645
S,0.7665,-0.4753,0.4320,3.73,0.930,0.960,1.000,0.581
S,-0.8170,-0.2712,-0.5089,3.40,0.990,1.000,1.000,0.482
S,0.9688,0.1574,0.1917,11.34,0.981,0.991,1.000,0.419
S,-0.9336,-0.3155,0.1700,3.40,0.991,0.951,0.851,0.476
S,-0.0330,-0.5205,-0.8532,8.84,0.822,0.892,1.000,0.609
S,-0.8208,0.3287,-0.4672,4.83,0.808,0.878,0.988,0.398
S,0.2820,-0.3362,0.8986,13.49,0.978,0.988,0.998,0.993
S,0.0798,0.7710,0.6319,16.89,1.000,0.965,0.865,0.880
S,0.3901,0.3577,-0.8484,3.40,0.972,0.982,0.992,0.455
S,-0.6809,0.0674,-0.7292,3.43,0.812,0.882,0.992,0.801
S,0.7296,-0.6806,0.0667,4.63,0.981,0.991,1.000,0.914
S,-0.4136,0.8835,0.2201,11.26,0.985,0.995,1.000,0.470
S,0.9703,0.2005,-0.1357,3.40,0.988,0.828,0.668,0.549
S,-0.0125,0.2484,0.9686,3.40,0.976,0.986,0.996,0.358
S,0.4467,-0.6876,-0.5724,3.50,0.980,0.990,1.000,0.649
S,0.4694,-0.3008,-0.8302,6.42,0.998,0.958,0.858,0.395
S,0.8188,0.5735,0.0238,11.68,0.978,0.988,0.998,0.470
S,-0.0420,-0.9613,0.2722,8.30,0.974,0.984,0.994,0.844
S,0.5442,0.7722,0.3279,9.95,0.974,0.984,0.994,0.488
S,-0.9559,0.2047,-0.2105,3.65,1.000,0.961,0.861,0.923
S,-0.3268,0.8648,0.3813,15.87,0.985,0.995,1.000,0.627
S,0.2016,-0.9546,0.2192,4.72,0.983,0.993,1.000,0.437
S,0.1009,-0.9818,0.1610,3.42,0.975,0.985,0.995,0.386
S,0.1154,-0.3949,0.9115,16.65,0.988,0.828,0.668,0.816
S,0.3329,-0.5875,-0.7376,3.40,1.000,0.963,0.863,0.567
S,-0.7215,-0.6102,0.3273,5.85,0.991,1.000,1.000,0.341
S,-0.8997,0.4314,-0.0669,3.40,0.995,0.955,0.855,0.668
S,0.6750,-0.6367,-0.3727,3.40,0.980,0.990,1.000,0.343
S,-0.0609,0.9851,0.1611,3.40,0.994,0.954,0.854,0.377
S,0.3590,-0.2302,-0.9045,6.83,0.973,0.983,0.993,0.748
S,-0.3914,0.7348,0.5539,3.41,0.996,0.956,0.856,0.962
S,0.9401,-0.2146,0.2647,3.50,0.988,0.998,1.000,0.524
S,0.3737,0.8201,0.4332,5.82,0.982,0.992,1.000,0.551
S,0.0944,0.8593,-0.5026,4.05,0.970,0.980,0.990,0.822
S,0.9954,0.0182,-0.0945,3.74,0.927,0.957,0.997,0.967
S,0.2116,0.9771,-0.0206,4.00,0.939,0.969,1.000,0.344
S,-0.9287,-0.3200,-0.1874,4.70,0.985,0.995,1.000,0.578
S,0.6262,-0.5456,-0.5569,3.40,0.995,0.955,0.855,0.366
S,0.7562,0.6544,0.0033,7.71,0.809,0.879,0.989,0.497
S,-0.8613,-0.2002,0.4671,6.00,0.990,0.950,0.850,0.466
S,-0.1826,-0.3224,-0.9288,16.36,0.985,0.995,1.000,0.460
S,0.5296,0.7496,0.3970,3.40,0.986,0.996,1.000,0.527
S,-0.7252,0.4814,0.4923,14.18,0.989,0.999,1.000,0.413
S,0.5597,-0.2323,0.7954,3.55,0.969,0.979,0.989,0.354
S,0.6543,0.6268,0.4232,5.33,0.990,0.950,0.850,0.652
S,0.3291,-0.8541,-0.4027,7.36,0.994,0.954,0.854,0.443
S,-0.3410,-0.9204,0.1915,11.28,0.988,0.998,1.000,0.814
S,0.5143,0.8177,0.2587,14.29,0.980,0.990,1.000,0.447
S,0.6581,-0.0948,-0.7469,10.72,0.979,0.989,0.999,0.488
S,-0.6328,0.4369,-0.6393,13.67,1.000,0.961,0.861,0.347
S,0.4698,0.7917,-0.3905,3.40,1.000,0.969,0.869,0.776
S,-0.1451,-0.7352,-0.6621,5.34,1.000,0.962,0.862,0.383
S,0.9220,-0.3811,-0.0690,6.71,0.829,0.899,1.000,0.477
S,0.5886,0.3686,0.7195,9.07,0.991,0.951,0.851,0.756
S,-0.7942,0.0024,0.6077,3.60,0.968,0.978,0.988,0.858
S,-0.6753,0.3448,-0.6520,3.93,0.996,0.956,0.856,0.658
S,-0.1817,0.9712,0.1539,3.40,0.995,0.955,0.855,0.611
S,-0.0943,0.1098,-0.9895,3.99,0.992,0.952,0.852,0.891
S,-0.0842,-0.7844,0.6145,3.40,0.988,0.948,0.848,0.604
S,0.6342,0.7072,-0.3125,3.44,1.000,0.967,0.867,0.510
S,-0.8397,-0.4021,-0.3650,5.95,0.976,0.986,0.996,0.981
S,0.7049,0.0572,0.7070,15.58,0.998,0.958,0.858,0.568
S,-0.6097,-0.2391,-0.7557,4.77,1.000,0.970,0.870,0.684
S,-0.2173,-0.7341,0.6433,3.40,0.972,0.982,0.992,0.683
S,0.1313,-0.3930,0.9101,3.43,1.000,0.969,0.869,0.578
S,-0.7889,-0.2522,0.5604,4.09,0.816,0.886,0.996,0.343
S,-0.9034,0.2659,-0.3363,3.40,1.000,0.960,0.860,0.836
S,0.8072,0.5116,0.2946,3.41,0.980,0.990,1.000,0.555
S,-0.3411,0.8346,-0.4325,10.87,1.000,0.966,0.866,0.555
S,0.6439,0.2647,0.7179,3.47,0.973,0.983,0.993,0.810
S,-0.6968,-0.1144,-0.7081,3.41,0.984,0.994,1.000,0.544
S,0.2609,0.9611,0.0906,4.16,0.813,0.883,0.993,0.991
S,0.0998,0.9676,-0.2319,16.29,0.983,0.993,1.000,0.477
S,-0.3565,-0.5670,0.7426,3.41,0.981,0.991,1.000,0.702
S,-0.6054,-0.5460,0.5791,3.45,0.988,0.828,0.668,0.784
S,-0.0385,-0.2762,-0.9603,4.89,1.000,0.972,0.872,0.512
S,-0.4312,0.8154,0.3863,7.13,1.000,0.966,0.866,0.625
S,-0.2004,-0.3844,0.9012,3.40,0.974,0.984,0.994,0.782
S,-0.1965,0.5634,0.8025,3.40,0.827,0.897,1.000,0.341
S,-0.0368,-0.2861,-0.9575,16.67,0.829,0.899,1.000,0.880
S,-0.4880,-0.4642,-0.7391,6.90,0.980,0.990,1.000,0.473
S,-0.2766,-0.4276,0.8606,12.90,0.968,0.978,0.988,0.844
S,-0.4478,-0.4531,0.7708,7.45,0.984,0.994,1.000,0.863
S,0.0327,0.6299,-0.7760,8.30,1.000,0.968,0.868,0.513
S,-0.3139,-0.5347,-0.7845,3.45,0.920,0.950,0.990,0.886
S,0.5535,0.5844,-0.5934,3.43,0.990,0.950,0.850,0.670
S,-0.3006,0.7013,-0.6464,3.57,0.988,0.948,0.848,0.751
S,0.8041,0.5937,-0.0311,3.44,0.829,0.899,1.000,0.400
S,-0.0156,0.0986,0.9950,4.45,0.993,0.953,0.853,0.580
S,-0.4437,0.8397,-0.3131,5.28,1.000,0.963,0.863,0.365
S,-0.0006,0.2694,0.9630,3.55,1.000,0.970,0.870,0.930
S,-0.3608,-0.8413,-0.4025,3.42,0.970,0.980,0.990,0.755
S,0.2081,0.4332,0.8770,3.41,0.981,0.991,1.000,0.375
S,0.7272,0.5683,-0.3850,5.40,0.969,0.979,0.989,0.816
S,-0.7078,-0.5563,-0.4354,9.04,0.976,0.986,0.996,0.606
S,0.3399,-0.8704,0.3561,3.40,0.920,0.950,0.990,0.887
S,-0.0944,0.2335,-0.9678,3.44,0.938,0.968,1.000,0.347
S,-0.0079,0.0596,-0.9982,4.93,1.000,0.965,0.865,0.421
S,0.7242,0.0243,-0.6892,7.41,0.986,0.996,1.000,0.482
S,0.0686,0.1139,0.9911,3.97,0.991,0.951,0.851,0.511
S,0.4381,0.6859,0.5810,13.71,0.920,0.950,0.990,0.845
S,0.1044,-0.2028,-0.9736,4.08,0.995,0.955,0.855,0.420
S,0.4943,-0.6933,-0.5245,3.57,0.989,0.999,1.000,0.770
S,0.1696,-0.8712,-0.4608,10.12,0.971,0.981,0.991,0.461
S,0.9056,-0.3576,0.2281,6.07,0.812,0.882,0.992,0.381
S,0.9494,0.2401,-0.2024,4.69,0.971,0.981,0.991,0.490
S,-0.8131,0.0985,-0.5737,3.40,0.991,0.951,0.851,0.432
S,0.0390,-0.6257,-0.7791,3.48,0.986,0.996,1.000,0.515
S,-0.3477,0.1002,-0.9322,7.07,0.985,0.995,1.000,0.827
S,0.0825,0.7115,0.6978,10.34,0.998,0.958,0.858,0.686
S,0.0687,-0.9916,-0.1094,3.41,1.000,0.842,0.682,0.372
S,0.3217,-0.3570,0.8770,5.57,0.996,0.956,0.856,0.410
S,-0.7331,-0.1178,0.6699,4.05,0.983,0.993,1.000,0.468
S,-0.4283,-0.4237,0.7982,3.40,0.829,0.899,1.000,0.386
S,0.5915,0.6178,-0.5182,4.80,0.996,0.956,0.856,0.618
S,0.5736,0.4037,0.7127,3.41,0.989,0.999,1.000,0.343
S,0.4181,-0.9052,-0.0762,10.37,0.994,0.954,0.854,0.654
S,0.2852,-0.7076,-0.6465,6.56,1.000,0.968,0.868,0.615
S,0.8696,0.0601,-0.4900,3.98,1.000,0.847,0.687,0.523
S,-0.2517,0.2590,0.9325,3.40,0.825,0.895,1.000,0.385
S,-0.2195,-0.2089,0.9530,3.64,0.968,0.978,0.988,0.815
S,-0.0868,0.5789,0.8107,3.40,0.970,0.980,0.990,0.570
S,0.6429,-0.3110,-0.7000,3.44,1.000,0.963,0.863,0.625
S,0.2816,-0.1572,-0.9466,4.82,0.986,0.996,1.000,0.356
S,-0.8097,0.0902,0.5799,10.74,0.972,0.982,0.992,0.385
S,-0.5110,-0.0665,0.8570,3.46,0.936,0.966,1.000,0.505
S,0.7363,-0.3680,-0.5678,11.22,0.929,0.959,0.999,0.645
S,-0.2005,0.9609,0.1911,4.94,0.812,0.882,0.992,0.395
S,0.9788,0.1520,0.1372,3.46,0.992,1.000,1.000,0.668
S,0.7505,-0.2400,0.6158,7.49,1.000,0.972,0.872,0.723
S,-0.1992,0.2020,0.9589,4.95,0.984,0.994,1.000,0.622
S,-0.0274,0.3401,-0.9400,3.56,0.986,0.996,1.000,0.790
S,0.0138,0.9174,0.3978,15.83,1.000,0.967,0.867,0.745
S,0.3404,-0.9378,0.0678,7.34,0.828,0.898,1.000,0.536
S,-0.8413,-0.5004,-0.2046,3.49,0.937,0.967,1.000,0.498
S,0.5196,0.8485,0.1005,5.53,1.000,0.970,0.870,0.445
S,-0.3586,-0.8854,-0.2957,3.62,0.985,0.995,1.000,0.442
S,-0.9212,0.2913,0.2579,3.40,0.972,0.982,0.992,0.924
S,-0.7210,0.3842,0.5766,4.05,0.994,0.954,0.854,0.540
S,-0.5044,-0.7260,0.4674,3.49,1.000,0.964,0.864,0.466
S,0.9348,0.3445,0.0869,5.31,0.972,0.982,0.992,0.379
S,0.4340,-0.5031,-0.7473,8.78,1.000,0.967,0.867,0.446
S,-0.9009,0.0077,0.4340,5.52,0.984,0.994,1.000,0.347
S,0.9273,-0.3708,0.0523,7.05,0.932,0.962,1.000,0.784
S,0.9652,-0.2607,-0.0223,6.29,0.918,0.948,0.988,0.862
S,-0.3825,-0.0885,-0.9197,3.72,0.925,0.955,0.995,0.532
S,0.7706,-0.4038,-0.4931,14.77,0.968,0.978,0.988,0.982
S,0.1508,-0.4910,0.8580,17.14,0.828,0.898,1.000,0.648
S,-0.8607,0.4571,0.2241,3.51,0.823,0.893,1.000,0.762
S,-0.7967,0.2028,0.5694,14.62,1.000,0.972,0.872,0.979
S,-0.1750,-0.8232,-0.5401,3.51,0.993,0.953,0.853,0.477
S,0.0733,-0.8225,-0.5640,3.47,0.992,1.000,1.000,0.370
S,0.9561,-0.2869,0.0593,4.12,0.995,0.835,0.675,0.682
S,0.2862,0.6858,-0.6691,6.66,1.000,0.849,0.689,0.480
S,0.4603,-0.4333,-0.7749,3.40,0.968,0.978,0.988,0.843
S,-0.8859,0.2814,0.3689,7.73,0.825,0.895,1.000,0.884
S,-0.3758,-0.3563,0.8555,3.41,1.000,0.967,0.867,0.959
S,0.3502,-0.7268,0.5909,3.92,0.999,0.959,0.859,0.956
S,0.5649,-0.1091,0.8179,10.05,0.972,0.982,0.992,0.623
S,-0.8567,-0.2702,0.4393,3.40,0.989,0.949,0.849,0.839
S,0.9514,0.2276,-0.2075,3.96,0.817,0.887,0.997,0.977
S,0.8510,-0.3519,0.3899,3.91,1.000,0.967,0.867,0.951
S,-0.2564,0.2646,0.9297,3.40,0.982,0.992,1.000,0.393
S,0.3920,0.4535,-0.8004,3.99,0.985,0.995,1.000,0.489
S,0.6274,-0.6848,-0.3705,4.72,0.976,0.986,0.996,0.565
S,0.9935,0.1004,0.0543,3.58,0.975,0.985,0.995,0.976
S,-0.3013,0.8851,0.3548,12.65,0.969,0.979,0.989,0.498
S,0.7774,0.6146,-0.1338,9.77,0.974,0.984,0.994,0.343
S,-0.9878,-0.1339,0.0799,9.69,0.993,0.953,0.853,0.578
S,0.8363,-0.5133,-0.1927,3.41,0.831,0.901,1.000,0.960
S,-0.9672,0.2331,-0.1010,5.69,1.000,0.963,0.863,0.454
S,-0.2104,-0.9632,0.1671,3.95,0.977,0.987,0.997,0.518
S,-0.9973,0.0371,-0.0639,3.41,0.984,0.994,1.000,0.940
S,0.6010,-0.2138,-0.7701,3.86,0.987,0.997,1.000,0.442
S,0.9290,0.3688,-0.0292,7.05,0.997,0.957,0.857,0.477
S,-0.7627,0.4661,-0.4484,4.12,0.990,1.000,1.000,0.617
S,-0.8315,0.5528,0.0550,3.94,0.981,0.991,1.000,0.916
S,0.3449,-0.3420,0.8741,3.40,1.000,0.960,0.860,0.661
S,0.5531,-0.2624,-0.7907,6.94,0.985,0.995,1.000,0.340
S,0.8351,-0.2965,-0.4633,3.58,0.820,0.890,1.000,0.352
S,0.6868,-0.3971,-0.6087,14.74,0.974,0.984,0.994,0.555
S,0.1757,-0.1860,0.9667,7.44,0.977,0.987,0.997,0.631
S,0.6845,-0.7158,-0.1383,5.86,0.919,0.949,0.989,0.698
S,0.4332,0.6661,-0.6072,15.49,0.973,0.983,0.993,0.835
S,0.3125,-0.5122,0.8000,3.41,1.000,0.848,0.688,0.340
S,0.8902,0.4553,-0.0154,3.40,0.971,0.981,0.991,0.769
S,0.0821,0.2819,-0.9559,3.55,0.974,0.984,0.994,0.354
S,-0.9922,-0.0014,0.1246,3.40,0.988,0.998,1.000,0.414
S,0.5821,0.8112,-0.0556,6.59,0.990,1.000,1.000,0.583
S,-0.2004,0.2866,0.9368,6.70,1.000,0.966,0.866,0.671
S,-0.9957,0.0111,-0.0922,3.55,1.000,0.969,0.869,0.777
S,-0.2372,0.3689,0.8987,13.81,0.926,0.956,0.996,0.584
S,-0.3045,-0.8126,0.4969,16.87,0.977,0.987,0.997,0.348
S,0.5956,-0.6964,-0.4002,16.14,0.969,0.979,0.989,0.790
S,-0.7804,-0.1446,0.6084,3.40,0.997,0.957,0.857,0.377
S,0.4926,0.7913,0.3622,12.00,0.998,0.958,0.858,0.491
S,0.7162,0.6021,0.3528,4.44,0.931,0.961,1.000,0.403
S,-0.5460,0.3717,-0.7508,4.38,0.990,1.000,1.000,0.350
S,0.4051,0.4097,-0.8173,3.79,0.918,0.948,0.988,0.846
S,-0.4747,0.0367,-0.8794,3.40,0.991,0.951,0.851,0.344
S,-0.9283,-0.3717,-0.0032,3.66,0.991,0.951,0.851,0.385
S,-0.7688,-0.3495,0.5356,3.81,0.984,0.994,1.000,0.751
S,0.8303,-0.2164,0.5135,5.68,1.000,0.961,0.861,0.799
S,-0.8246,0.5595,0.0836,3.44,1.000,0.962,0.862,0.633
S,0.1480,-0.9878,-0.0496,7.22,0.981,0.991,1.000,0.913
S,-0.8480,-0.1906,-0.4946,12.76,1.000,0.968,0.868,0.789
S,-0.0081,0.1797,-0.9837,4.48,0.830,0.900,1.000,0.544
S,-0.2727,-0.7379,-0.6173,3.93,1.000,0.968,0.868,0.604
S,-0.8265,0.5178,0.2208,3.40,0.935,0.965,1.000,0.961
S,-0.5417,0.6946,0.4734,3.65,0.927,0.957,0.997,0.392
S,-0.0811,0.3530,-0.9321,3.40,0.924,0.954,0.994,0.949
S,-0.0813,-0.8275,0.5555,6.53,0.816,0.886,0.996,0.835
S,-0.4599,-0.8799,-0.1196,4.20,0.977,0.987,0.997,0.391
S,-0.5710,-0.8173,-0.0776,3.40,0.990,0.950,0.850,0.851
S,-0.8887,0.3503,-0.2957,6.07,0.985,0.995,1.000,0.539
S,-0.6038,-0.0100,-0.7971,3.92,0.985,0.995,1.000,0.404
S,0.0588,-0.7630,0.6437,12.90,1.000,0.964,0.864,0.999
S,-0.9785,-0.1222,-0.1661,4.32,0.971,0.981,0.991,0.706
S,-0.7194,-0.3378,-0.6070,13.51,0.981,0.991,1.000,0.532
S,0.8710,-0.3423,-0.3524,4.98,0.989,0.999,1.000,0.423
S,0.9713,0.2372,-0.0194,3.40,0.996,0.956,0.856,0.621
S,0.7000,-0.7128,-0.0436,11.19,0.984,0.994,1.000,0.401
S,0.3525,0.3562,0.8654,3.41,1.000,0.968,0.868,0.450
S,-0.0013,-0.0232,0.9997,16.23,0.977,0.987,0.997,0.707
S,-0.1583,0.9828,0.0948,11.98,0.968,0.978,0.988,0.342
S,-0.2288,0.5434,-0.8077,3.40,0.977,0.987,0.997,0.356
S,0.9675,0.1210,0.2220,15.21,0.974,0.984,0.994,0.692
S,-0.0082,-0.6477,-0.7618,3.45,0.997,0.957,0.857,0.532
S,-0.1739,0.9619,-0.2112,14.39,0.988,0.998,1.000,0.449
S,-0.1321,0.6187,0.7744,4.36,1.000,0.971,0.871,0.358
S,-0.5710,-0.0805,0.8170,3.40,0.987,0.997,1.000,0.340
S,-0.1936,-0.8422,-0.5032,3.49,0.940,0.970,1.000,0.343
S,0.1830,0.5920,0.7849,5.36,0.989,0.949,0.849,0.764
S,-0.7392,0.1911,-0.6458,8.46,0.990,0.950,0.850,0.939
S,-0.5084,-0.5252,-0.6824,3.45,1.000,0.972,0.872,0.556
S,0.9161,-0.3288,-0.2294,3.56,0.972,0.982,0.992,0.906
S,-0.9467,0.3207,0.0298,3.41,0.978,0.988,0.998,0.944
S,-0.2511,0.9679,0.0051,15.34,0.996,0.956,0.856,0.463
S,-0.5915,0.6513,0.4753,3.93,0.986,0.996,1.000,0.636
S,-0.6637,0.7400,-0.1089,4.39,0.933,0.963,1.000,0.497
S,0.7356,0.5707,0.3650,3.71,0.995,0.955,0.855,0.663
S,0.6124,0.4406,-0.6564,4.52,0.931,0.961,1.000,0.744
S,0.3945,0.7714,0.4994,7.49,0.970,0.980,0.990,0.588
S,0.0304,-0.4350,0.8999,5.92,1.000,0.963,0.863,0.340
S,-0.6762,0.5977,0.4307,15.61,0.968,0.978,0.988,0.363
S,-0.0673,0.2783,-0.9581,4.75,0.920,0.950,0.990,0.478
S,-0.0524,-0.9925,-0.1109,9.62,0.998,0.838,0.678,0.821
S,-0.9024,-0.2241,0.3680,4.32,0.985,0.995,1.000,0.341
S,-0.5658,0.6155,0.5486,10.95,0.984,0.994,1.000,0.897
S,0.6035,0.7968,0.0304,25.47,0.988,0.948,0.848,0.365
S,-0.4327,-0.8892,-0.1486,5.86,0.816,0.886,0.996,0.538
S,0.5073,0.2035,-0.8374,13.81,0.969,0.979,0.989,0.632
S,-0.1761,0.9329,0.3142,3.97,0.830,0.900,1.000,0.784
S,-0.2813,-0.7691,0.5740,9.73,0.809,0.879,0.989,0.371
S,-0.2588,0.0360,0.9653,5.43,0.815,0.885,0.995,0.975
S,-0.5468,-0.6673,-0.5057,3.40,0.973,0.983,0.993,0.395
S,0.8305,-0.5569,0.0147,3.98,1.000,0.844,0.684,0.986
S,0.9294,-0.3655,-0.0522,7.96,0.920,0.950,0.990,0.907
S,-0.9590,-0.1567,-0.2363,3.41,0.970,0.980,0.990,0.467
S,0.5624,-0.7683,-0.3057,12.99,0.810,0.880,0.990,0.979
S,-0.2680,0.8898,0.3695,3.65,1.000,0.972,0.872,0.374
S,0.8997,0.4294,-0.0787,8.12,0.991,0.951,0.851,0.899
S,0.1061,0.9909,-0.0826,3.40,1.000,0.963,0.863,0.713
S,0.9045,-0.2177,-0.3668,4.60,0.974,0.984,0.994,0.815
S,-0.8011,-0.3584,-0.4794,5.42,0.973,0.983,0.993,0.748
S,0.0123,-0.4495,0.8932,3.41,0.995,0.955,0.855,0.384
S,0.7717,0.2997,0.5610,3.51,0.990,0.950,0.850,0.351
S,-0.1890,-0.8173,0.5444,7.56,0.935,0.965,1.000,0.559
S,0.1222,-0.9138,0.3874,3.41,0.809,0.879,0.989,0.427
S,-0.2788,-0.3526,0.8933,12.40,0.970,0.980,0.990,0.395
S,0.0083,0.9876,-0.1565,8.54,0.977,0.987,0.997,0.383
S,0.1204,-0.2962,0.9475,3.77,0.925,0.955,0.995,0.481
S,-0.5546,0.8310,0.0419,5.94,0.994,0.834,0.674,0.960
S,-0.1584,-0.0823,0.9839,23.23,0.984,0.994,1.000,0.447
S,-0.5089,-0.6244,-0.5925,3.42,0.993,0.833,0.673,0.353
S,-0.1367,0.7320,0.6674,3.85,0.990,1.000,1.000,0.370
S,-0.8235,-0.4949,-0.2774,3.64,0.974,0.984,0.994,0.619
S,-0.4188,0.8968,0.1425,3.45,0.974,0.984,0.994,0.629
S,0.2076,-0.9025,-0.3775,15.93,0.983,0.993,1.000,0.695
S,0.2957,0.8798,-0.3723,6.57,1.000,0.964,0.864,0.878
S,-0.0136,-0.9786,0.2052,7.53,1.000,0.972,0.872,0.785
S,-0.9511,0.3084,-0.0168,3.40,0.978,0.988,0.998,0.407
S,0.9050,-0.3926,-0.1638,3.51,0.974,0.984,0.994,0.606
S,-0.1189,-0.7067,0.6975,3.55,0.975,0.985,0.995,0.531
S,-0.5753,-0.8080,-0.1270,4.42,0.986,0.996,1.000,0.351
S,0.0866,0.4489,0.8894,4.48,0.824,0.894,1.000,0.455
S,-0.9764,-0.0739,-0.2031,3.41,0.922,0.952,0.992,0.364
S,-0.8815,-0.4597,-0.1079,3.95,0.811,0.881,0.991,0.347
S,-0.7036,0.0635,0.7078,3.48,0.919,0.949,0.989,0.367
S,0.0788,0.3927,-0.9163,3.41,1.000,0.970,0.870,0.404
S,-0.0219,-0.9724,-0.2322,14.54,0.975,0.985,0.995,0.460
S,-0.8568,0.1777,0.4840,5.95,0.978,0.988,0.998,0.912
S,0.7359,-0.4972,-0.4596,6.72,0.989,0.949,0.849,0.711
S,0.1630,0.3236,0.9321,3.41,0.999,0.959,0.859,0.534
S,-0.3326,0.9430,0.0108,3.57,0.818,0.888,0.998,0.915
S,0.8504,0.4673,0.2416,5.28,0.982,0.992,1.000,0.711
S,-0.3144,-0.0454,-0.9482,3.40,0.976,0.986,0.996,0.514
S,-0.4542,-0.1480,0.8785,7.66,0.988,0.948,0.848,0.483
S,-0.2406,0.5213,-0.8187,3.40,0.988,0.998,1.000,0.658
S,0.0059,0.9367,-0.3501,3.40,1.000,0.972,0.872,0.805
S,-0.0525,0.9481,-0.3135,3.40,0.982,0.992,1.000,0.552
S,-0.2914,-0.3601,-0.8862,3.81,0.980,0.990,1.000,0.414
S,0.5716,-0.4633,-0.6773,3.46,0.978,0.988,0.998,0.384
S,0.6884,-0.3530,0.6337,6.96,0.918,0.948,0.988,0.834
S,-0.1566,-0.9861,0.0548,5.37,0.993,0.953,0.853,0.617
S,0.8679,0.0751,-0.4910,12.83,0.984,0.994,1.000,0.359
S,0.7616,0.0370,-0.6470,17.39,0.927,0.957,0.997,0.978
S,0.4686,0.7421,-0.4793,3.41,1.000,0.961,0.861,0.900
S,0.7675,-0.5545,0.3216,16.81,1.000,0.971,0.871,0.526
S,0.6170,-0.0971,-0.7809,6.76,0.984,0.994,1.000,0.543
S,0.5608,-0.8269,-0.0416,3.81,0.977,0.987,0.997,0.795
S,-0.7023,-0.0306,0.7112,12.25,0.974,0.984,0.994,0.621
S,-0.4301,-0.5202,0.7379,3.96,0.920,0.950,0.990,0.413
S,0.8573,0.4302,-0.2828,6.46,0.816,0.886,0.996,0.544
S,0.0917,0.9762,0.1966,3.42,0.973,0.983,0.993,0.824
S,-0.9188,0.1494,0.3654,3.43,1.000,0.965,0.865,0.915
S,-0.3537,0.8003,0.4841,3.43,0.989,0.949,0.849,0.979
S,-0.0693,0.2183,0.9734,3.45,0.992,1.000,1.000,0.945
S,0.0362,-0.3320,-0.9426,5.38,0.988,0.948,0.848,0.647
S,-0.5706,0.5897,-0.5715,4.36,0.996,0.956,0.856,0.602
S,-0.3364,0.4923,0.8028,11.96,0.817,0.887,0.997,0.408
S,-0.2520,0.7885,-0.5610,11.47,0.817,0.887,0.997,0.499
S,-0.7242,-0.3641,-0.5856,3.41,1.000,0.970,0.870,0.574
S,-0.2771,0.1887,0.9421,4.29,1.000,0.969,0.869,0.393
S,0.9919,-0.1141,0.0549,3.40,0.987,0.997,1.000,0.448
S,0.3252,-0.3982,0.8577,10.25,0.978,0.988,0.998,0.631
S,-0.0691,-0.7479,-0.6602,3.42,0.977,0.987,0.997,0.375
S,0.8122,0.5826,-0.0319,4.75,0.976,0.986,0.996,0.486
S,0.9040,-0.0056,0.4274,7.43,0.814,0.884,0.994,0.991
S,-0.9293,0.0122,0.3692,4.49,0.973,0.983,0.993,0.472
S,0.5668,0.6597,-0.4935,3.47,0.981,0.991,1.000,0.521
S,0.7631,-0.6290,0.1487,3.97,0.969,0.979,0.989,0.715
S,-0.3234,0.8890,0.3241,3.41,0.972,0.982,0.992,0.554
S,-0.6088,0.2847,0.7405,14.30,0.824,0.894,1.000,0.574
S,0.1449,0.6431,-0.7520,7.60,1.000,0.966,0.866,0.390
S,0.2443,-0.3475,-0.9053,6.89,0.984,0.994,1.000,0.637
S,0.6599,0.7251,-0.1971,15.00,0.920,0.950,0.990,0.360
S,-0.7093,-0.1140,0.6956,9.39,0.987,0.997,1.000,0.435
S,0.7009,0.5946,-0.3939,8.20,0.984,0.994,1.000,0.379
S,-0.7048,-0.1538,-0.6925,3.41,0.828,0.898,1.000,0.563
S,0.0087,0.4194,0.9077,6.60,0.968,0.978,0.988,0.475
S,-0.9700,0.2421,-0.0233,5.41,0.993,0.953,0.853,0.733
S,-0.8732,0.1094,-0.4749,3.44,0.997,0.957,0.857,0.499
S,-0.9767,-0.1068,-0.1861,10.29,1.000,0.969,0.869,0.868
S,-0.3727,-0.5670,-0.7346,10.64,0.970,0.980,0.990,0.444
S,-0.6439,-0.0700,0.7619,3.76,1.000,0.967,0.867,0.862
S,0.5512,0.6135,-0.5655,3.44,0.822,0.892,1.000,0.598
S,0.7100,-0.1680,0.6839,12.30,0.995,0.955,0.855,0.821
S,-0.8428,-0.4940,0.2137,4.86,0.970,0.980,0.990,0.340
S,0.0016,0.9914,0.1307,3.41,0.994,0.954,0.854,0.808
S,-0.5162,-0.2142,-0.8292,8.57,1.000,0.970,0.870,0.600
S,0.7099,-0.2383,-0.6628,4.97,1.000,0.965,0.865,0.747
S,-0.1083,-0.6649,-0.7390,13.15,1.000,0.966,0.866,0.749
S,-0.2131,-0.8257,0.5224,5.47,0.998,0.958,0.858,0.877
S,-0.5418,0.7736,-0.3285,4.87,0.970,0.980,0.990,0.627
S,-0.5231,0.8504,-0.0566,7.63,0.992,1.000,1.000,0.950
S,0.3851,0.3834,-0.8395,3.65,0.970,0.980,0.990,0.364
S,-0.8918,-0.1498,0.4269,5.51,0.813,0.883,0.993,0.428
S,0.6740,0.6505,-0.3501,9.49,1.000,0.966,0.866,0.341
S,-0.4158,0.9084,0.0433,10.04,1.000,0.967,0.867,0.601
S,0.8882,0.2047,0.4114,10.01,0.991,1.000,1.000,0.879
S,0.2912,-0.8580,0.4232,16.74,1.000,0.970,0.870,0.687
S,-0.3283,0.9314,0.1570,6.49,0.832,0.902,1.000,0.801
S,-0.9613,-0.2702,0.0545,6.99,0.987,0.997,1.000,0.894
S,0.1762,0.9829,-0.0532,3.54,0.938,0.968,1.000,0.804
S,0.4719,-0.3733,0.7988,13.31,0.995,0.955,0.855,0.349
S,0.1168,0.1648,-0.9794,15.15,0.985,0.995,1.000,0.847
S,-0.0243,0.0840,-0.9962,3.69,1.000,0.972,0.872,0.559
S,-0.3000,-0.7832,0.5446,14.77,0.820,0.890,1.000,0.689
S,0.5984,0.1379,-0.7892,7.20,0.989,0.949,0.849,0.358
S,-0.6283,-0.0255,-0.7775,3.55,1.000,0.963,0.863,0.977
S,-0.6160,0.5577,-0.5563,3.58,0.973,0.983,0.993,0.607
S,0.2620,0.8995,0.3497,5.80,0.989,0.949,0.849,0.989
S,-0.1633,0.8633,-0.4775,4.21,0.969,0.979,0.989,0.361
S,-0.1170,-0.4975,0.8595,3.90,0.989,0.949,0.849,0.648
S,-0.6896,-0.6791,0.2517,3.70,1.000,0.967,0.867,0.808
S,-0.9618,-0.2144,0.1700,3.86,0.990,0.950,0.850,0.747
S,-0.7712,0.1930,-0.6066,3.54,0.987,0.997,1.000,0.345
S,0.9996,-0.0222,0.0162,3.40,1.000,0.848,0.688,0.726
S,0.2056,0.3949,0.8954,3.40,0.978,0.988,0.998,0.417
S,0.9460,-0.1249,0.2991,3.40,0.935,0.965,1.000,0.594
S,0.7032,0.3939,-0.5919,7.46,0.814,0.884,0.994,0.697
S,0.7074,-0.7066,0.0140,11.69,0.939,0.969,1.000,0.393
S,-0.0566,0.3836,0.9218,3.65,0.930,0.960,1.000,0.526
S,0.1651,-0.1095,-0.9802,3.40,0.981,0.991,1.000,0.581
S,0.9275,-0.0344,-0.3723,5.94,0.986,0.996,1.000,0.835
S,-0.0471,0.2533,0.9662,7.72,0.971,0.981,0.991,0.456
S,0.5665,-0.8181,-0.0987,9.02,0.977,0.987,0.997,0.761
S,-0.0961,0.0614,-0.9935,3.89,0.927,0.957,0.997,0.479
S,0.9862,-0.0889,0.1395,3.45,0.977,0.987,0.997,0.451
S,-0.5327,0.5680,0.6274,8.88,0.925,0.955,0.995,0.612
S,-0.0232,0.6705,-0.7415,10.04,0.934,0.964,1.000,0.354
S,0.5347,-0.5551,0.6371,4.48,0.820,0.890,1.000,0.818
S,-0.3837,-0.8117,0.4403,13.44,0.815,0.885,0.995,0.959
S,-0.9876,-0.0157,0.1563,3.80,0.918,0.948,0.988,0.819
S,-0.7722,-0.2192,0.5964,3.40,0.984,0.994,1.000,0.626
S,-0.4706,-0.8615,0.1904,6.99,0.993,0.953,0.853,0.354
S,-0.3451,-0.3728,-0.8613,3.42,0.979,0.989,0.999,0.649
S,0.2394,0.7571,0.6079,3.40,0.825,0.895,1.000,0.458
S,0.0496,0.9336,0.3550,3.40,0.975,0.985,0.995,0.902
S,0.2295,0.3196,-0.9193,3.60,0.990,1.000,1.000,0.918
S,-0.0978,-0.3880,-0.9164,3.40,0.989,0.999,1.000,0.655
S,0.7910,0.2616,0.5530,9.59,0.971,0.981,0.991,0.431
S,0.0143,-0.7666,0.6420,3.50,0.982,0.992,1.000,0.690
S,0.3335,-0.5286,-0.7806,14.97,0.817,0.887,0.997,0.975
S,-0.0503,-0.7335,-0.6778,10.18,1.000,0.962,0.862,0.353
S,-0.7204,-0.0113,0.6934,4.55,0.974,0.984,0.994,0.859
S,-0.4390,-0.8209,-0.3653,6.03,0.971,0.981,0.991,0.464
S,0.3995,0.2095,-0.8925,3.81,0.991,1.000,1.000,0.579
S,0.2103,-0.9710,0.1140,6.49,0.994,0.954,0.854,0.550
S,0.3791,0.6411,-0.6672,4.86,0.970,0.980,0.990,0.795
S,0.8239,0.1513,-0.5461,3.62,1.000,0.972,0.872,0.554
S,-0.8539,-0.1161,0.5072,3.57,0.811,0.881,0.991,0.784
S,0.9356,0.3104,0.1683,4.39,0.981,0.991,1.000,0.747
S,-0.3669,0.3284,0.8704,3.40,0.981,0.991,1.000,0.470
S,0.5083,-0.8183,-0.2684,6.60,0.978,0.988,0.998,0.984
S,0.9552,0.2739,0.1119,12.04,1.000,0.972,0.872,0.351
S,-0.9450,-0.1736,0.2773,3.42,0.996,0.956,0.856,0.377
S,0.0541,0.5616,0.8256,3.41,0.972,0.982,0.992,0.698
S,0.9643,0.2315,0.1283,5.33,1.000,0.963,0.863,0.916
S,0.8872,-0.3564,-0.2929,3.46,0.992,0.832,0.672,0.632
S,0.9751,-0.1640,0.1490,14.28,0.983,0.993,1.000,0.370
S,-0.9410,0.1425,0.3069,3.54,0.825,0.895,1.000,0.409
S,-0.7616,0.5435,-0.3528,12.63,1.000,0.963,0.863,0.395
S,0.1802,-0.3682,0.9121,4.44,1.000,0.969,0.869,0.502
S,0.6653,-0.0405,0.7455,3.51,0.942,0.972,1.000,0.768
S,-0.0416,0.5923,0.8046,5.52,0.973,0.983,0.993,0.709
S,0.7796,-0.0415,0.6248,3.40,1.000,0.972,0.872,0.361
S,0.2103,0.4791,0.8522,3.41,0.983,0.993,1.000,0.923
S,-0.7448,-0.6511,0.1461,3.81,0.989,0.949,0.849,0.496
S,-0.5233,0.4112,-0.7464,14.53,0.970,0.980,0.990,0.685
S,0.7015,0.6221,-0.3477,11.85,0.988,0.998,1.000,0.387
S,-0.1023,-0.8485,-0.5191,9.45,1.000,0.968,0.868,0.364
S,0.7650,-0.5547,0.3272,5.33,0.822,0.892,1.000,0.340
S,-0.6798,-0.5392,-0.4971,10.50,0.825,0.895,1.000,0.405
S,-0.6042,0.1730,0.7778,3.72,0.985,0.995,1.000,0.471
S,-0.2668,-0.9456,-0.1861,3.74,0.984,0.994,1.000,0.705
S,-0.9722,-0.1610,0.1702,3.40,1.000,0.962,0.862,0.972
S,-0.4449,-0.8877,0.1189,3.48,0.831,0.901,1.000,0.631
S,0.2225,0.1643,-0.9610,3.40,0.983,0.993,1.000,0.591
S,-0.7344,0.4719,0.4879,3.40,0.974,0.984,0.994,0.736
S,0.1360,-0.9792,0.1507,3.40,1.000,0.969,0.869,0.715
S,0.9728,0.1538,0.1730,3.40,1.000,0.972,0.872,0.939
S,-0.1580,0.2419,-0.9573,10.09,0.827,0.897,1.000,0.679
S,-0.6687,-0.0865,-0.7385,5.27,1.000,0.971,0.871,0.670
S,0.7201,-0.6915,-0.0568,3.64,0.999,0.839,0.679,0.399
S,0.0501,-0.0233,-0.9985,3.72,0.832,0.902,1.000,0.894
S,-0.4940,-0.7971,-0.3473,16.22,0.987,0.997,1.000,0.576
S,0.3334,0.1749,0.9264,3.57,1.000,0.966,0.866,0.667
S,-0.6865,-0.3456,-0.6397,6.88,0.970,0.980,0.990,0.916
S,-0.4759,-0.1760,-0.8617,11.56,0.936,0.966,1.000,0.512
S,0.4206,0.8697,-0.2584,3.47,1.000,0.847,0.687,0.644
S,0.0514,-0.3860,-0.9211,4.13,0.982,0.992,1.000,0.611
S,0.3745,-0.3990,-0.8370,4.38,0.819,0.889,0.999,0.957
S,-0.9836,0.1604,-0.0824,3.45,1.000,0.847,0.687,0.897
S,0.0761,-0.1609,0.9840,3.40,0.824,0.894,1.000,0.505
S,-0.0959,0.0216,-0.9952,3.40,0.991,1.000,1.000,0.424
S,0.4398,-0.2717,-0.8560,3.73,0.974,0.984,0.994,0.799
S,-0.1946,0.5156,0.8344,3.42,0.990,0.950,0.850,0.804
S,-0.3624,0.9318,0.0224,3.40,0.926,0.956,0.996,0.411
S,-0.1626,0.9857,0.0446,3.68,0.985,0.995,1.000,0.928
S,0.5580,-0.7798,-0.2837,3.54,0.983,0.993,1.000,0.473
S,0.6874,-0.2287,-0.6893,4.67,0.990,1.000,1.000,0.933
S,-0.3709,0.5659,0.7363,11.61,0.819,0.889,0.999,0.447
S,0.4761,-0.8790,-0.0264,3.41,1.000,0.970,0.870,0.343
S,-0.5683,0.6087,-0.5537,4.74,1.000,0.961,0.861,0.593
S,-0.0330,-0.3224,0.9460,22.09,0.981,0.991,1.000,0.437
S,0.1209,-0.1276,0.9844,3.70,0.997,0.957,0.857,0.409
S,0.8260,0.1584,0.5409,5.48,0.992,1.000,1.000,0.702
S,0.5404,0.1828,-0.8213,11.82,0.937,0.967,1.000,0.779
S,-0.3161,0.4134,0.8539,7.12,0.990,0.950,0.850,0.731
S,0.7362,-0.6704,0.0923,4.71,0.969,0.979,0.989,0.794
S,0.9900,0.1378,0.0302,11.89,0.973,0.983,0.993,0.376
S,0.4160,0.2537,0.8733,9.58,0.995,0.955,0.855,0.481
S,-0.3132,0.4884,-0.8145,4.06,0.814,0.884,0.994,0.886
S,0.2634,-0.9603,0.0914,8.94,0.988,0.948,0.848,0.395
S,-0.9369,-0.3368,-0.0935,3.40,0.987,0.997,1.000,0.377
S,-0.6663,-0.5908,0.4550,4.56,0.992,0.952,0.852,0.896
S,-0.0917,0.4585,-0.8839,4.74,0.986,0.996,1.000,0.356
S,-0.8408,-0.4805,-0.2493,8.01,0.939,0.969,1.000,0.486
S,-0.2689,-0.6875,-0.6746,12.29,0.985,0.995,1.000,0.469
S,0.4561,-0.5655,-0.6871,6.90,1.000,0.971,0.871,0.426
S,-0.3438,-0.9295,0.1335,5.66,0.990,0.950,0.850,0.360
S,0.2479,0.6841,0.6860,13.55,0.979,0.989,0.999,0.819
S,-0.9222,0.3308,-0.2000,3.51,0.932,0.962,1.000,0.437
S,0.7734,0.3055,-0.5555,3.45,0.990,0.830,0.670,0.354
S,-0.1170,-0.1148,-0.9865,4.49,0.992,1.000,1.000,0.934
S,0.7257,0.6804,0.1026,3.40,0.919,0.949,0.989,0.485
S,0.5533,-0.8159,0.1677,3.40,0.969,0.979,0.989,0.465
S,-0.0418,0.9652,0.2581,12.08,0.989,0.999,1.000,0.456
S,-0.8609,0.4476,0.2417,10.27,0.980,0.990,1.000,0.769
S,-0.5519,-0.8041,0.2211,4.41,0.974,0.984,0.994,0.412
S,0.7185,-0.4030,0.5669,13.95,0.987,0.997,1.000,0.417
S,0.5290,-0.7818,0.3301,5.95,0.989,0.949,0.849,0.342
S,0.6841,0.0136,-0.7293,3.41,0.997,0.837,0.677,0.479
S,-0.6810,0.7191,-0.1383,3.41,0.995,0.955,0.855,0.649
S,-0.0268,0.7140,-0.6996,13.24,1.000,0.961,0.861,0.725
S,-0.2333,-0.4219,0.8761,7.93,0.989,0.949,0.849,0.367
S,-0.1024,0.7700,0.6298,4.06,0.975,0.985,0.995,0.615
S,-0.8457,-0.4467,0.2921,5.40,0.990,0.950,0.850,0.913
S,-0.5142,-0.5636,-0.6465,3.40,0.994,0.954,0.854,0.527
S,-0.2523,0.7669,-0.5901,4.83,1.000,0.970,0.870,0.345
S,0.0522,-0.3114,0.9489,3.40,0.816,0.886,0.996,0.553
S,-0.7082,-0.4088,0.5757,8.84,0.977,0.987,0.997,0.453
S,-0.4636,-0.1888,0.8657,3.80,0.974,0.984,0.994,0.437
S,0.8128,0.2176,0.5404,3.58,1.000,0.840,0.680,0.691
S,0.9766,-0.2033,-0.0698,7.63,0.989,0.949,0.849,0.491
S,0.3151,0.0139,0.9490,10.94,0.828,0.898,1.000,0.408
S,0.1295,0.3373,0.9325,5.61,0.997,0.837,0.677,0.580
S,-0.3118,-0.9452,-0.0966,3.40,1.000,0.964,0.864,0.344
S,0.4596,-0.8007,-0.3843,3.68,1.000,0.851,0.691,0.356
S,0.8173,-0.4992,-0.2877,8.68,0.991,0.951,0.851,0.732
S,-0.6769,-0.1677,-0.7167,15.01,1.000,0.972,0.872,0.585
S,-0.9408,0.3350,0.0512,4.77,0.968,0.978,0.988,0.775
S,0.4765,-0.6355,-0.6075,3.40,0.985,0.995,1.000,0.413
S,0.7494,0.6080,0.2622,3.49,0.974,0.984,0.994,0.621
S,-0.8624,0.0683,0.5015,3.56,0.971,0.981,0.991,0.618
S,-0.6034,-0.7875,0.1258,6.70,0.828,0.898,1.000,0.619
S,0.8220,0.5439,0.1687,11.23,0.828,0.898,1.000,0.551
S,-0.9558,-0.2503,-0.1543,4.01,0.997,0.957,0.857,0.702
S,-0.6529,0.2970,0.6968,3.75,1.000,0.848,0.688,0.362
S,-0.9138,0.0293,0.4052,4.32,0.972,0.982,0.992,0.746
S,-0.6908,0.1462,-0.7081,3.87,0.987,0.997,1.000,0.372
S,-0.7977,0.2562,-0.5459,6.55,0.813,0.883,0.993,0.595
S,-0.9331,-0.2275,0.2785,8.37,1.000,0.972,0.872,0.406
S,-0.0338,0.3709,0.9281,9.20,0.934,0.964,1.000,0.679
S,-0.8996,-0.4360,-0.0241,4.21,0.989,0.999,1.000,0.363
S,-0.0834,-0.9934,-0.0792,3.50,0.969,0.979,0.989,0.893
S,-0.5564,0.1210,-0.8221,12.72,0.990,0.830,0.670,0.399
S,-0.9736,0.0476,-0.2233,3.49,0.933,0.963,1.000,0.567
S,-0.7223,-0.4867,0.4913,5.94,0.997,0.957,0.857,0.845
S,0.7752,-0.2054,-0.5973,3.48,0.977,0.987,0.997,0.449
S,0.3196,-0.0274,0.9472,7.13,0.819,0.889,0.999,0.479
S,-0.7721,-0.4443,-0.4544,10.47,0.970,0.980,0.990,0.699
S,0.1834,0.2854,0.9407,3.40,0.989,0.999,1.000,0.899
S,0.8026,0.3949,-0.4471,3.42,0.985,0.995,1.000,0.535
S,-0.7928,0.5991,0.1119,16.22,0.931,0.961,1.000,0.438
S,-0.3470,-0.7115,-0.6111,6.68,0.924,0.954,0.994,0.527
S,0.0761,0.9194,0.3860,3.40,0.984,0.994,1.000,0.391
S,-0.0253,-0.7104,-0.7033,6.53,0.973,0.983,0.993,0.503
S,-0.8146,0.3556,-0.4583,9.40,0.826,0.896,1.000,0.784
S,-0.4061,-0.3847,-0.8289,15.65,0.975,0.985,0.995,0.772
S,-0.4898,-0.8552,0.1694,4.59,0.987,0.997,1.000,0.677
S,0.4904,0.4485,0.7473,3.75,0.992,0.952,0.852,0.572
S,0.6444,0.0802,0.7605,14.82,0.984,0.994,1.000,0.383
S,-0.2449,-0.9406,0.2351,3.75,0.985,0.995,1.000,0.663
S,0.7721,0.6312,0.0740,5.33,0.991,1.000,1.000,0.775
S,-0.3015,0.8814,0.3637,6.82,0.988,0.828,0.668,0.709
S,0.1269,0.0044,-0.9919,3.40,0.823,0.893,1.000,0.709
S,0.2719,-0.7023,0.6579,3.46,0.986,0.996,1.000,0.425
S,0.2920,-0.8668,-0.4043,3.48,0.974,0.984,0.994,0.412
S,0.0095,-0.9986,0.0521,3.42,0.819,0.889,0.999,0.427
S,-0.2149,0.5384,0.8148,10.50,0.983,0.993,1.000,0.462
S,0.5774,-0.7258,-0.3741,3.41,0.976,0.986,0.996,0.446
S,-0.3613,-0.2508,-0.8981,15.23,0.813,0.883,0.993,0.403
S,0.5269,-0.8434,-0.1053,3.68,1.000,0.841,0.681,0.367
S,-0.2783,-0.8955,0.3474,8.79,0.995,0.955,0.855,0.453
S,-0.8153,0.3092,0.4896,12.34,0.974,0.984,0.994,0.987
S,0.3105,-0.8473,0.4309,6.45,0.816,0.886,0.996,0.419
S,-0.8785,-0.1301,0.4596,7.02,0.988,0.948,0.848,0.981
S,-0.6019,0.5497,0.5793,3.45,0.992,1.000,1.000,0.792
S,-0.0542,-0.7778,-0.6262,6.37,0.919,0.949,0.989,0.773
S,0.8829,0.1540,-0.4436,3.72,0.982,0.992,1.000,0.828
S,-0.1721,0.7420,0.6479,3.87,0.809,0.879,0.989,0.847
S,-0.3851,0.5254,0.7588,3.81,0.973,0.983,0.993,0.576
S,0.9047,0.3638,-0.2217,5.33,0.994,0.954,0.854,0.383
S,0.6659,0.7409,0.0873,5.46,0.974,0.984,0.994,0.429
S,0.8844,0.0958,0.4568,8.66,1.000,0.845,0.685,0.766
S,0.3149,0.7496,-0.5821,3.47,0.986,0.996,1.000,0.463
S,-0.3211,0.9169,-0.2371,7.94,0.978,0.988,0.998,0.633
S,0.8511,0.4396,-0.2869,8.81,1.000,0.969,0.869,0.687
S,-0.9784,0.1597,0.1310,3.42,1.000,0.964,0.864,0.613
S,0.4899,-0.1198,0.8635,11.50,0.995,0.955,0.855,0.834
S,0.7867,0.5312,0.3146,3.40,0.976,0.986,0.996,0.976
S,0.1894,0.1761,0.9660,6.98,0.987,0.997,1.000,0.396
S,-0.4956,0.2916,-0.8182,4.82,1.000,0.963,0.863,0.342
S,-0.2157,0.0531,0.9750,16.79,1.000,0.846,0.686,0.743
S,-0.0000,-0.9448,-0.3276,4.03,0.998,0.958,0.858,0.355
S,-0.5524,-0.0921,-0.8285,3.40,0.989,0.999,1.000,0.343
S,0.2016,0.3030,-0.9314,3.62,0.976,0.986,0.996,0.850
S,0.2173,-0.6135,-0.7592,3.41,0.938,0.968,1.000,0.836
S,0.0133,0.9965,0.0826,7.39,0.989,0.999,1.000,0.827
S,0.3696,0.8462,-0.3840,3.59,0.975,0.985,0.995,0.833
S,0.7341,-0.0531,-0.6770,3.40,0.819,0.889,0.999,0.552
S,0.5932,0.1468,-0.7916,5.14,0.813,0.883,0.993,0.559
S,0.3400,-0.8155,0.4683,4.66,0.974,0.984,0.994,0.623
S,0.4587,-0.2561,0.8509,5.17,0.980,0.990,1.000,0.737
S,0.3649,0.9308,-0.0202,13.47,0.990,0.950,0.850,0.340
S,-0.3977,-0.8677,0.2982,15.87,0.975,0.985,0.995,0.658
S,-0.3576,-0.1188,0.9263,3.43,0.997,0.957,0.857,0.343
S,0.0010,-0.8277,-0.5611,3.83,0.922,0.952,0.992,0.474
S,-0.7221,0.4676,-0.5098,16.63,0.981,0.991,1.000,0.898
S,0.1912,0.8179,-0.5427,3.85,1.000,0.964,0.864,0.916
S,0.9902,-0.1242,-0.0633,12.00,1.000,0.963,0.863,0.588
S,0.2222,0.9688,-0.1102,7.15,0.988,0.998,1.000,0.525
S,-0.8998,-0.3392,0.2745,8.80,1.000,0.964,0.864,0.656
S,-0.1806,0.9782,-0.1025,3.82,1.000,0.961,0.861,0.458
S,0.9204,-0.3501,-0.1738,3.42,0.983,0.993,1.000,0.610
S,0.7017,-0.5047,0.5028,3.40,0.994,0.954,0.854,0.718
S,0.0659,-0.5766,0.8144,3.40,1.000,0.960,0.860,0.674
S,-0.5459,-0.2932,-0.7849,3.42,0.987,0.997,1.000,0.749
S,-0.2516,-0.7572,0.6028,5.53,0.996,0.956,0.856,0.843
S,-0.3771,-0.4857,-0.7886,7.28,0.987,0.997,1.000,0.922
S,-0.2191,0.3204,-0.9216,5.35,0.987,0.997,1.000,0.555
S,0.4225,-0.0323,0.9058,9.83,0.988,0.948,0.848,0.343
S,0.0177,0.5506,-0.8346,3.40,0.987,0.997,1.000,0.341
S,-0.4516,-0.2216,0.8643,3.61,0.984,0.994,1.000,0.997
S,-0.5917,-0.2707,0.7593,4.09,0.975,0.985,0.995,0.602
S,-0.0811,0.9658,0.2461,3.48,1.000,0.961,0.861,0.980
S,0.8180,0.2934,-0.4948,6.37,0.990,1.000,1.000,0.346
S,0.9084,-0.3932,0.1419,4.41,1.000,0.965,0.865,0.402
S,0.3900,-0.8719,0.2961,11.30,0.987,0.997,1.000,0.696
S,0.7405,0.1192,-0.6614,3.44,0.994,0.954,0.854,0.761
S,-0.3552,-0.7264,-0.5883,3.52,0.996,0.956,0.856,0.341
S,0.7346,0.4896,-0.4698,6.43,1.000,0.961,0.861,0.767
S,-0.8272,-0.4504,0.3361,3.40,0.997,0.957,0.857,0.520
S,0.6454,-0.3159,0.6955,14.07,0.920,0.950,0.990,0.828
S,0.4193,-0.9069,0.0412,3.44,0.828,0.898,1.000,0.345
S,0.9376,0.2398,0.2516,3.90,1.000,0.965,0.865,0.548
S,0.9971,0.0115,0.0754,12.82,1.000,0.972,0.872,0.463
S,0.3603,0.5085,0.7820,3.41,1.000,0.966,0.866,0.354
S,-0.1063,0.7351,0.6696,5.59,0.989,0.949,0.849,0.357
S,-0.2033,0.7918,0.5760,3.40,0.991,0.951,0.851,0.754
S,-0.8081,-0.2166,-0.5479,3.72,0.919,0.949,0.989,0.367
S,0.3891,-0.5600,-0.7314,4.45,0.984,0.994,1.000,0.499
S,-0.9789,0.1781,0.1005,6.22,0.998,0.958,0.858,0.997
S,-0.8845,-0.3783,-0.2730,5.36,0.972,0.982,0.992,0.442
S,0.9423,-0.1776,-0.2837,3.96,0.924,0.954,0.994,0.857
S,0.7101,-0.5809,0.3978,15.45,0.993,0.953,0.853,0.387
S,-0.7859,-0.3562,-0.5055,3.49,0.989,0.999,1.000,0.696
S,-0.7310,0.3892,-0.5605,3.58,0.932,0.962,1.000,0.417
S,-0.4232,-0.8409,-0.3374,4.00,0.974,0.984,0.994,0.886
S,-0.0490,-0.5451,0.8370,11.89,0.973,0.983,0.993,0.389
S,-0.2990,-0.9526,0.0560,12.52,0.974,0.984,0.994,0.648
S,-0.9983,-0.0564,0.0122,11.51,1.000,0.972,0.872,0.898
S,-0.3370,0.6817,-0.6494,5.29,0.998,0.958,0.858,0.963
S,-0.3125,0.9230,0.2248,5.45,0.991,0.951,0.851,0.360
S,-0.6245,-0.4280,0.6534,4.05,0.990,1.000,1.000,0.529
S,-0.4779,0.3782,0.7929,3.40,0.989,0.999,1.000,0.426
S,0.5115,0.4707,-0.7189,5.04,0.940,0.970,1.000,0.454
S,0.1682,-0.5755,0.8003,3.52,0.991,0.951,0.851,0.821
S,-0.8060,0.5882,-0.0668,3.46,0.999,0.959,0.859,0.461
S,0.6075,-0.3565,-0.7098,3.40,0.924,0.954,0.994,0.370
S,-0.8893,0.4475,0.0946,3.40,1.000,0.965,0.865,0.520
S,0.0229,0.9852,-0.1697,4.14,1.000,0.969,0.869,0.642
S,-0.2623,-0.1341,-0.9556,3.40,0.998,0.958,0.858,0.402
S,0.4396,0.8457,-0.3026,3.79,0.997,0.957,0.857,0.968
S,0.6682,-0.3008,0.6805,7.76,0.991,1.000,1.000,0.976
S,0.4633,0.8525,-0.2420,3.46,0.999,0.959,0.859,0.480
S,0.7893,-0.5400,0.2925,3.46,0.975,0.985,0.995,0.350
S,-0.9119,0.2667,-0.3119,4.63,0.990,1.000,1.000,0.341
S,-0.5506,-0.8221,0.1449,3.45,0.979,0.989,0.999,0.362
S,-0.9550,-0.0855,0.2841,12.48,0.937,0.967,1.000,0.345
S,-0.9489,0.2240,-0.2221,3.40,0.995,0.955,0.855,0.985
S,0.6997,0.6957,-0.1626,8.76,1.000,0.965,0.865,0.370
S,-0.4181,0.8006,0.4293,10.91,1.000,0.963,0.863,0.870
S,-0.4674,-0.7216,0.5106,3.53,0.978,0.988,0.998,0.633
S,-0.2496,0.9199,0.3025,3.40,0.986,0.996,1.000,0.634
S,0.4842,-0.8310,0.2737,6.82,1.000,0.962,0.862,0.977
S,-0.2432,-0.9590,0.1455,8.53,1.000,0.965,0.865,0.349
S,-0.6417,-0.7154,0.2766,16.76,0.978,0.988,0.998,0.387
S,-0.8693,-0.0677,0.4897,3.75,0.991,0.951,0.851,0.997
S,0.8031,-0.1841,0.5666,3.53,1.000,0.972,0.872,0.401
S,0.2477,0.0997,-0.9637,7.39,0.810,0.880,0.990,0.604
S,-0.1172,0.9678,-0.2226,11.66,0.923,0.953,0.993,0.900
S,-0.9203,-0.1679,-0.3535,7.44,0.990,0.950,0.850,0.929
S,0.2749,-0.8922,-0.3585,3.43,0.968,0.978,0.988,0.382
S,-0.2940,0.9104,0.2911,9.92,0.978,0.988,0.998,0.704
S,-0.1123,-0.0354,-0.9930,3.40,0.989,0.949,0.849,0.500
S,-0.4395,-0.4587,-0.7723,3.60,0.992,1.000,1.000,0.794
S,-0.8037,0.4037,0.4372,3.40,0.973,0.983,0.993,0.427
S,-0.5518,-0.5641,0.6142,3.40,0.994,0.954,0.854,0.915
S,0.9708,-0.1138,-0.2112,3.79,1.000,0.963,0.863,0.588
S,0.6399,0.5801,-0.5040,3.40,0.989,0.949,0.849,0.367
S,-0.1731,0.5728,-0.8012,13.96,1.000,0.971,0.871,0.681
S,0.4661,0.8655,0.1834,3.40,0.831,0.901,1.000,0.420
S,0.0870,0.8141,-0.5741,4.25,0.982,0.992,1.000,0.925
S,-0.1746,0.6642,-0.7269,4.09,1.000,0.969,0.869,0.761
S,0.1398,0.9657,0.2186,3.40,0.991,0.951,0.851,0.680
S,0.3037,-0.5832,-0.7535,3.40,0.969,0.979,0.989,0.876
S,0.6529,0.3461,-0.6738,6.28,0.970,0.980,0.990,0.426
S,-0.0567,-0.4120,0.9094,7.97,0.999,0.959,0.859,0.628
S,-0.4927,-0.7853,-0.3751,3.43,0.976,0.986,0.996,0.419
S,-0.5237,-0.8045,0.2802,3.42,0.938,0.968,1.000,0.348
S,-0.0478,0.0707,-0.9964,5.98,0.992,0.952,0.852,0.755
S,0.5330,0.8205,-0.2066,3.40,0.980,0.990,1.000,0.814
S,0.7169,0.6019,-0.3517,5.30,0.992,1.000,1.000,0.656
S,-0.1653,0.4749,0.8644,3.45,0.990,0.950,0.850,0.999
S,0.6574,0.7355,-0.1636,5.56,0.814,0.884,0.994,0.759
S,0.2709,-0.1314,-0.9536,8.56,1.000,0.960,0.860,0.346
S,-0.6415,0.4559,0.6170,10.06,0.977,0.987,0.997,0.946
S,0.9409,0.0574,-0.3337,3.40,0.968,0.978,0.988,0.599
S,0.2069,-0.2250,-0.9521,4.25,1.000,0.963,0.863,0.344
S,0.3432,-0.3591,0.8679,6.89,0.920,0.950,0.990,0.661
S,0.4429,0.1493,-0.8841,5.69,0.986,0.996,1.000,0.369
S,-0.0187,0.6273,-0.7786,12.75,0.974,0.984,0.994,0.755
S,-0.0468,-0.3543,0.9340,3.43,0.999,0.959,0.859,0.478
S,-0.1615,-0.6219,-0.7663,4.99,0.981,0.991,1.000,0.406
S,0.7157,0.3554,0.6012,3.96,0.987,0.997,1.000,0.800
S,-0.2306,0.4232,-0.8762,3.43,0.829,0.899,1.000,0.511
S,0.9307,-0.3272,0.1637,11.41,0.969,0.979,0.989,0.777
S,-0.4946,-0.7929,-0.3560,3.63,1.000,0.972,0.872,0.354
S,-0.1887,0.4604,0.8674,4.08,0.985,0.995,1.000,0.736
S,0.6068,-0.7849,0.1251,16.29,0.988,0.998,1.000,0.342
S,0.4694,-0.5909,0.6561,3.64,1.000,0.972,0.872,0.498
S,0.8954,-0.3604,0.2613,3.40,0.932,0.962,1.000,0.453
S,0.3164,-0.2029,-0.9267,3.45,1.000,0.965,0.865,0.820
S,-0.7829,-0.0607,-0.6191,16.47,0.925,0.955,0.995,0.415
S,0.0352,-0.8311,-0.5550,7.13,0.938,0.968,1.000,0.810
S,-0.7445,0.4288,0.5117,15.03,0.973,0.983,0.993,0.555
S,-0.0534,-0.2192,0.9742,3.55,1.000,0.966,0.866,0.689
S,-0.5767,0.7438,0.3378,10.77,0.998,0.958,0.858,0.555
S,0.7913,-0.6077,0.0675,3.40,1.000,0.842,0.682,0.370
S,-0.6434,-0.5407,-0.5419,4.00,1.000,0.964,0.864,0.611
S,-0.4235,-0.1573,0.8921,3.40,0.987,0.997,1.000,0.676
S,0.7526,0.3410,-0.5633,3.40,0.982,0.992,1.000,0.838
S,-0.1280,0.6765,-0.7253,5.98,0.933,0.963,1.000,0.358
S,-0.5284,-0.8152,0.2371,8.66,1.000,0.970,0.870,0.590
S,-0.4956,0.1899,-0.8476,10.35,1.000,0.970,0.870,0.753
S,-0.5087,0.7543,0.4151,3.93,0.971,0.981,0.991,0.755
S,0.3083,-0.4875,0.8169,7.98,0.997,0.957,0.857,0.440
S,0.3645,-0.7318,-0.5758,9.24,0.999,0.959,0.859,0.735
S,0.4344,0.9006,-0.0178,4.44,0.999,0.839,0.679,0.380
S,-0.9263,-0.2572,0.2754,3.40,0.990,0.950,0.850,0.345
S,-0.5742,-0.3531,0.7386,10.17,0.990,0.950,0.850,0.932
S,0.3202,0.9021,0.2894,3.77,0.991,1.000,1.000,0.573
S,0.1781,0.8899,0.4200,3.40,0.813,0.883,0.993,0.921
S,-0.1314,0.6978,-0.7041,7.38,0.983,0.993,1.000,0.727
S,0.0958,-0.9509,-0.2943,3.42,0.990,1.000,1.000,0.754
S,0.1911,0.9723,0.1343,4.15,0.832,0.902,1.000,0.994
S,0.2873,0.6026,0.7446,3.46,0.970,0.980,0.990,0.449
S,-0.7206,0.4237,-0.5488,3.40,0.999,0.959,0.859,0.727
S,0.0642,-0.9761,0.2078,10.32,1.000,0.966,0.866,0.950
S,0.5978,0.3527,0.7199,6.09,0.994,0.954,0.854,0.360
S,-0.8310,-0.4525,-0.3235,14.28,0.983,0.993,1.000,0.467
S,0.7315,-0.3099,-0.6074,9.67,1.000,0.962,0.862,0.838
S,0.8957,-0.3707,-0.2455,3.60,0.991,1.000,1.000,0.366
S,-0.9085,0.3749,-0.1847,7.23,0.989,0.829,0.669,0.849
S,0.6945,0.6923,-0.1959,4.38,0.969,0.979,0.989,0.534
S,-0.0489,-0.9535,-0.2974,3.40,0.993,0.953,0.853,0.447
S,0.6657,0.7393,0.1014,3.65,1.000,0.970,0.870,0.445
S,-0.4929,0.7907,0.3632,3.75,1.000,0.970,0.870,0.794
S,-0.3412,0.9075,-0.2451,3.40,1.000,0.966,0.866,0.447
S,-0.5115,-0.6603,0.5499,3.47,1.000,0.965,0.865,0.909
S,-0.5675,-0.6732,0.4740,3.64,0.989,0.949,0.849,0.916
S,0.6798,-0.4043,-0.6119,12.80,0.995,0.955,0.855,0.520
S,-0.1277,0.9713,-0.2005,6.90,0.983,0.993,1.000,0.743
S,0.0724,0.3047,-0.9497,3.51,1.000,0.972,0.872,0.932
S,-0.5427,0.8110,-0.2187,3.54,0.830,0.900,1.000,0.495
S,-0.1397,-0.0757,0.9873,5.80,0.977,0.987,0.997,0.845
S,0.6856,0.4970,0.5319,3.78,0.977,0.987,0.997,0.388
S,-0.4568,-0.8037,-0.3812,5.21,0.826,0.896,1.000,0.462
S,-0.5835,-0.8027,0.1232,3.40,0.973,0.983,0.993,0.372
S,-0.9582,0.2860,0.0048,5.28,0.977,0.987,0.997,0.350
S,-0.4904,0.1227,-0.8628,3.55,0.989,0.999,1.000,0.502
S,-0.2703,0.2827,-0.9203,8.72,0.978,0.988,0.998,0.756
S,-0.6322,-0.5193,-0.5750,3.41,0.971,0.981,0.991,0.413
S,-0.0721,0.9622,-0.2627,3.73,1.000,0.963,0.863,0.676
S,-0.5405,-0.8390,-0.0618,5.23,0.822,0.892,1.000,0.348
S,0.5428,-0.3590,-0.7593,3.42,0.982,0.992,1.000,0.408
S,-0.0840,0.8175,-0.5698,5.81,0.997,0.957,0.857,0.504
S,-0.8352,0.4242,0.3501,5.47,0.972,0.982,0.992,0.686
S,-0.5891,-0.8072,0.0363,4.11,0.971,0.981,0.991,0.462
S,0.2683,0.8728,0.4077,3.40,0.991,0.951,0.851,0.904
S,-0.0789,-0.8151,-0.5739,9.61,1.000,0.969,0.869,0.391
S,-0.0819,-0.5919,-0.8018,3.46,0.986,0.996,1.000,0.705
S,-0.4789,-0.5079,0.7160,4.51,0.986,0.996,1.000,0.438
S,-0.6347,0.6720,0.3815,10.87,1.000,0.964,0.864,0.347
S,0.8276,0.5470,0.1257,3.80,0.819,0.889,0.999,0.547
S,-0.4664,-0.8652,0.1841,15.21,0.829,0.899,1.000,0.342
S,0.1306,-0.8535,0.5044,3.42,0.918,0.948,0.988,0.621
S,-0.8890,0.4473,-0.0977,3.50,0.977,0.987,0.997,0.696
S,0.3323,-0.5236,-0.7845,4.56,0.925,0.955,0.995,0.505
S,-0.2983,0.9391,-0.1705,3.40,1.000,0.846,0.686,0.837
S,0.7632,-0.1219,0.6345,16.98,0.970,0.980,0.990,0.526
S,-0.9993,0.0059,-0.0359,10.44,0.819,0.889,0.999,0.841
S,0.9215,-0.3775,-0.0915,7.27,0.968,0.978,0.988,0.503
S,0.8362,0.3017,0.4580,3.41,0.983,0.993,1.000,0.846
S,0.9630,-0.1494,-0.2243,3.40,0.992,1.000,1.000,0.350
S,0.1539,0.0926,0.9837,8.09,0.991,1.000,1.000,0.471
S,-0.8639,0.3162,-0.3919,3.52,0.977,0.987,0.997,0.353
S,-0.4505,-0.7385,0.5017,11.97,0.981,0.991,1.000,0.388
S,0.7362,0.0864,0.6712,3.89,0.971,0.981,0.991,0.905
S,-0.7403,0.3433,-0.5779,5.04,1.000,0.971,0.871,0.969
S,0.2730,0.6635,0.6965,3.51,0.988,0.948,0.848,0.539
S,-0.1856,0.6934,0.6962,3.48,0.983,0.993,1.000,0.347
S,-0.5439,0.7119,-0.4442,4.61,0.981,0.991,1.000,0.375
S,-0.4010,0.6948,-0.5971,7.53,1.000,0.964,0.864,0.378
S,-0.2064,0.9319,0.2981,12.61,1.000,0.970,0.870,0.688
S,0.1872,-0.8634,-0.4685,3.89,0.980,0.990,1.000,0.558
S,-0.3305,0.1209,0.9360,3.40,1.000,0.969,0.869,0.431
S,-0.3073,0.0678,-0.9492,9.46,0.999,0.959,0.859,0.843
S,0.7333,-0.1264,0.6681,4.95,0.991,1.000,1.000,0.366
S,-0.6219,-0.3248,0.7126,7.85,0.818,0.888,0.998,0.340
S,-0.8269,-0.1510,-0.5418,3.41,0.810,0.880,0.990,0.838
S,0.0825,0.1279,-0.9884,3.41,0.830,0.900,1.000,0.965
S,0.9671,0.2425,-0.0773,12.30,1.000,0.970,0.870,0.462
S,0.6566,0.0794,-0.7500,3.61,0.991,0.951,0.851,0.732
S,0.9316,-0.3603,0.0469,3.50,1.000,0.965,0.865,0.844
S,-0.0224,-0.8259,-0.5634,8.82,0.987,0.997,1.000,0.722
S,0.4260,0.9013,0.0788,3.68,0.986,0.996,1.000,0.404
S,-0.7262,0.6180,0.3013,13.58,0.997,0.957,0.857,0.442
S,0.1696,0.2389,0.9561,3.51,0.989,0.999,1.000,0.854
S,0.2832,-0.7789,0.5595,7.89,0.942,0.972,1.000,0.362
S,-0.5382,0.0740,0.8396,6.56,0.998,0.958,0.858,0.343
S,0.7997,-0.0362,-0.5993,3.40,0.927,0.957,0.997,0.804
S,-0.5548,-0.8204,0.1382,6.93,0.984,0.994,1.000,0.698
S,0.0080,0.8682,0.4962,10.85,0.975,0.985,0.995,0.560
S,0.3526,-0.7884,0.5041,15.43,0.999,0.959,0.859,0.444
S,0.0864,0.9694,-0.2297,3.99,0.992,1.000,1.000,0.481
S,-0.1828,-0.1445,-0.9725,15.68,0.995,0.955,0.855,0.781
S,0.5685,0.3053,0.7639,3.40,0.990,1.000,1.000,0.571
S,-0.7128,-0.6393,0.2884,14.15,0.991,0.951,0.851,0.715
S,0.1359,0.2781,0.9509,3.40,0.990,0.950,0.850,0.389
S,0.1443,-0.2032,0.9684,4.20,0.989,0.999,1.000,0.376
S,-0.7998,0.4317,0.4172,9.74,0.992,0.832,0.672,0.810
S,0.0125,0.0074,-0.9999,3.42,1.000,0.965,0.865,0.869
S,-0.5621,-0.2451,-0.7899,3.57,0.969,0.979,0.989,0.349
S,-0.3839,-0.1819,0.9053,4.64,0.988,0.948,0.848,0.354
S,-0.1662,-0.9720,0.1664,15.87,0.996,0.956,0.856,0.775
S,-0.9149,0.0999,0.3912,4.07,0.977,0.987,0.997,0.575
S,0.0575,0.4928,-0.8682,3.50,0.979,0.989,0.999,0.461
S,-0.8507,0.5249,-0.0276,3.40,0.999,0.839,0.679,0.789
S,0.1757,-0.8506,-0.4955,16.22,1.000,0.960,0.860,0.626
S,0.7178,0.5544,0.4212,3.57,1.000,0.963,0.863,0.343
S,0.7484,-0.0003,0.6633,7.42,0.972,0.982,0.992,0.342
S,-0.6310,0.5590,0.5379,8.70,0.991,0.951,0.851,0.341
S,-0.6889,0.7138,-0.1263,3.40,0.975,0.985,0.995,0.344
S,-0.8874,-0.2573,-0.3826,3.40,0.991,0.951,0.851,0.569
S,-0.0232,0.9986,0.0482,4.81,0.999,0.959,0.859,0.897
S,-0.2195,-0.1180,-0.9684,9.02,0.972,0.982,0.992,0.788
S,-0.0094,-0.7074,-0.7067,13.93,1.000,0.841,0.681,0.410
S,0.5819,0.7368,-0.3443,3.40,0.978,0.988,0.998,0.369
S,-0.4371,-0.6881,-0.5793,3.98,1.000,0.840,0.680,0.353
S,-0.7856,0.4571,0.4169,3.86,0.991,0.951,0.851,0.427
S,0.0978,-0.6513,0.7525,4.06,0.996,0.956,0.856,0.511
S,-0.7677,-0.6324,0.1036,3.92,0.990,0.950,0.850,0.918
S,-0.7498,0.6174,0.2381,14.18,0.981,0.991,1.000,0.834
S,-0.9711,-0.1946,0.1379,3.64,0.972,0.982,0.992,0.360
S,0.4634,0.7854,-0.4103,5.12,0.828,0.898,1.000,0.673
S,0.5537,0.7986,0.2358,3.40,0.830,0.900,1.000,0.384
S,-0.2534,0.2476,0.9352,3.40,0.825,0.895,1.000,0.769
S,0.2642,-0.7013,0.6621,17.24,0.985,0.995,1.000,0.348
S,0.6597,-0.4521,0.6003,10.75,0.999,0.959,0.859,0.445
S,0.5597,-0.8037,0.2022,3.40,0.823,0.893,1.000,0.892
S,-0.4184,0.3630,0.8326,7.02,1.000,0.969,0.869,0.477
S,0.7660,-0.3705,0.5253,3.40,0.986,0.996,1.000,0.583
S,0.1092,0.9935,-0.0314,13.49,0.988,0.948,0.848,0.546
S,-0.8834,-0.4551,0.1116,3.40,0.985,0.995,1.000,0.412
S,-0.7078,-0.6816,0.1856,3.40,0.975,0.985,0.995,0.928
S,-0.1307,-0.3039,0.9437,7.67,0.811,0.881,0.991,0.450
S,-0.8682,-0.4951,-0.0324,3.41,0.991,0.951,0.851,0.506
S,0.5013,-0.8039,0.3201,3.43,0.818,0.888,0.998,0.404
S,0.3131,-0.7424,-0.5923,3.40,0.981,0.991,1.000,0.885
S,-0.6529,-0.6000,-0.4623,3.42,0.999,0.959,0.859,0.470
S,0.0320,0.8454,-0.5332,7.51,1.000,0.963,0.863,0.839
S,-0.9671,0.0939,-0.2365,9.01,0.969,0.979,0.989,0.443
S,-0.2342,-0.9226,0.3065,3.40,0.831,0.901,1.000,0.398
S,-0.7584,-0.2831,0.5872,3.55,1.000,0.972,0.872,0.525
S,-0.8276,-0.5380,-0.1600,3.83,0.990,0.950,0.850,0.743
S,-0.1994,0.2544,-0.9463,3.44,0.979,0.989,0.999,0.521
S,-0.4703,-0.7715,-0.4286,15.82,0.975,0.985,0.995,0.386
S,0.7662,0.4654,0.4431,3.50,0.972,0.982,0.992,0.472
S,0.2679,0.4554,-0.8491,3.40,0.989,0.999,1.000,0.894
S,0.9351,0.3318,0.1248,4.88,0.969,0.979,0.989,0.346
S,-0.0983,-0.7720,0.6280,3.46,0.826,0.896,1.000,0.933
S,-0.7106,0.6669,-0.2243,3.71,1.000,0.843,0.683,0.366
S,-0.8296,0.3559,-0.4302,4.65,0.974,0.984,0.994,0.995
S,-0.5288,0.7985,-0.2876,7.78,0.936,0.966,1.000,0.377
S,-0.2290,-0.6179,0.7522,16.08,0.981,0.991,1.000,0.735
S,0.6190,0.4722,0.6276,8.56,0.990,0.950,0.850,0.728
S,-0.1575,-0.5689,-0.8072,15.67,0.933,0.963,1.000,0.956
S,-0.5438,-0.0738,-0.8359,3.40,0.996,0.836,0.676,0.587
S,-0.8127,0.5633,0.1491,10.08,0.812,0.882,0.992,0.862
S,0.8164,-0.0705,0.5731,3.40,0.990,0.950,0.850,0.402
S,0.0182,-0.4533,-0.8912,5.91,0.977,0.987,0.997,0.876
S,0.5998,-0.6358,-0.4858,3.40,0.968,0.978,0.988,0.522
S,-0.9009,-0.2848,0.3274,5.67,0.816,0.886,0.996,0.375
S,-0.6760,0.6440,0.3582,3.40,1.000,0.964,0.864,0.564
S,-0.3532,0.1987,0.9142,4.00,1.000,0.970,0.870,0.405
S,0.6171,0.7169,0.3245,3.40,0.986,0.996,1.000,0.439
S,-0.9385,0.3154,-0.1403,3.91,0.979,0.989,0.999,0.390
S,-0.9316,-0.2042,0.3008,3.43,1.000,0.971,0.871,0.669
S,-0.2750,-0.9100,-0.3102,3.51,0.993,0.953,0.853,0.642
S,0.4118,-0.8793,0.2392,4.65,0.825,0.895,1.000,0.838
S,0.0726,0.8896,0.4509,3.47,1.000,0.962,0.862,0.645
S,0.6830,-0.6954,-0.2233,7.33,0.996,0.956,0.856,0.507
S,-0.1515,-0.9880,0.0297,6.77,0.981,0.991,1.000,0.715
S,-0.6301,0.6587,0.4111,3.45,1.000,0.960,0.860,0.892
S,0.9117,-0.2678,0.3114,3.40,0.984,0.994,1.000,0.896
S,-0.4526,-0.5754,-0.6812,12.04,0.997,0.837,0.677,0.382
S,0.7462,0.6212,0.2392,3.77,0.989,0.949,0.849,0.341
S,0.8995,0.3632,0.2428,3.44,0.973,0.983,0.993,0.771
S,0.3971,0.6558,-0.6420,3.40,0.921,0.951,0.991,0.340
S,0.1862,0.9444,-0.2710,8.31,0.981,0.991,1.000,0.379
S,-0.4823,-0.0745,0.8728,3.40,0.987,0.997,1.000,0.343
S,0.3980,-0.7944,0.4588,3.41,0.988,0.998,1.000,0.700
S,0.7142,0.2248,0.6629,12.16,0.820,0.890,1.000,0.347
S,-0.3333,-0.4821,-0.8103,3.40,0.981,0.991,1.000,0.918
S,0.3948,0.5501,-0.7359,3.41,0.980,0.990,1.000,0.829
S,-0.1563,-0.9843,-0.0818,3.57,0.968,0.978,0.988,0.475
S,-0.8796,0.4451,-0.1679,3.40,0.991,0.951,0.851,0.502
S,0.2675,-0.8864,-0.3779,3.40,1.000,0.960,0.860,0.865
S,-0.9891,0.0885,-0.1175,3.40,0.975,0.985,0.995,0.439
S,0.2587,-0.6388,0.7245,11.44,0.974,0.984,0.994,0.643
S,-0.9353,-0.3366,-0.1094,10.21,1.000,0.968,0.868,0.588
S,-0.7006,-0.5642,0.4368,4.93,0.990,0.950,0.850,0.648
S,0.2338,0.8591,0.4552,5.22,1.000,0.964,0.864,0.363
S,-0.3763,0.2357,0.8960,7.07,0.987,0.997,1.000,0.361
S,0.9250,-0.0680,-0.3739,12.30,0.828,0.898,1.000,0.757
S,0.0988,0.6326,-0.7682,3.40,1.000,0.961,0.861,0.877
S,-0.0637,-0.6830,-0.7276,3.62,0.998,0.958,0.858,0.397
S,0.4125,-0.8946,-0.1718,4.07,0.989,0.999,1.000,0.700
S,0.3723,-0.8375,0.4000,14.21,0.969,0.979,0.989,0.440
S,-0.2851,0.5255,0.8016,11.60,1.000,0.965,0.865,0.827
S,-0.2007,-0.5359,0.8201,4.54,1.000,0.967,0.867,0.434
S,-0.4188,0.2047,0.8847,3.41,0.988,0.948,0.848,0.341
S,0.0105,-0.1166,-0.9931,3.65,0.820,0.890,1.000,0.764
S,-0.5629,0.3304,0.7577,4.99,0.919,0.949,0.989,0.500
S,0.8795,-0.1161,-0.4615,5.17,0.968,0.978,0.988,0.895
S,0.5369,0.8317,0.1416,7.87,0.832,0.902,1.000,0.764
S,0.2665,-0.2151,-0.9395,3.40,0.968,0.978,0.988,0.907
S,0.2224,-0.9304,-0.2915,6.29,0.968,0.978,0.988,0.456
S,0.5329,0.8331,0.1483,3.40,0.992,1.000,1.000,0.649
S,-0.7999,0.5246,0.2917,3.42,0.989,0.949,0.849,0.772
S,0.2155,0.9339,0.2853,5.82,0.920,0.950,0.990,0.393
S,0.8093,-0.4615,0.3635,3.76,1.000,0.964,0.864,0.429
S,0.6597,-0.3888,0.6431,5.88,0.924,0.954,0.994,0.484
S,-0.3607,-0.2169,0.9071,5.07,0.990,1.000,1.000,0.344
S,0.0308,-0.7483,-0.6626,3.84,0.990,0.950,0.850,0.826
S,-0.8465,0.0903,0.5247,3.63,0.969,0.979,0.989,0.930
S,0.0934,0.9493,-0.3003,3.40,0.827,0.897,1.000,0.557
S,0.7143,-0.6379,-0.2878,3.49,0.985,0.995,1.000,0.771
S,0.6955,0.6880,-0.2072,9.66,0.992,1.000,1.000,0.519
S,0.0183,-0.8724,0.4884,3.55,0.979,0.989,0.999,0.598
S,-0.3310,0.6927,-0.6407,3.40,0.991,1.000,1.000,0.776
S,0.1110,0.6232,0.7741,3.56,0.817,0.887,0.997,0.402
S,-0.6604,-0.7322,-0.1667,4.23,0.990,0.830,0.670,0.708
S,0.4142,-0.8919,0.1817,6.56,1.000,0.840,0.680,0.377
S,0.4388,0.0171,-0.8984,3.40,0.980,0.990,1.000,0.943
S,0.4682,0.8814,0.0630,9.88,0.992,1.000,1.000,0.996
S,-0.0617,-0.7848,-0.6166,4.75,0.978,0.988,0.998,0.435
S,-0.8979,0.0146,-0.4400,4.73,0.979,0.989,0.999,0.707
S,-0.4139,0.1642,-0.8954,3.40,0.823,0.893,1.000,0.428
S,-0.3980,-0.4213,-0.8149,3.66,1.000,0.966,0.866,0.897
S,0.7127,0.4195,-0.5622,8.65,0.984,0.994,1.000,0.348
S,0.8366,0.0185,0.5475,8.46,0.973,0.983,0.993,0.372
S,-0.4587,-0.8851,0.0785,6.14,0.809,0.879,0.989,0.919
S,-0.3834,-0.8438,0.3756,5.77,0.828,0.898,1.000,0.595
S,0.1500,0.1568,0.9762,3.53,1.000,0.971,0.871,0.821
S,0.3678,-0.0337,-0.9293,6.49,0.827,0.897,1.000,0.769
S,-0.3230,-0.8950,-0.3076,3.40,1.000,0.964,0.864,0.435
S,-0.1112,-0.5672,0.8160,3.41,0.970,0.980,0.990,0.949
S,0.3944,-0.1044,0.9130,13.27,0.989,0.999,1.000,0.342
S,-0.2398,0.9560,0.1690,15.54,0.978,0.988,0.998,0.572
S,0.2051,0.6570,0.7255,12.27,0.984,0.994,1.000,0.352
S,-0.0827,-0.9820,-0.1697,3.40,0.991,0.951,0.851,0.850
S,0.7919,0.5830,-0.1820,3.40,1.000,0.970,0.870,0.411
S,0.0122,-0.9997,-0.0219,4.49,0.990,1.000,1.000,0.345
S,0.5240,0.5328,-0.6645,3.40,1.000,0.964,0.864,0.369
S,-0.7062,0.7010,-0.0996,3.41,1.000,0.969,0.869,0.880
S,-0.4281,-0.1418,0.8926,16.62,0.971,0.981,0.991,0.613
S,-0.6398,0.6896,-0.3392,13.03,1.000,0.962,0.862,0.896
S,-0.4420,0.8851,0.1461,3.40,1.000,0.962,0.862,0.465
S,-0.9725,-0.2245,-0.0616,4.64,0.975,0.985,0.995,0.995
S,0.9132,-0.1504,-0.3788,4.20,0.825,0.895,1.000,0.528
S,-0.2303,-0.7824,0.5786,3.54,0.992,1.000,1.000,0.351
S,0.9095,-0.4069,0.0848,3.43,1.000,0.969,0.869,0.929
S,-0.0873,0.4871,-0.8690,7.17,0.991,1.000,1.000,0.411
S,-0.3854,0.8907,0.2411,3.40,0.974,0.984,0.994,0.382
S,0.1982,0.9668,-0.1612,4.27,0.981,0.991,1.000,0.844
S,-0.2851,0.8758,-0.3896,3.81,1.000,0.971,0.871,0.964
S,0.1104,0.1204,-0.9866,3.40,1.000,0.970,0.870,0.775
S,0.0635,0.3907,0.9183,16.47,0.999,0.839,0.679,0.627
S,0.4706,0.8823,-0.0042,9.97,0.969,0.979,0.989,0.985
S,-0.1556,-0.9494,0.2727,3.86,0.976,0.986,0.996,0.452
S,0.2451,-0.9684,-0.0459,3.41,1.000,0.966,0.866,0.490
S,0.1286,0.3175,0.9395,7.96,0.979,0.989,0.999,0.529
S,-0.2649,0.8306,0.4898,3.40,0.986,0.996,1.000,0.459
S,0.1520,-0.2660,0.9519,11.40,0.984,0.994,1.000,0.498
S,-0.9205,-0.2729,-0.2798,3.40,0.937,0.967,1.000,0.904
S,0.1920,0.7782,-0.5980,11.02,0.814,0.884,0.994,0.626
S,-0.6404,0.5861,-0.4964,15.85,1.000,0.972,0.872,0.375
S,0.3919,0.9173,-0.0711,3.40,0.981,0.991,1.000,0.347
S,-0.8030,-0.2379,0.5465,4.34,0.924,0.954,0.994,0.904
S,0.9726,-0.1939,-0.1282,4.43,0.981,0.991,1.000,0.673
S,0.2819,0.2777,0.9184,4.44,0.977,0.987,0.997,0.341
S,-0.2084,0.9390,0.2735,6.83,0.819,0.889,0.999,0.795
S,0.1367,0.9150,-0.3796,3.84,0.979,0.989,0.999,0.386
S,0.1473,-0.9602,0.2375,4.19,0.973,0.983,0.993,0.522
S,0.0373,0.7827,-0.6213,7.71,0.985,0.995,1.000,0.622
S,0.1030,-0.9481,-0.3007,3.87,1.000,0.852,0.692,0.354
S,0.0221,0.9692,0.2455,3.41,0.986,0.996,1.000,0.447
S,0.3294,-0.6619,0.6733,5.46,0.918,0.948,0.988,0.625
S,-0.1123,-0.5620,0.8195,3.67,0.997,0.957,0.857,0.544
S,-0.0930,-0.9704,0.2227,10.26,0.974,0.984,0.994,0.632
S,-0.0794,0.0476,0.9957,6.01,0.982,0.992,1.000,0.357
S,0.1182,-0.5465,0.8291,4.36,0.998,0.958,0.858,0.697
S,-0.1284,-0.3026,0.9444,3.55,0.975,0.985,0.995,0.463
S,0.5947,0.6773,0.4331,4.33,1.000,0.961,0.861,0.482
S,-0.3522,-0.7998,-0.4860,3.42,0.991,0.831,0.671,0.352
S,0.6161,-0.2274,0.7541,15.17,0.983,0.993,1.000,0.850
S,0.1641,-0.7561,-0.6336,6.43,0.992,1.000,1.000,0.862
S,-0.3640,0.8672,0.3398,3.74,0.980,0.990,1.000,0.340
S,0.6985,-0.4151,0.5829,3.40,0.972,0.982,0.992,0.899
S,-0.3476,0.9013,0.2585,3.42,0.987,0.997,1.000,0.757
S,0.6234,-0.6795,-0.3869,12.19,0.970,0.980,0.990,0.922
S,0.2557,0.5533,-0.7927,8.87,1.000,0.967,0.867,0.473
S,-0.4894,0.3180,0.8120,14.52,0.997,0.957,0.857,0.705
S,0.8736,-0.4789,0.0869,3.95,0.975,0.985,0.995,0.417
S,0.9410,-0.3124,-0.1300,3.86,0.918,0.948,0.988,0.920
S,0.9278,-0.2429,-0.2833,9.19,0.994,0.954,0.854,0.430
S,0.7119,-0.0776,-0.6980,3.45,0.976,0.986,0.996,0.540
S,0.0507,0.1458,0.9880,3.43,0.998,0.958,0.858,0.957
S,-0.8616,-0.3415,0.3756,6.96,0.992,0.952,0.852,0.651
S,-0.1892,-0.8284,-0.5272,5.37,0.992,1.000,1.000,0.654
S,0.0317,-0.3692,0.9288,10.54,0.973,0.983,0.993,0.443
S,-0.8462,-0.5048,0.1707,3.40,0.818,0.888,0.998,0.356
S,0.2729,0.9615,-0.0326,15.60,1.000,0.960,0.860,0.545
S,-0.0316,0.7224,-0.6908,11.02,0.989,0.999,1.000,0.650
S,-0.7523,-0.5694,-0.3315,6.39,0.992,1.000,1.000,0.385
S,-0.2051,0.9745,0.0913,17.05,1.000,0.842,0.682,0.416
S,0.5334,0.7897,-0.3032,3.84,0.986,0.996,1.000,0.904
S,-0.0141,-0.4135,-0.9104,3.67,0.942,0.972,1.000,0.898
S,0.6295,-0.6196,-0.4689,6.49,0.994,0.954,0.854,0.662
S,0.3372,0.3957,0.8542,3.47,0.978,0.988,0.998,0.704
S,-0.9361,0.2905,0.1985,4.87,1.000,0.963,0.863,0.907
S,0.9036,-0.4170,-0.0984,8.72,0.989,0.999,1.000,0.710
S,-0.8804,-0.1129,-0.4606,3.77,0.926,0.956,0.996,0.379
S,-0.1208,-0.6955,-0.7083,3.47,1.000,0.961,0.861,0.363
S,-0.0512,0.7917,-0.6088,7.11,0.989,0.949,0.849,0.965
S,-0.9179,-0.0496,0.3938,16.82,0.977,0.987,0.997,0.805
S,-0.1990,0.8015,0.5639,6.50,0.973,0.983,0.993,0.568
S,0.5088,-0.7248,0.4645,3.88,1.000,0.966,0.866,0.455
S,-0.7336,-0.0197,-0.6793,4.11,0.990,0.950,0.850,0.364
S,-0.3036,-0.9008,0.3106,4.76,0.818,0.888,0.998,0.880
S,0.3441,-0.6141,-0.7103,11.38,1.000,0.962,0.862,0.835
S,0.8151,0.4823,-0.3209,5.94,0.830,0.900,1.000,0.862
S,-0.3494,0.5556,0.7545,3.44,1.000,0.972,0.872,0.689
S,0.5887,0.4664,0.6602,3.66,0.996,0.956,0.856,0.395
S,-0.2711,-0.3999,-0.8755,12.70,0.976,0.986,0.996,0.954
S,0.9000,0.3493,0.2607,3.40,0.969,0.979,0.989,0.410
S,-0.1062,-0.9817,-0.1582,8.96,0.991,0.951,0.851,0.445
S,-0.6034,-0.4338,0.6692,3.40,0.989,0.999,1.000,0.900
S,-0.4699,-0.7363,-0.4869,3.40,0.990,0.950,0.850,0.381
S,-0.3221,0.7248,0.6090,6.29,1.000,0.961,0.861,0.811
S,-0.6983,-0.5265,0.4850,3.51,0.982,0.992,1.000,0.771
S,-0.0109,-0.2183,0.9758,3.43,0.809,0.879,0.989,0.641
S,0.0926,0.6843,0.7233,4.61,0.984,0.994,1.000,0.457
S,0.0275,0.1145,0.9930,3.40,0.980,0.990,1.000,0.370
S,-0.9890,-0.0695,0.1303,9.68,0.969,0.979,0.989,0.486
S,-0.4800,-0.8022,-0.3550,3.40,0.812,0.882,0.992,0.352
S,0.1610,0.2611,0.9518,3.41,0.975,0.985,0.995,0.832
S,0.4115,-0.3428,0.8445,10.54,0.980,0.990,1.000,0.569
S,-0.6203,0.2474,0.7444,7.29,0.983,0.993,1.000,0.362
S,0.9582,-0.1709,-0.2293,4.39,0.995,0.955,0.855,0.630
S,-0.1180,0.8897,0.4410,3.64,0.996,0.956,0.856,0.702
S,0.8591,-0.4816,0.1732,3.40,1.000,0.967,0.867,0.966
S,0.4198,0.6861,-0.5942,4.29,0.992,0.952,0.852,0.341
S,0.4069,0.8114,-0.4197,3.48,0.817,0.887,0.997,0.415
S,0.6376,-0.1921,-0.7460,5.38,0.992,1.000,1.000,0.603
S,0.9841,-0.0184,0.1769,7.07,0.980,0.990,1.000,0.521
S,0.0359,0.9830,0.1802,4.94,0.982,0.992,1.000,0.363
S,-0.9816,0.1906,-0.0133,3.43,0.970,0.980,0.990,0.631
S,0.0918,-0.3167,-0.9441,3.80,0.968,0.978,0.988,0.579
S,-0.7293,0.6465,-0.2241,4.04,0.933,0.963,1.000,0.582
S,-0.3810,0.2126,-0.8998,3.92,0.974,0.984,0.994,0.358
S,0.3346,-0.4703,0.8166,3.40,0.980,0.990,1.000,0.500
S,-0.3896,0.3832,0.8375,4.12,0.831,0.901,1.000,0.495
S,-0.4930,0.6737,-0.5505,3.79,0.933,0.963,1.000,0.960
S,-0.7095,0.1851,-0.6800,3.41,0.987,0.997,1.000,0.846
S,-0.0139,0.6656,0.7462,8.59,0.989,0.949,0.849,0.443
S,-0.7252,0.0959,0.6818,6.21,0.808,0.878,0.988,0.710
S,0.4410,0.2441,-0.8637,12.58,0.925,0.955,0.995,0.442
S,-0.1846,-0.3991,0.8982,13.09,0.995,0.835,0.675,0.716
S,0.8399,0.4634,0.2824,9.40,0.830,0.900,1.000,0.392
S,0.5032,0.8076,0.3076,3.76,0.821,0.891,1.000,0.610
S,0.6697,-0.6088,0.4252,3.42,0.941,0.971,1.000,0.546
S,0.0270,0.9996,-0.0074,3.40,0.923,0.953,0.993,0.499
S,0.3986,0.1819,-0.8989,4.27,0.814,0.884,0.994,0.626
S,-0.7894,-0.5998,0.1305,6.79,0.984,0.994,1.000,0.947
S,0.8813,-0.3622,-0.3036,5.28,0.942,0.972,1.000,0.678
S,0.5263,-0.6978,-0.4858,5.57,0.971,0.981,0.991,0.913
S,-0.1984,0.7180,0.6672,3.41,0.827,0.897,1.000,0.349
S,0.2211,-0.9684,-0.1150,4.12,0.989,0.999,1.000,0.772
S,0.8880,0.0347,-0.4585,3.40,0.992,1.000,1.000,0.868
S,0.8364,-0.4196,0.3527,3.69,1.000,0.965,0.865,0.371
S,-0.4584,-0.8441,-0.2781,3.40,0.983,0.993,1.000,0.842
S,0.5138,0.0172,-0.8578,3.40,0.968,0.978,0.988,0.642
S,0.3894,0.9210,0.0068,5.38,0.984,0.994,1.000,0.376
S,0.3434,-0.1644,0.9247,3.51,0.988,0.998,1.000,0.341
S,0.1311,0.5684,-0.8122,4.79,0.977,0.987,0.997,0.485
S,0.8446,-0.3901,-0.3667,16.16,1.000,0.972,0.872,0.519
S,0.4313,-0.0749,-0.8991,11.93,0.968,0.978,0.988,0.643
S,0.1028,0.6352,-0.7655,6.09,0.984,0.994,1.000,0.672
S,0.3074,-0.8721,-0.3808,3.40,0.992,0.832,0.672,0.498
S,0.3431,-0.1628,0.9251,6.01,0.987,0.997,1.000,0.881
S,0.7666,0.6402,0.0497,7.06,0.977,0.987,0.997,0.879
S,-0.1932,0.9154,0.3532,3.40,1.000,0.969,0.869,0.673
S,0.6255,0.7575,-0.1869,7.86,0.991,0.951,0.851,0.600
S,-0.6022,0.5413,0.5868,9.34,1.000,0.963,0.863,0.521
S,0.0161,0.5574,0.8301,3.45,1.000,0.848,0.688,0.689
S,-0.0300,-0.6701,-0.7416,3.41,1.000,0.972,0.872,0.484
S,-0.5173,-0.0682,0.8531,3.49,0.999,0.959,0.859,0.560
S,-0.9114,-0.3418,0.2290,6.01,0.818,0.888,0.998,0.625
S,-0.1930,0.9105,0.3658,3.40,0.971,0.981,0.991,0.870
S,0.8294,-0.2763,0.4856,5.69,0.982,0.992,1.000,0.481
S,0.0607,0.4172,-0.9068,3.40,0.985,0.995,1.000,0.663
S,-0.3017,-0.8228,-0.4817,3.70,0.990,1.000,1.000,0.856
S,-0.4723,0.8802,0.0467,4.17,0.818,0.888,0.998,0.877
S,-0.3554,-0.9347,0.0053,4.01,0.991,0.951,0.851,0.510
S,-0.9800,-0.1978,0.0237,3.40,0.990,0.950,0.850,0.578
S,0.0007,-0.1217,0.9926,3.40,0.978,0.988,0.998,0.464
S,0.6039,0.2023,-0.7709,5.59,0.970,0.980,0.990,0.740
S,0.2837,-0.9585,0.0273,3.42,0.995,0.955,0.855,0.757
S,-0.5351,-0.7964,0.2820,7.09,0.810,0.880,0.990,0.570
S,-0.0809,-0.9931,0.0854,7.56,0.981,0.991,1.000,0.526
S,-0.3453,-0.9353,0.0773,3.40,0.988,0.998,1.000,0.970
S,-0.0111,0.7413,-0.6710,3.87,0.982,0.992,1.000,0.355
S,-0.1250,-0.3119,0.9419,3.41,0.969,0.979,0.989,0.438
S,0.8791,-0.0423,-0.4748,12.83,1.000,0.967,0.867,0.349
S,-0.8467,0.1817,-0.5000,3.44,0.941,0.971,1.000,0.396
S,-0.3010,-0.0214,0.9534,5.35,0.996,0.956,0.856,0.947
S,0.0307,0.7332,-0.6793,7.11,0.936,0.966,1.000,0.352
S,0.4362,-0.1252,-0.8911,11.68,0.818,0.888,0.998,0.429
S,-0.4098,-0.6802,0.6078,3.40,0.975,0.985,0.995,0.381
S,-0.6783,0.6466,-0.3491,6.53,0.992,0.952,0.852,0.347
S,-0.9718,-0.2113,-0.1044,3.40,0.814,0.884,0.994,0.941
S,-0.1111,0.3432,-0.9327,3.51,0.969,0.979,0.989,0.343
S,0.4867,0.8305,0.2709,3.44,1.000,0.848,0.688,0.351
S,-0.5113,0.2408,-0.8250,3.40,0.982,0.992,1.000,0.752
S,-0.6556,-0.5812,0.4821,11.79,1.000,0.972,0.872,0.355
S,-0.3691,-0.4388,0.8193,3.40,0.997,0.957,0.857,0.707
S,-0.4356,-0.6917,-0.5760,4.39,0.989,0.949,0.849,0.509
S,-0.6980,0.0094,-0.7160,5.03,0.975,0.985,0.995,0.372
S,0.5804,0.7639,-0.2822,3.42,0.980,0.990,1.000,0.820
S,0.8588,-0.5075,-0.0698,3.72,0.995,0.955,0.855,0.525
S,0.1806,0.0666,-0.9813,3.93,0.981,0.991,1.000,0.623
S,0.2573,0.1929,0.9469,3.40,0.996,0.956,0.856,0.613
S,0.3189,0.6584,0.6818,3.98,0.994,0.954,0.854,0.414
S,-0.0428,-0.6640,-0.7465,3.95,1.000,0.964,0.864,0.565
S,0.2600,-0.9590,0.1131,4.06,0.984,0.994,1.000,0.440
S,-0.7533,-0.6576,0.0037,3.57,1.000,0.966,0.866,0.352
S,-0.0995,-0.3623,0.9267,7.33,0.993,0.953,0.853,0.962
S,-0.3284,0.3956,-0.8577,6.20,0.988,0.998,1.000,0.642
S,-0.1713,0.9851,-0.0130,4.82,1.000,0.965,0.865,0.624
S,0.2657,0.5515,0.7907,3.40,0.990,1.000,1.000,0.432
S,0.3836,-0.7809,-0.4930,10.91,0.992,1.000,1.000,0.698
S,0.1489,-0.5403,-0.8282,3.71,0.977,0.987,0.997,0.573
S,0.8239,-0.4976,0.2713,4.19,0.971,0.981,0.991,0.351
S,-0.9801,-0.1978,-0.0148,4.71,0.934,0.964,1.000,0.928
S,-0.3601,0.7312,0.5793,8.35,0.991,1.000,1.000,0.894
S,0.7835,-0.5013,0.3672,5.34,0.968,0.978,0.988,0.615
S,0.4934,-0.5357,-0.6853,3.66,0.813,0.883,0.993,0.477
S,-0.4809,-0.1957,0.8547,3.42,0.980,0.990,1.000,0.413
S,-0.9051,0.1649,-0.3920,3.73,0.983,0.993,1.000,0.728
S,0.9784,-0.1306,0.1601,3.40,1.000,0.963,0.863,0.461
S,-0.9133,-0.1709,-0.3698,4.66,1.000,0.961,0.861,0.639
S,-0.1004,-0.8460,-0.5236,12.95,0.985,0.995,1.000,0.530
S,-0.4143,0.5536,-0.7224,3.44,1.000,0.969,0.869,0.481
S,-0.3883,0.8885,0.2446,3.48,0.990,0.950,0.850,0.455
S,0.0104,-0.4604,0.8877,5.56,0.816,0.886,0.996,0.352
S,-0.4510,-0.4340,0.7799,3.48,0.989,0.999,1.000,0.418
S,-0.5685,-0.2689,-0.7775,4.60,0.938,0.968,1.000,0.348
S,0.3348,-0.7877,-0.5171,3.41,1.000,0.960,0.860,0.715
S,0.9762,0.0701,-0.2051,3.41,0.994,0.954,0.854,0.355
S,-0.4405,-0.0989,-0.8923,3.40,0.990,0.950,0.850,0.657
S,-0.1939,-0.9722,0.1314,4.10,1.000,0.962,0.862,0.925
S,-0.2687,0.8973,0.3501,3.40,0.998,0.838,0.678,0.664
S,0.4627,0.6553,0.5971,4.58,1.000,0.960,0.860,0.392
S,0.8662,0.4237,0.2648,3.53,1.000,0.961,0.861,0.640
S,0.6275,0.3294,0.7055,5.31,1.000,0.841,0.681,0.661
S,0.5504,0.6163,-0.5632,17.39,0.988,0.948,0.848,0.598
S,0.7853,0.2524,0.5653,3.40,0.986,0.996,1.000,0.646
S,-0.4846,0.8721,-0.0675,3.41,0.988,0.948,0.848,0.806
S,-0.9843,0.1528,0.0882,3.41,0.968,0.978,0.988,0.637
S,-0.7163,-0.5710,-0.4011,3.41,0.992,1.000,1.000,0.425
S,0.5110,-0.8589,0.0340,3.40,0.979,0.989,0.999,0.585
S,0.3133,0.5870,-0.7465,6.36,1.000,0.967,0.867,0.395
S,-0.2660,-0.7299,0.6297,3.89,0.968,0.978,0.988,0.590
S,-0.4645,0.4816,-0.7432,13.14,0.821,0.891,1.000,0.375
S,0.1338,0.5060,0.8521,7.89,0.811,0.881,0.991,0.768
S,-0.5260,-0.0122,0.8504,3.42,0.990,0.950,0.850,0.451
S,-0.8410,0.1157,0.5286,3.41,0.985,0.995,1.000,0.574
S,0.4775,0.7415,-0.4714,4.03,0.981,0.991,1.000,0.522
S,0.6373,0.4751,-0.6068,11.44,0.991,0.951,0.851,0.464
S,0.0231,0.9997,-0.0027,3.41,0.999,0.959,0.859,0.502
S,-0.1827,-0.9686,-0.1689,3.51,0.991,0.951,0.851,0.704
S,0.9567,-0.2832,-0.0671,3.40,0.992,0.832,0.672,0.704
S,-0.6391,-0.7506,-0.1679,3.66,0.982,0.992,1.000,0.342
S,-0.0300,-0.4248,0.9048,3.61,0.977,0.987,0.997,0.654
S,-0.6052,0.2573,-0.7534,3.48,0.992,0.832,0.672,0.415
S,0.0014,0.8609,-0.5088,3.59,1.000,0.971,0.871,0.812
S,-0.5477,-0.2305,0.8043,15.67,0.981,0.991,1.000,0.502
S,-0.0639,-0.1517,-0.9864,11.77,0.931,0.961,1.000,0.397
S,-0.4492,0.6942,0.5624,3.40,0.997,0.957,0.857,0.380
S,-0.6461,-0.7623,0.0378,3.67,0.979,0.989,0.999,0.971
S,-0.8937,0.1819,-0.4101,3.83,0.939,0.969,1.000,0.694
S,0.3195,0.9283,-0.1904,3.41,0.998,0.958,0.858,0.511
S,0.2258,-0.3770,0.8982,3.42,0.989,0.949,0.849,0.563
S,-0.2593,0.9201,-0.2936,5.84,0.831,0.901,1.000,0.354
S,-0.1158,0.9331,0.3404,3.40,0.969,0.979,0.989,0.605
S,0.1456,-0.0914,0.9851,7.23,0.992,0.952,0.852,0.413
S,0.4698,0.5170,-0.7155,5.43,1.000,0.850,0.690,0.771
S,0.5566,0.0814,0.8268,3.40,0.989,0.999,1.000,0.657
S,0.9486,-0.3142,-0.0372,4.49,0.935,0.965,1.000,0.476
S,0.5011,-0.8440,0.1914,3.55,0.987,0.997,1.000,0.544
S,-0.5449,-0.7881,-0.2863,5.74,0.992,0.952,0.852,0.440
S,0.0164,0.1828,0.9830,15.77,0.994,0.954,0.854,0.393
S,0.7162,0.3354,0.6120,3.52,0.918,0.948,0.988,0.517
S,0.7835,-0.6209,0.0243,15.60,0.975,0.985,0.995,0.947
S,-0.4006,-0.2389,0.8846,3.41,0.983,0.993,1.000,0.374
S,0.2419,0.5999,0.7627,14.38,0.999,0.839,0.679,0.439
S,0.8210,0.4035,0.4039,6.51,0.992,1.000,1.000,0.343
S,-0.4021,0.1920,0.8953,13.26,1.000,0.967,0.867,0.457
S,-0.3265,-0.6821,0.6543,4.34,0.982,0.992,1.000,0.353
S,-0.1522,0.9076,-0.3913,16.47,0.992,0.952,0.852,0.581
S,0.2813,0.2922,-0.9141,3.74,0.999,0.959,0.859,0.365
S,0.4533,-0.5586,0.6946,6.40,0.968,0.978,0.988,0.413
S,0.6893,0.7141,-0.1224,6.17,0.983,0.993,1.000,0.730
S,-0.9179,0.3778,-0.1213,3.40,0.992,0.952,0.852,0.696
S,0.6313,-0.7068,0.3193,3.86,0.970,0.980,0.990,0.402
S,0.8484,0.2817,-0.4482,3.40,1.000,0.968,0.868,0.711
S,0.7415,-0.6690,-0.0519,15.59,1.000,0.967,0.867,0.384
S,-0.1918,-0.9286,0.3176,14.03,0.983,0.993,1.000,0.691
S,0.7810,0.6170,-0.0970,5.20,0.992,0.952,0.852,0.974
S,0.6514,0.7121,-0.2621,3.46,0.983,0.993,1.000,0.412
S,-0.6626,0.6626,0.3491,14.97,0.978,0.988,0.998,0.527
S,0.5879,-0.8078,0.0430,8.61,0.981,0.991,1.000,0.344
S,-0.3647,-0.9041,-0.2226,5.77,0.980,0.990,1.000,0.354
S,-0.8138,0.0936,0.5736,8.14,0.821,0.891,1.000,0.419
S,-0.6439,-0.5553,-0.5264,3.80,0.920,0.950,0.990,0.955
S,0.8280,0.1809,-0.5308,3.41,0.978,0.988,0.998,0.371
S,0.4805,0.0141,0.8769,3.43,0.982,0.992,1.000,0.344
S,-0.8875,-0.3495,0.3004,3.42,0.812,0.882,0.992,0.888
S,0.2001,-0.0640,0.9777,9.36,0.971,0.981,0.991,0.566
S,-0.6228,0.4796,0.6181,3.66,0.935,0.965,1.000,0.463
S,0.1699,-0.1413,-0.9753,3.40,0.969,0.979,0.989,0.391
S,0.7069,0.5027,0.4976,3.80,0.979,0.989,0.999,0.810
S,-0.0436,-0.7166,0.6961,10.62,0.977,0.987,0.997,0.899
S,0.5406,0.8356,-0.0974,3.49,0.994,0.954,0.854,0.763
S,-0.2762,-0.5840,0.7633,10.26,0.827,0.897,1.000,0.386
S,0.2120,-0.7168,-0.6643,4.74,0.974,0.984,0.994,0.382
S,-0.4811,0.8170,-0.3179,3.67,0.813,0.883,0.993,0.603
S,0.9501,0.0548,-0.3072,5.91,0.998,0.958,0.858,0.860
S,0.0957,-0.9909,0.0944,3.46,1.000,0.964,0.864,0.692
S,-0.2619,-0.8082,-0.5274,4.04,0.982,0.992,1.000,0.687
S,0.3536,0.7128,0.6057,5.47,0.997,0.957,0.857,0.548
S,-0.9989,-0.0460,-0.0096,3.57,0.979,0.989,0.999,0.347
S,0.3123,0.7928,-0.5233,4.19,0.975,0.985,0.995,0.501
S,0.6250,-0.6406,0.4462,5.64,0.826,0.896,1.000,0.398
S,-0.9283,-0.2613,-0.2646,4.46,0.987,0.997,1.000,0.583
S,-0.5390,0.7941,-0.2810,3.71,1.000,0.964,0.864,0.693
S,0.8878,0.4126,-0.2040,3.40,0.984,0.994,1.000,0.842
S,0.8878,0.4211,0.1858,3.69,0.977,0.987,0.997,0.595
S,-0.5985,0.7111,0.3690,3.40,0.995,0.955,0.855,0.676
S,-0.5307,-0.6440,-0.5511,3.40,0.809,0.879,0.989,0.893
S,-0.8442,0.4397,0.3065,9.03,0.978,0.988,0.998,0.460
S,-0.9901,0.1402,0.0110,3.63,0.831,0.901,1.000,0.507
S,-0.7226,0.1767,-0.6683,5.46,0.984,0.994,1.000,0.484
S,-0.9874,-0.1581,0.0125,6.75,0.981,0.991,1.000,0.409
S,0.0039,0.8400,0.5426,3.41,1.000,0.969,0.869,0.758
S,-0.2928,-0.7013,-0.6499,5.37,0.989,0.999,1.000,0.534
S,0.1447,0.9860,0.0829,4.97,0.931,0.961,1.000,0.831
S,0.8642,0.4875,-0.1243,3.41,0.935,0.965,1.000,0.369
S,0.2237,-0.8297,-0.5115,13.87,0.969,0.979,0.989,0.981
S,0.5119,0.8223,-0.2487,10.52,0.831,0.901,1.000,0.390
S,0.4554,-0.4663,0.7584,6.36,0.815,0.885,0.995,0.342
S,0.5829,0.6400,0.5006,3.42,0.991,1.000,1.000,0.919
S,-0.5218,0.7732,0.3605,8.94,0.998,0.958,0.858,0.341
S,-0.1860,0.9541,-0.2349,3.49,1.000,0.962,0.862,0.399
S,0.1790,0.8894,0.4206,12.47,1.000,0.842,0.682,0.551
S,0.7564,0.6525,-0.0456,3.93,0.996,0.956,0.856,0.951
S,0.2086,0.4677,-0.8589,8.75,0.820,0.890,1.000,0.361
S,0.1190,0.9447,-0.3057,6.96,0.970,0.980,0.990,0.364
S,0.6146,0.2359,0.7528,3.42,0.981,0.991,1.000,0.701
S,0.1918,-0.9539,0.2309,5.59,0.999,0.959,0.859,0.478
S,0.6585,0.5613,0.5013,7.78,0.813,0.883,0.993,0.756
S,0.9432,-0.3321,0.0124,3.50,0.830,0.900,1.000,0.623
S,-0.1418,-0.5316,0.8350,3.79,0.971,0.981,0.991,0.721
S,-0.1054,0.4882,-0.8664,8.13,0.978,0.988,0.998,0.366
S,-0.7631,0.1126,-0.6364,3.41,1.000,0.966,0.866,0.576
S,0.4017,0.8891,0.2193,7.45,1.000,0.966,0.866,0.343
S,0.4901,0.7063,-0.5108,15.02,0.977,0.987,0.997,0.385
S,-0.4645,-0.6605,0.5900,9.88,1.000,0.967,0.867,0.485
S,-0.3678,0.8512,-0.3745,3.53,0.975,0.985,0.995,0.350
S,-0.9190,0.1173,-0.3765,3.48,0.987,0.997,1.000,0.691
S,-0.1714,0.9852,0.0087,3.50,0.829,0.899,1.000,0.341
S,-0.3596,-0.9330,0.0143,3.59,0.999,0.959,0.859,0.517
S,-0.5466,0.8321,-0.0937,3.47,0.984,0.994,1.000,0.822
S,-0.5794,0.8024,0.1431,3.40,0.992,1.000,1.000,0.372
S,0.1656,-0.6025,-0.7807,10.18,0.976,0.986,0.996,0.801
S,-0.6484,0.2766,0.7093,10.28,0.983,0.993,1.000,0.474
S,-0.8272,0.1175,-0.5495,4.86,0.982,0.992,1.000,0.835
S,0.2215,-0.7608,0.6100,5.15,1.000,0.970,0.870,0.350
S,0.7591,0.6509,-0.0113,3.42,0.984,0.994,1.000,0.633
S,-0.7730,-0.4472,0.4500,4.70,0.832,0.902,1.000,0.572
S,-0.9886,0.0765,-0.1294,14.15,1.000,0.965,0.865,0.400
S,0.6369,0.0622,0.7684,4.37,0.968,0.978,0.988,0.579
S,0.9881,0.0967,0.1200,15.16,1.000,0.967,0.867,0.518
S,-0.9079,-0.2789,0.3129,15.40,0.986,0.996,1.000,0.500
S,0.3062,0.6276,-0.7158,3.40,0.809,0.879,0.989,0.397
S,0.7827,0.2867,-0.5525,13.24,0.991,1.000,1.000,0.343
S,0.3382,0.2868,-0.8963,3.94,1.000,0.964,0.864,0.539
S,0.5003,0.7366,-0.4551,17.29,1.000,0.966,0.866,0.357
S,0.1272,0.1357,0.9826,3.40,0.925,0.955,0.995,0.775
S,-0.4475,0.8837,-0.1371,6.52,0.972,0.982,0.992,0.844
S,0.0862,0.5899,0.8029,13.02,0.821,0.891,1.000,0.399
S,0.5541,-0.7595,0.3407,11.94,0.969,0.979,0.989,0.405
S,-0.2604,0.2895,0.9211,3.90,1.000,0.964,0.864,0.340
S,0.8469,0.4908,0.2047,4.23,0.919,0.949,0.989,0.685
S,0.0259,0.9643,0.2637,3.54,0.995,0.835,0.675,0.393
S,-0.1692,0.8658,-0.4710,3.79,0.828,0.898,1.000,0.514
S,0.5287,0.4051,-0.7459,3.51,1.000,0.970,0.870,0.365
S,0.4711,-0.8779,-0.0856,3.40,0.990,1.000,1.000,0.947
S,0.5555,-0.6494,-0.5194,6.06,0.925,0.955,0.995,0.384
S,0.5234,-0.3192,-0.7900,6.24,0.980,0.990,1.000,0.435
S,0.0367,-0.7386,0.6731,9.35,0.968,0.978,0.988,0.612
S,0.3384,-0.4539,-0.8243,3.97,0.985,0.995,1.000,0.352
S,-0.0064,-0.9982,0.0591,4.70,0.821,0.891,1.000,0.837
S,-0.1221,0.9713,0.2043,6.60,0.981,0.991,1.000,0.989
S,-0.7693,0.0120,-0.6387,9.77,0.816,0.886,0.996,0.532
S,-0.4462,-0.0594,-0.8930,3.45,0.976,0.986,0.996,0.819
S,0.6175,0.7693,0.1640,3.40,1.000,0.972,0.872,0.486
S,0.8051,0.5163,0.2920,3.40,0.973,0.983,0.993,0.341
S,0.0900,0.9445,-0.3159,3.40,0.987,0.997,1.000,0.602
S,-0.1058,-0.2729,-0.9562,5.42,0.987,0.997,1.000,0.716
S,-0.3920,-0.5994,0.6979,4.40,1.000,0.968,0.868,0.478
S,0.9725,0.0388,-0.2297,3.40,0.989,0.999,1.000,0.342
S,0.5437,-0.7961,-0.2656,16.37,0.991,1.000,1.000,0.665
S,0.8484,0.2563,-0.4632,3.40,0.942,0.972,1.000,0.384
S,-0.0831,0.3449,0.9349,3.46,0.973,0.983,0.993,0.340
S,-0.6278,-0.5816,0.5173,5.90,0.977,0.987,0.997,0.508
S,0.1377,0.9279,0.3466,3.40,0.998,0.958,0.858,0.993
S,0.8455,-0.1061,0.5233,3.53,0.971,0.981,0.991,0.375
S,0.7573,0.3630,0.5429,10.53,0.976,0.986,0.996,0.845
S,-0.3524,-0.2114,0.9117,3.41,1.000,0.968,0.868,0.937
S,0.7473,0.6638,0.0317,3.53,0.971,0.981,0.991,0.488
S,0.3218,0.4359,-0.8405,5.25,0.974,0.984,0.994,0.377
S,0.5517,-0.3936,0.7353,15.25,1.000,0.849,0.689,0.904
S,0.2574,0.9606,0.1053,3.43,1.000,0.960,0.860,0.936
S,0.2953,0.3831,-0.8752,3.40,0.982,0.992,1.000,0.587
S,-0.2544,0.5965,0.7612,5.21,0.990,1.000,1.000,0.884
S,0.9604,-0.2766,-0.0326,6.04,1.000,0.972,0.872,0.576
S,-0.7070,0.3152,0.6331,9.79,1.000,0.967,0.867,0.600
S,-0.0097,0.8887,-0.4584,3.40,0.970,0.980,0.990,0.380
S,-0.3711,0.5592,-0.7413,3.60,0.997,0.957,0.857,0.402
S,0.3166,-0.7418,0.5912,3.92,0.991,0.951,0.851,0.359
S,-0.5425,0.8379,0.0598,8.30,0.978,0.988,0.998,0.908
S,-0.9584,-0.1430,0.2471,17.17,1.000,0.970,0.870,0.622
S,0.0220,-0.8633,-0.5043,4.15,1.000,0.964,0.864,0.392
S,-0.5515,-0.4760,0.6851,3.40,0.980,0.990,1.000,0.686
S,-0.9918,-0.1276,0.0043,3.40,0.973,0.983,0.993,0.347
S,-0.3501,-0.7798,0.5190,4.14,1.000,0.967,0.867,0.563
S,0.3350,0.0349,-0.9416,16.37,0.988,0.998,1.000,0.889
S,0.9951,-0.0832,-0.0528,3.89,0.976,0.986,0.996,0.733
S,0.2127,-0.0482,0.9759,3.43,0.918,0.948,0.988,0.665
S,0.5353,-0.7256,-0.4324,3.42,1.000,0.966,0.866,0.611
S,-0.6931,0.4139,0.5902,3.55,0.971,0.981,0.991,0.755
S,-0.2032,-0.3844,0.9005,3.64,0.980,0.990,1.000,0.471
S,-0.8979,-0.4306,-0.0909,10.88,0.829,0.899,1.000,0.673
S,0.7629,-0.5644,-0.3153,3.40,0.985,0.995,1.000,0.341
S,-0.2306,-0.6666,-0.7088,5.42,0.918,0.948,0.988,0.603
S,-0.9357,-0.3484,-0.0562,4.17,0.969,0.979,0.989,0.677
S,0.9502,0.2799,-0.1370,3.40,0.979,0.989,0.999,0.477
S,0.7676,0.6277,-0.1298,3.40,0.988,0.998,1.000,0.386
S,-0.4457,0.8839,-0.1418,6.30,0.973,0.983,0.993,0.415
S,-0.7446,-0.5828,0.3255,3.53,1.000,0.966,0.866,0.344
S,-0.4058,0.0459,0.9128,4.58,0.937,0.967,1.000,0.341
S,0.7802,-0.4543,0.4300,3.44,0.977,0.987,0.997,0.508
S,-0.1368,-0.8843,0.4464,5.76,1.000,0.962,0.862,0.674
S,-0.1437,0.7866,-0.6006,3.40,0.927,0.957,0.997,0.802
S,-0.2726,0.4509,0.8499,4.08,0.972,0.982,0.992,0.642
S,0.3019,-0.9400,0.1589,3.48,1.000,0.960,0.860,0.418
S,-0.3930,0.0764,-0.9164,4.81,0.934,0.964,1.000,0.376
S,0.0186,0.3220,-0.9466,3.54,1.000,0.963,0.863,0.342
S,-0.5561,0.6907,-0.4622,4.98,1.000,0.963,0.863,0.663
S,-0.6266,-0.5871,-0.5126,3.89,0.982,0.992,1.000,0.496
S,-0.7137,-0.2115,-0.6678,8.62,0.969,0.979,0.989,0.357
S,-0.3357,0.6592,0.6729,9.48,1.000,0.965,0.865,0.864
S,-0.7941,-0.5752,0.1965,3.41,1.000,0.964,0.864,0.353
S,-0.0246,-0.9155,-0.4016,3.80,0.992,0.952,0.852,0.907
S,0.9597,-0.0040,0.2809,3.52,0.923,0.953,0.993,0.810
S,0.6738,-0.7294,0.1185,3.71,1.000,0.972,0.872,0.346
S,-0.6310,0.0765,0.7720,3.40,0.936,0.966,1.000,0.457
S,-0.3893,-0.2931,-0.8732,8.60,0.810,0.880,0.990,0.552
S,-0.9144,-0.3833,-0.1299,8.18,0.986,0.996,1.000,0.441
S,0.9554,0.1642,0.2454,4.63,0.988,0.948,0.848,0.450
S,-0.3309,0.1937,-0.9236,15.47,0.933,0.963,1.000,0.901
S,0.2826,-0.8850,0.3700,3.40,0.980,0.990,1.000,0.600
S,0.9973,0.0078,0.0731,3.66,0.942,0.972,1.000,0.366
S,-0.0256,0.7473,0.6640,3.40,0.998,0.838,0.678,0.897
S,-0.4811,-0.1568,-0.8625,3.40,0.986,0.996,1.000,0.612
S,-0.7217,-0.6707,-0.1710,4.14,0.992,1.000,1.000,0.626
S,0.2487,0.7169,0.6513,9.03,0.987,0.997,1.000,0.416
S,0.4562,-0.6279,0.6306,9.93,0.811,0.881,0.991,0.497
S,-0.5722,-0.5681,-0.5915,3.68,1.000,0.971,0.871,0.791
S,0.7170,0.0987,0.6901,10.25,0.830,0.900,1.000,0.420
S,0.7875,0.5645,-0.2471,8.47,0.972,0.982,0.992,0.370
S,-0.8835,0.3570,0.3033,4.18,0.987,0.997,1.000,0.674
S,0.1026,-0.8440,-0.5264,3.41,0.976,0.986,0.996,0.763
S,-0.6487,0.5838,0.4882,6.52,0.990,1.000,1.000,0.544
S,-0.5309,-0.5172,-0.6713,4.80,0.818,0.888,0.998,0.597
S,0.1151,-0.7372,-0.6658,16.02,0.983,0.993,1.000,0.902
S,0.9973,0.0154,0.0717,3.40,0.989,0.949,0.849,0.997
S,-0.1956,0.3554,0.9140,3.86,0.988,0.828,0.668,0.419
S,0.0278,-0.0024,-0.9996,15.49,0.818,0.888,0.998,0.867
S,0.6065,-0.5119,-0.6084,3.40,1.000,0.968,0.868,0.869
S,-0.0184,0.4081,0.9128,12.74,0.989,0.949,0.849,0.914
S,-0.7109,-0.7020,-0.0430,3.40,0.997,0.957,0.857,0.647
S,0.5470,0.7033,0.4542,3.74,0.988,0.828,0.668,0.884
S,-0.6552,-0.6827,0.3234,3.59,0.971,0.981,0.991,0.631
S,-0.5754,0.1811,0.7976,4.95,0.822,0.892,1.000,0.387
S,0.9105,0.3755,-0.1732,16.75,0.993,0.953,0.853,0.728
S,0.0009,-0.5651,-0.8250,7.00,0.978,0.988,0.998,0.768
S,0.2276,-0.6958,-0.6812,17.38,0.929,0.959,0.999,0.459
S,-0.9884,0.0990,0.1148,3.56,0.990,1.000,1.000,0.997
S,-0.4733,0.7054,-0.5276,14.27,0.998,0.958,0.858,0.366
S,0.9718,0.2191,0.0872,3.57,0.991,1.000,1.000,0.360
S,-0.7133,-0.2544,0.6531,4.75,0.981,0.991,1.000,0.785
S,-0.5516,0.2371,0.7997,3.44,0.808,0.878,0.988,0.865
S,0.7528,-0.3734,0.5420,3.58,0.992,0.952,0.852,0.567
S,0.7039,-0.6272,-0.3333,14.00,0.985,0.995,1.000,0.589
S,-0.7016,-0.5331,-0.4728,3.60,0.813,0.883,0.993,0.433
S,-0.2228,-0.2639,-0.9385,7.64,0.990,1.000,1.000,0.601
S,0.8399,-0.4160,-0.3485,4.25,0.927,0.957,0.997,0.638
S,0.8232,-0.5452,0.1583,3.64,0.970,0.980,0.990,0.611
S,0.1176,-0.6878,0.7163,10.71,0.926,0.956,0.996,0.362
S,0.4201,-0.2977,-0.8573,3.40,0.828,0.898,1.000,0.887
S,0.4306,0.1766,0.8851,16.09,1.000,0.961,0.861,0.776
S,0.2152,0.4402,-0.8718,3.62,0.978,0.988,0.998,0.590
S,0.1013,-0.9643,0.2446,3.51,0.984,0.994,1.000,0.982
S,0.1320,-0.8024,0.5820,3.40,0.989,0.999,1.000,0.472
S,0.5119,0.8055,0.2986,4.73,0.824,0.894,1.000,0.352
S,0.9706,0.0786,-0.2275,13.06,0.971,0.981,0.991,0.463
S,-0.8128,0.3608,0.4573,13.79,0.979,0.989,0.999,0.668
S,0.4402,0.1345,-0.8878,3.42,1.000,0.970,0.870,0.590
S,0.8027,0.5923,0.0692,4.06,0.979,0.989,0.999,0.693
S,-0.5447,-0.7738,0.3232,9.40,0.991,0.951,0.851,0.544
S,-0.2636,0.9285,-0.2615,11.89,0.969,0.979,0.989,0.424
S,-0.6468,-0.7545,-0.1108,3.66,0.996,0.956,0.856,0.580
S,0.0803,0.6170,-0.7828,4.25,0.978,0.988,0.998,0.945
S,-0.1483,0.9762,-0.1581,3.40,0.986,0.996,1.000,0.396
S,0.8515,0.5222,0.0484,3.42,1.000,0.960,0.860,0.372
S,-0.1585,0.6245,0.7647,3.89,0.983,0.993,1.000,0.735
S,-0.8412,-0.0148,-0.5406,3.79,0.981,0.991,1.000,0.935
S,0.6675,-0.6920,-0.2749,9.22,0.818,0.888,0.998,0.378
S,0.0813,-0.4900,-0.8679,7.73,0.992,1.000,1.000,0.793
S,0.4299,-0.6710,0.6041,6.00,0.825,0.895,1.000,0.789
S,0.7981,0.6024,-0.0110,3.40,0.997,0.957,0.857,0.899
S,-0.4264,-0.7331,-0.5299,5.01,0.827,0.897,1.000,0.905
S,-0.2025,-0.5485,-0.8113,10.19,0.831,0.901,1.000,0.600
S,-0.4643,0.7645,0.4471,14.48,1.000,0.963,0.863,0.788
S,-0.7151,0.5637,-0.4134,6.21,0.989,0.999,1.000,0.361
S,-0.4287,-0.8131,0.3937,3.40,0.973,0.983,0.993,0.468
S,0.9277,-0.2602,0.2677,3.44,0.979,0.989,0.999,0.589
S,-0.7620,-0.1019,-0.6396,3.41,0.991,1.000,1.000,0.442
S,-0.2936,-0.5722,0.7658,3.97,0.978,0.988,0.998,0.464
S,-0.7903,0.3908,0.4718,6.56,0.980,0.990,1.000,0.631
S,-0.7755,-0.6309,0.0256,9.38,0.972,0.982,0.992,0.864
S,-0.7228,-0.3860,-0.5732,3.57,0.934,0.964,1.000,0.375
S,0.5756,-0.1874,0.7959,3.40,0.986,0.996,1.000,0.708
S,-0.5348,-0.8309,0.1539,10.80,0.994,0.954,0.854,0.649
S,0.1372,-0.8517,0.5057,11.59,0.991,1.000,1.000,0.572
S,0.6313,0.7673,-0.1130,3.40,0.988,0.948,0.848,0.648
S,0.7543,-0.4140,-0.5095,3.92,0.976,0.986,0.996,0.482
S,-0.2566,0.9516,0.1692,3.45,0.988,0.948,0.848,0.431
S,0.4876,0.2150,-0.8462,9.68,0.979,0.989,0.999,0.344
S,-0.8852,0.4639,0.0341,3.42,0.993,0.953,0.853,0.572
S,0.5797,0.3247,-0.7473,11.18,0.986,0.996,1.000,0.858
S,-0.8949,-0.1253,-0.4284,7.33,0.989,0.999,1.000,0.373
S,-0.3919,0.3334,0.8575,3.40,0.992,1.000,1.000,0.365
S,-0.0460,-0.6494,-0.7591,3.43,0.828,0.898,1.000,0.420
S,0.5211,0.8392,-0.1555,5.89,0.999,0.959,0.859,0.350
S,-0.7318,-0.5354,0.4217,3.41,1.000,0.961,0.861,0.432
S,0.5279,-0.1067,-0.8426,6.58,0.979,0.989,0.999,0.505
S,-0.3643,-0.5858,-0.7239,3.45,0.977,0.987,0.997,0.390
S,-0.7417,-0.5494,0.3848,9.78,0.986,0.996,1.000,0.600
S,0.9311,0.1003,0.3506,3.81,0.992,1.000,1.000,0.823
S,0.0546,-0.9945,0.0888,3.40,0.969,0.979,0.989,0.442
S,-0.4063,-0.6857,0.6040,3.41,0.972,0.982,0.992,0.493
S,-0.8125,0.5377,0.2254,5.20,0.981,0.991,1.000,0.433
S,0.9677,-0.1426,0.2077,3.76,0.999,0.959,0.859,0.845
S,0.1778,0.3313,0.9266,9.57,0.942,0.972,1.000,0.345
S,0.9880,-0.0425,0.1482,3.40,0.989,0.999,1.000,0.491
S,-0.5523,0.0239,-0.8333,4.04,0.992,0.952,0.852,0.573
S,0.4788,-0.8609,-0.1722,3.40,0.983,0.993,1.000,0.404
S,-0.8572,-0.5138,0.0355,3.40,0.921,0.951,0.991,0.760
S,0.5748,-0.7468,0.3345,3.40,0.993,0.833,0.673,0.341
S,0.4463,0.3196,-0.8359,4.86,0.990,0.830,0.670,0.468
S,0.7528,0.6123,0.2416,3.83,0.939,0.969,1.000,0.346
S,0.3410,-0.8912,0.2990,3.73,0.975,0.985,0.995,0.482
S,-0.3519,-0.8533,-0.3847,4.61,0.975,0.985,0.995,0.597
S,0.1292,0.4673,-0.8746,5.75,1.000,0.963,0.863,0.355
S,0.5549,0.1664,0.8151,3.65,0.971,0.981,0.991,0.428
S,-0.9489,0.2087,0.2366,3.40,0.979,0.989,0.999,0.624
S,-0.4338,-0.7561,0.4901,3.46,0.986,0.996,1.000,0.972
S,0.6702,-0.1495,-0.7270,3.40,0.984,0.994,1.000,0.364
S,-0.8378,0.4300,-0.3364,6.53,0.997,0.957,0.857,0.471
S,0.5288,0.8468,0.0580,16.85,0.977,0.987,0.997,0.375
S,0.8936,-0.0143,-0.4487,10.12,0.984,0.994,1.000,0.344
S,-0.3401,0.1136,0.9335,7.12,0.937,0.967,1.000,0.455
S,0.8084,0.0710,-0.5843,3.48,0.985,0.995,1.000,0.596
S,-0.9544,-0.2981,0.0153,3.41,0.980,0.990,1.000,0.340
S,0.7912,0.5700,-0.2215,4.27,0.987,0.997,1.000,0.920
S,0.4557,0.7655,-0.4543,3.62,0.993,0.953,0.853,0.383
S,-0.7658,-0.0470,0.6414,4.91,0.969,0.979,0.989,0.383
S,0.8340,-0.0045,0.5518,10.66,0.972,0.982,0.992,0.342
S,0.6480,-0.2462,0.7207,8.48,0.989,0.949,0.849,0.497
S,0.1901,0.2505,-0.9493,3.40,1.000,0.966,0.866,0.792
S,-0.1916,-0.5178,0.8338,4.71,0.985,0.995,1.000,0.600
S,0.4279,-0.6589,0.6187,3.57,0.983,0.993,1.000,0.769
S,-0.7381,-0.5774,-0.3489,4.39,0.978,0.988,0.998,0.878
S,0.7563,-0.6488,-0.0842,13.93,0.990,1.000,1.000,0.643
S,0.5508,-0.4841,0.6799,3.44,0.827,0.897,1.000,0.362
S,-0.2571,0.6236,-0.7383,8.71,0.982,0.992,1.000,0.348
S,0.2964,0.7452,-0.5974,3.48,0.971,0.981,0.991,0.476
S,0.1781,-0.0872,0.9801,3.40,0.999,0.839,0.679,0.354
S,0.0865,-0.9925,-0.0863,4.86,1.000,0.966,0.866,0.348
S,0.4579,0.5209,0.7204,5.81,1.000,0.969,0.869,0.387
S,0.5907,-0.4223,-0.6876,6.37,0.977,0.987,0.997,0.384
S,-0.5479,0.7470,-0.3766,7.31,0.979,0.989,0.999,0.902
S,0.7824,-0.5225,-0.3387,16.11,0.982,0.992,1.000,0.605
S,0.7582,0.4939,0.4257,11.75,0.985,0.995,1.000,0.341
S,-0.1358,0.0311,0.9903,3.40,0.821,0.891,1.000,0.708
S,0.9712,-0.0097,-0.2380,5.65,0.994,0.954,0.854,0.832
S,0.3915,0.8856,-0.2499,3.47,0.996,0.956,0.856,0.640
S,0.2235,0.9301,0.2913,13.52,0.979,0.989,0.999,0.808
S,0.2146,-0.8040,-0.5545,15.67,0.937,0.967,1.000,0.378
S,0.8172,0.4471,0.3636,14.88,1.000,0.965,0.865,0.632
S,0.8407,-0.5352,-0.0827,9.52,1.000,0.971,0.871,0.686
S,-0.3601,0.4521,-0.8160,3.78,0.979,0.989,0.999,0.852
S,-0.4114,-0.4293,0.8040,9.15,0.942,0.972,1.000,0.349
S,0.6693,0.4731,-0.5729,4.35,0.992,0.952,0.852,0.946
S,-0.1664,0.8432,-0.5112,5.07,0.990,0.950,0.850,0.799
S,-0.2599,0.6194,-0.7408,3.40,0.988,0.998,1.000,0.429
S,0.0707,-0.7759,0.6269,9.39,1.000,0.966,0.866,0.410
S,-0.5612,0.8229,-0.0891,3.45,0.985,0.995,1.000,0.608
S,-0.8791,0.4357,-0.1931,13.50,0.969,0.979,0.989,0.710
S,0.7761,-0.1597,-0.6100,11.74,0.990,0.950,0.850,0.646
S,-0.2384,0.9681,-0.0772,4.01,0.939,0.969,1.000,0.340
S,0.5283,0.8185,-0.2257,4.14,1.000,0.961,0.861,0.827
S,-0.2114,-0.9311,0.2972,4.23,0.995,0.955,0.855,0.688
S,-0.1366,0.1491,-0.9793,3.41,0.986,0.996,1.000,0.365
S,-0.4232,0.3011,0.8545,3.46,0.980,0.990,1.000,0.481
S,-0.8372,0.4650,0.2878,8.08,0.974,0.984,0.994,0.703
S,-0.2282,-0.3730,-0.8993,3.40,0.919,0.949,0.989,0.968
S,0.2754,0.1763,0.9450,16.22,0.828,0.898,1.000,0.773
S,-0.8929,-0.4297,0.1345,3.40,0.986,0.996,1.000,0.919
S,0.1149,0.9880,-0.1033,3.59,0.978,0.988,0.998,0.694
S,-0.8075,0.4476,0.3842,10.82,0.988,0.998,1.000,0.933
S,-0.7139,-0.2985,0.6334,3.42,0.989,0.999,1.000,0.448
S,-0.2826,0.8676,-0.4092,8.85,0.822,0.892,1.000,0.735
S,0.8062,-0.2860,-0.5178,4.24,0.970,0.980,0.990,0.510
S,0.5711,0.8192,-0.0521,3.43,0.969,0.979,0.989,0.469
S,-0.9825,-0.1565,-0.1014,5.20,0.992,0.952,0.852,0.486
S,0.6776,-0.2839,-0.6784,3.40,0.980,0.990,1.000,0.515
S,0.1727,-0.8866,0.4290,5.14,0.988,0.998,1.000,0.590
S,-0.9138,-0.2463,0.3229,12.28,0.969,0.979,0.989,0.513
S,-0.5534,0.8327,-0.0187,3.40,0.825,0.895,1.000,0.348
S,0.7271,0.5801,-0.3671,3.96,0.989,0.999,1.000,0.537
S,-0.8662,-0.4007,0.2985,3.55,0.821,0.891,1.000,0.580
S,0.2336,0.1855,0.9545,5.24,0.979,0.989,0.999,0.751
S,0.1871,0.7288,0.6587,3.55,0.980,0.990,1.000,0.448
S,-0.0671,0.8594,0.5068,3.92,0.974,0.984,0.994,0.445
S,-0.0393,0.9977,-0.0557,3.41,0.973,0.983,0.993,0.889
S,-0.2295,0.8697,0.4369,3.47,0.998,0.958,0.858,0.395
S,-0.3593,0.8640,0.3528,8.97,0.997,0.957,0.857,0.970
S,-0.8995,-0.0767,-0.4302,10.47,0.977,0.987,0.997,0.763
S,0.6221,-0.6974,0.3557,3.40,0.990,1.000,1.000,0.412
S,0.6797,0.3069,0.6662,4.50,0.810,0.880,0.990,0.613
S,-0.4165,0.9071,0.0607,3.43,0.978,0.988,0.998,0.822
S,-0.4821,-0.5090,-0.7131,3.41,1.000,0.967,0.867,0.599
S,-0.0778,0.3383,0.9378,3.76,1.000,0.961,0.861,0.663
S,-0.5909,0.4801,-0.6483,7.63,1.000,0.847,0.687,0.749
S,-0.2300,-0.9496,-0.2130,5.18,0.979,0.989,0.999,0.765
S,0.3665,0.5513,0.7495,3.41,0.818,0.888,0.998,0.400
S,-0.4314,0.2057,0.8784,3.55,0.927,0.957,0.997,0.827
S,-0.9958,0.0056,-0.0912,3.40,0.986,0.996,1.000,0.843
S,-0.6646,0.7225,0.1906,13.08,0.832,0.902,1.000,0.348
S,0.8945,-0.4308,-0.1193,3.40,0.815,0.885,0.995,0.358
S,-0.8326,0.1567,0.5313,5.94,1.000,0.966,0.866,0.871
S,-0.6693,0.0614,-0.7404,7.64,1.000,0.969,0.869,0.354
S,-0.0604,0.1728,0.9831,3.40,0.971,0.981,0.991,0.668
S,-0.7507,0.2503,-0.6113,4.20,0.990,1.000,1.000,0.608
S,-0.7771,-0.5277,0.3430,3.78,1.000,0.848,0.688,0.352
S,0.0819,0.8191,0.5678,6.58,0.926,0.956,0.996,0.361
S,0.7692,0.3182,-0.5541,5.52,0.993,0.953,0.853,0.655
S,0.1264,0.5846,0.8014,5.72,0.990,0.950,0.850,0.985
S,-0.6699,-0.5252,0.5248,7.06,1.000,0.972,0.872,0.506
S,0.8063,0.1078,-0.5816,6.07,0.972,0.982,0.992,0.897
S,-0.6201,0.1792,0.7638,4.40,0.986,0.996,1.000,0.340
S,-0.9761,0.2029,-0.0778,7.76,0.990,0.950,0.850,0.510
S,-0.9892,-0.1271,0.0726,13.35,0.975,0.985,0.995,0.465
S,0.8756,-0.0606,-0.4792,4.35,0.993,0.953,0.853,0.381
S,-0.0358,-0.7811,0.6234,11.70,0.987,0.997,1.000,0.797
S,-0.3585,0.2873,-0.8882,3.41,1.000,0.969,0.869,0.513
S,0.6715,0.3464,-0.6551,4.00,0.968,0.978,0.988,0.377
S,0.8877,-0.4136,-0.2021,3.95,0.817,0.887,0.997,0.348
S,0.2411,-0.8808,-0.4075,3.41,0.999,0.959,0.859,0.477
S,0.6197,0.7011,-0.3527,3.46,0.992,0.952,0.852,0.649
S,0.5774,0.7467,0.3302,3.43,0.988,0.828,0.668,0.360
S,-0.8105,-0.4362,0.3910,3.76,0.994,0.954,0.854,0.537
S,0.0262,-0.6377,0.7699,5.20,0.994,0.954,0.854,0.385
S,0.2292,-0.9648,0.1286,3.53,1.000,0.964,0.864,0.878
S,-0.4121,-0.3899,-0.8235,3.74,0.992,0.952,0.852,0.904
S,-0.4332,-0.8615,0.2648,3.55,0.989,0.949,0.849,0.858
S,-0.2328,0.3288,-0.9152,6.40,1.000,0.961,0.861,0.545
S,0.7498,0.4868,-0.4481,7.56,0.973,0.983,0.993,0.722
S,0.5492,-0.1233,0.8265,10.60,0.824,0.894,1.000,0.345
S,-0.4474,0.8830,-0.1420,3.41,0.979,0.989,0.999,0.782
S,0.9602,-0.2221,0.1691,8.19,0.976,0.986,0.996,0.654
S,0.0882,-0.6423,0.7613,3.75,0.986,0.996,1.000,0.537
S,-0.4250,0.0885,0.9008,3.63,1.000,0.966,0.866,0.487
S,0.4003,0.9006,-0.1694,3.41,0.977,0.987,0.997,0.486
S,-0.7123,-0.5129,-0.4791,16.89,0.928,0.958,0.998,0.834
S,0.8653,0.3246,-0.3819,5.76,0.988,0.998,1.000,0.842
S,0.7869,0.1866,0.5882,3.45,0.938,0.968,1.000,0.621
S,0.6304,-0.1116,-0.7682,3.41,0.831,0.901,1.000,0.849
S,-0.9055,0.1147,0.4085,3.40,0.974,0.984,0.994,0.512
S,-0.2571,-0.9392,0.2276,3.45,1.000,0.851,0.691,0.353
S,0.5824,0.7636,0.2788,3.62,1.000,0.971,0.871,0.381
S,0.7118,-0.4596,-0.5312,11.61,0.999,0.959,0.859,0.704
S,-0.3123,-0.0369,-0.9493,14.27,1.000,0.969,0.869,0.688
S,-0.6747,0.7347,0.0706,4.28,0.992,0.952,0.852,0.520
S,0.9260,-0.2884,-0.2435,3.41,0.976,0.986,0.996,0.455
S,-0.1749,-0.8042,0.5680,8.54,0.991,0.951,0.851,0.837
S,0.0986,-0.6114,-0.7851,3.47,0.808,0.878,0.988,0.599
S,-0.8280,0.5606,-0.0083,5.20,0.811,0.881,0.991,0.475
S,-0.2355,0.3794,-0.8947,3.40,1.000,0.968,0.868,0.445
S,0.3169,-0.7892,0.5261,3.48,0.992,1.000,1.000,0.856
S,0.0502,-0.6277,-0.7768,5.57,0.821,0.891,1.000,0.493
S,-0.6851,-0.3885,-0.6162,3.43,0.984,0.994,1.000,0.348
S,0.3901,-0.8698,-0.3020,4.64,1.000,0.965,0.865,0.933
S,-0.4755,-0.1224,0.8712,3.40,0.832,0.902,1.000,0.562
S,-0.6792,-0.2140,-0.7021,7.53,0.982,0.992,1.000,0.423
S,0.4091,-0.4636,-0.7859,11.71,0.990,1.000,1.000,0.834
S,-0.8597,0.0299,0.5100,3.42,0.977,0.987,0.997,0.927
S,0.9376,-0.3443,0.0483,7.63,0.988,0.998,1.000,0.998
S,0.1740,0.9217,-0.3468,12.69,0.992,1.000,1.000,0.424
S,0.1292,-0.9594,0.2507,3.40,0.974,0.984,0.994,0.996
S,-0.2329,0.9223,-0.3084,3.51,0.982,0.992,1.000,0.490
S,-0.4757,-0.7886,-0.3896,11.97,0.813,0.883,0.993,0.529
S,0.4394,0.6296,0.6407,3.68,1.000,0.971,0.871,0.542
S,-0.4510,0.0704,-0.8898,3.40,0.991,0.951,0.851,0.850
S,-0.0803,-0.4495,0.8896,8.73,0.977,0.987,0.997,0.345
S,0.4093,0.6513,-0.6389,16.23,0.973,0.983,0.993,0.570
S,0.8654,0.4256,0.2645,3.87,1.000,0.968,0.868,0.721
S,0.9404,0.3396,0.0174,9.64,0.941,0.971,1.000,0.413
S,0.7807,-0.2987,-0.5489,13.41,1.000,0.972,0.872,0.567
S,0.1453,0.1734,0.9741,6.22,1.000,0.963,0.863,0.341
S,-0.7935,0.4776,-0.3772,5.79,0.982,0.992,1.000,0.340
S,0.6367,0.3111,-0.7055,4.49,0.819,0.889,0.999,0.545
S,0.2379,0.3851,-0.8917,4.19,1.000,0.968,0.868,0.430
S,-0.9643,-0.0157,-0.2644,3.79,0.979,0.989,0.999,0.665
S,-0.7536,-0.3285,-0.5693,3.57,0.998,0.958,0.858,0.911
S,0.6224,0.6327,-0.4607,4.02,0.983,0.993,1.000,0.473
S,-0.9651,0.2357,-0.1141,3.41,0.981,0.991,1.000,0.932
S,-0.0541,-0.7115,-0.7006,3.40,1.000,0.960,0.860,0.558
S,0.6455,0.5345,-0.5455,7.68,1.000,0.971,0.871,0.378
S,0.5801,0.1208,0.8055,3.44,1.000,0.962,0.862,0.631
S,0.6573,-0.3679,-0.6578,3.41,0.830,0.900,1.000,0.521
S,0.3934,-0.8549,-0.3382,15.76,0.817,0.887,0.997,0.444
S,0.4033,-0.2461,-0.8813,7.62,0.996,0.836,0.676,0.934
S,-0.1625,-0.6860,0.7092,4.17,0.979,0.989,0.999,0.385
S,-0.0156,-0.5325,-0.8463,4.80,0.978,0.988,0.998,0.917
S,0.8956,0.4143,-0.1620,12.27,0.970,0.980,0.990,0.958
S,0.5476,0.6125,-0.5701,5.39,0.970,0.980,0.990,0.386
S,0.9527,-0.2083,-0.2212,3.41,0.973,0.983,0.993,0.768
S,-0.6669,-0.7313,0.1429,3.40,0.819,0.889,0.999,0.454
S,-0.3391,-0.9407,0.0129,3.41,0.989,0.829,0.669,0.803
S,0.1298,0.7826,-0.6089,3.70,0.981,0.991,1.000,0.592
S,-0.6314,-0.7541,-0.1811,3.41,0.823,0.893,1.000,0.544
S,0.6128,-0.0250,-0.7898,3.69,0.988,0.998,1.000,0.373
S,0.3356,0.3265,0.8836,3.40,0.991,1.000,1.000,0.912
S,0.0369,0.8931,0.4484,9.70,0.988,0.998,1.000,0.358
S,0.2774,-0.4081,0.8698,3.40,0.826,0.896,1.000,0.479
S,0.6195,-0.6626,0.4208,3.40,0.970,0.980,0.990,0.391
S,-0.4355,0.5100,-0.7418,3.40,0.971,0.981,0.991,0.387
S,0.4620,0.6550,-0.5979,3.41,0.971,0.981,0.991,0.902
S,0.0464,0.5915,-0.8049,10.06,1.000,0.969,0.869,0.381
S,0.6124,-0.5672,0.5507,9.83,0.985,0.995,1.000,0.519
S,0.3129,0.9460,0.0852,3.48,0.998,0.838,0.678,0.341
S,0.5893,-0.7781,-0.2176,7.83,0.980,0.990,1.000,0.977
S,0.7048,0.3145,-0.6359,3.40,0.986,0.996,1.000,0.442
S,-0.2533,0.9179,-0.3054,3.45,0.815,0.885,0.995,0.610
S,0.4410,0.5716,0.6919,3.40,1.000,0.968,0.868,0.910
S,0.9508,-0.2734,-0.1455,3.42,0.991,1.000,1.000,0.553
S,0.8637,0.2398,-0.4433,16.84,0.832,0.902,1.000,0.391
S,0.7012,-0.5843,0.4085,9.91,0.815,0.885,0.995,0.825
S,-0.6596,0.7445,-0.1034,3.40,0.969,0.979,0.989,0.557
S,-0.5344,-0.6485,0.5421,4.73,0.825,0.895,1.000,0.346
S,-0.9783,-0.1199,-0.1688,3.73,0.989,0.999,1.000,0.617
S,-0.7743,0.1650,0.6109,4.37,0.989,0.829,0.669,0.784
S,0.2932,-0.0275,0.9557,3.41,0.976,0.986,0.996,0.810
S,-0.4980,-0.5868,-0.6384,5.29,0.988,0.948,0.848,0.567
S,0.2284,0.5759,-0.7850,3.40,1.000,0.962,0.862,0.521
S,0.9915,0.0993,0.0842,3.81,0.935,0.965,1.000,0.365
S,0.0452,-0.0656,-0.9968,3.40,0.922,0.952,0.992,0.352
S,0.2817,0.9080,0.3102,3.83,1.000,0.969,0.869,0.745
S,0.9088,-0.2164,0.3566,14.13,0.991,0.951,0.851,0.344
S,0.9415,-0.2041,0.2684,9.27,1.000,0.967,0.867,0.786
S,-0.7734,-0.0374,-0.6328,9.74,0.976,0.986,0.996,0.381
S,-0.6407,-0.7618,0.0954,5.19,1.000,0.840,0.680,0.461
S,0.2239,-0.8825,-0.4137,3.40,0.984,0.994,1.000,0.591
S,0.3686,0.2037,-0.9070,3.84,0.989,0.999,1.000,0.496
S,-0.0076,0.2357,0.9718,3.40,0.977,0.987,0.997,0.934
S,-0.0861,-0.1891,-0.9782,3.43,1.000,0.968,0.868,0.344
S,0.2946,0.6831,0.6683,8.84,0.992,1.000,1.000,0.414
S,-0.0352,0.9887,0.1458,3.88,0.996,0.956,0.856,0.346
S,0.6651,-0.7257,0.1763,3.40,0.983,0.993,1.000,0.391
S,-0.0306,0.9585,-0.2836,6.80,1.000,0.960,0.860,0.967
S,0.2145,0.4525,-0.8656,3.44,0.990,0.950,0.850,0.468
S,0.8353,0.4585,-0.3034,6.71,0.980,0.990,1.000,0.871
S,-0.5030,-0.2967,0.8118,10.16,1.000,0.963,0.863,0.366
S,-0.9332,-0.1782,0.3121,4.98,1.000,0.972,0.872,0.579
S,0.1050,0.9919,0.0708,7.97,0.997,0.957,0.857,0.587
S,0.5229,-0.2083,-0.8265,4.68,0.983,0.993,1.000,0.820
S,-0.9105,0.2098,-0.3564,3.53,1.000,0.966,0.866,0.370
S,-0.0970,0.0534,-0.9939,6.08,0.991,1.000,1.000,0.569
S,0.3634,0.5505,0.7516,3.78,0.935,0.965,1.000,0.912
S,0.3406,-0.2492,0.9066,4.06,0.990,0.950,0.850,0.692
S,-0.4539,-0.4813,-0.7499,4.47,1.000,0.966,0.866,0.648
S,-0.9909,0.1117,0.0753,3.49,0.993,0.953,0.853,0.586
S,0.6417,-0.1251,0.7567,17.18,1.000,0.961,0.861,0.343
S,0.4508,0.8422,0.2957,4.43,0.810,0.880,0.990,0.344
S,-0.5372,-0.1198,0.8349,3.86,0.933,0.963,1.000,0.983
S,-0.1004,0.9350,0.3402,8.68,1.000,0.970,0.870,0.806
S,-0.0223,-0.8579,-0.5134,15.96,0.987,0.997,1.000,0.806
S,0.3481,0.1582,0.9240,17.32,0.937,0.967,1.000,0.573
S,0.0837,-0.7525,-0.6532,3.53,0.816,0.886,0.996,0.765
S,0.1947,-0.3970,-0.8969,5.89,0.810,0.880,0.990,0.613
S,-0.9691,0.1748,0.1741,5.83,0.978,0.988,0.998,0.391
S,0.5345,-0.0634,0.8428,3.40,0.990,0.950,0.850,0.791
S,-0.9642,-0.1715,0.2024,15.13,0.994,0.954,0.854,0.802
S,-0.6161,-0.7605,0.2052,8.74,0.986,0.996,1.000,0.821
S,0.6137,-0.7567,0.2253,3.52,0.812,0.882,0.992,0.795
S,-0.1283,-0.8293,-0.5438,3.43,1.000,0.844,0.684,0.383
S,-0.0856,-0.5934,-0.8003,3.43,0.924,0.954,0.994,0.880
S,0.6727,0.7209,-0.1668,3.46,0.980,0.990,1.000,0.648
S,0.8548,0.4843,0.1866,3.54,1.000,0.971,0.871,0.382
S,0.2768,-0.7906,-0.5462,4.67,0.972,0.982,0.992,0.890
S,-0.8762,0.3056,0.3727,12.21,1.000,0.962,0.862,0.389
S,-0.5486,-0.8159,0.1828,3.44,0.971,0.981,0.991,0.410
S,0.3611,-0.4265,0.8293,14.07,0.980,0.990,1.000,0.847
S,-0.8341,-0.3995,-0.3804,6.84,1.000,0.962,0.862,0.698
S,-0.4387,0.7810,-0.4445,3.82,0.988,0.998,1.000,0.590
S,-0.0039,-0.9167,-0.3996,3.74,0.826,0.896,1.000,0.661
S,-0.0917,0.6189,0.7801,5.87,0.995,0.955,0.855,0.966
S,0.5470,0.6679,-0.5047,3.52,0.823,0.893,1.000,0.572
S,0.8604,0.4302,0.2732,8.96,0.811,0.881,0.991,0.504
S,-0.0463,0.3671,0.9290,3.44,1.000,0.967,0.867,0.494
S,-0.8428,0.4059,0.3534,3.40,0.979,0.989,0.999,0.431
S,-0.1597,0.9802,0.1170,3.40,0.971,0.981,0.991,0.454
S,-0.4630,0.6903,0.5560,7.10,0.977,0.987,0.997,0.369
S,-0.8847,-0.4654,-0.0266,9.23,1.000,0.847,0.687,0.370
S,-0.1244,-0.3168,-0.9403,5.29,1.000,0.966,0.866,0.574
S,0.4954,0.6725,0.5499,3.52,0.987,0.997,1.000,0.592
S,0.7097,0.2668,-0.6520,3.46,1.000,0.970,0.870,0.492
S,-0.9018,-0.4275,0.0633,3.49,0.988,0.948,0.848,0.511
S,-0.6835,0.1417,-0.7161,7.83,1.000,0.964,0.864,0.443
S,-0.0387,0.7923,-0.6089,9.67,0.976,0.986,0.996,0.548
S,-0.5276,-0.6772,0.5129,13.55,0.990,1.000,1.000,0.387
S,0.2691,-0.8950,-0.3558,3.43,1.000,0.967,0.867,0.366
S,0.5725,-0.2007,-0.7949,4.34,0.978,0.988,0.998,0.872
S,-0.0455,-0.1955,-0.9796,4.88,0.981,0.991,1.000,0.873
S,-0.2383,-0.0891,-0.9671,5.02,0.974,0.984,0.994,0.620
S,-0.4553,-0.4580,-0.7635,5.33,0.815,0.885,0.995,0.649
S,0.6992,-0.6917,-0.1810,4.06,0.814,0.884,0.994,0.345
S,-0.1506,0.9868,0.0596,5.12,0.982,0.992,1.000,0.486
S,-0.4161,-0.3685,0.8313,3.40,0.815,0.885,0.995,0.849
S,-0.0764,0.3586,0.9304,5.08,1.000,0.964,0.864,0.532
S,-0.7180,0.6934,-0.0607,7.55,0.974,0.984,0.994,0.340
S,0.8429,0.0462,0.5360,15.73,0.983,0.993,1.000,0.469
S,-0.2449,-0.4235,0.8722,3.46,0.990,1.000,1.000,0.412
S,-0.6518,-0.5111,-0.5603,3.41,1.000,0.972,0.872,0.609
S,0.7974,-0.5047,-0.3308,3.43,0.809,0.879,0.989,0.517
S,-0.0345,-0.9854,-0.1669,3.91,0.981,0.991,1.000,0.428
S,0.4185,0.8811,0.2204,3.42,0.986,0.996,1.000,0.522
S,0.9998,-0.0189,0.0082,11.08,0.978,0.988,0.998,0.947
S,-0.1558,-0.9768,-0.1469,8.72,1.000,0.971,0.871,0.465
S,-0.0057,0.9999,-0.0095,15.30,0.995,0.835,0.675,0.382
S,0.9036,0.2246,0.3648,8.16,0.995,0.955,0.855,0.515
S,0.1693,-0.7609,-0.6264,12.54,1.000,0.966,0.866,0.760
S,0.9228,-0.2562,0.2876,4.08,0.995,0.835,0.675,0.344
S,-0.3748,-0.0847,0.9232,3.40,1.000,0.962,0.862,0.350
S,-0.6933,0.7202,0.0279,5.90,0.934,0.964,1.000,0.537
S,-0.3200,0.5270,0.7873,11.11,1.000,0.968,0.868,0.567
S,-0.2364,0.8098,-0.5370,3.64,1.000,0.967,0.867,0.704
S,-0.6831,-0.0298,0.7297,6.42,0.979,0.989,0.999,0.428
S,0.4054,0.9069,0.1150,3.49,1.000,0.844,0.684,0.523
S,0.6769,0.7078,-0.2023,6.10,0.999,0.959,0.859,0.386
S,-0.2602,-0.0836,0.9619,3.55,1.000,0.845,0.685,0.431
S,0.8236,0.1424,0.5491,3.47,0.813,0.883,0.993,0.877
S,-0.1393,-0.3453,-0.9281,3.44,0.920,0.950,0.990,0.727
S,0.3570,-0.5280,0.7706,3.53,0.930,0.960,1.000,0.531
S,0.3282,0.2779,-0.9028,3.45,0.989,0.949,0.849,0.904
S,-0.3051,0.7424,-0.5965,3.45,1.000,0.845,0.685,0.798
S,0.3547,-0.6472,0.6747,6.85,0.989,0.999,1.000,0.758
S,0.5270,0.1192,-0.8415,10.13,0.986,0.996,1.000,0.581
S,-0.2277,0.5529,0.8015,3.40,1.000,0.964,0.864,0.515
S,0.9467,0.2807,0.1577,3.41,0.983,0.993,1.000,0.505
S,-0.6218,-0.2188,-0.7520,3.42,0.987,0.997,1.000,0.406
S,0.3362,-0.5768,-0.7445,3.44,0.824,0.894,1.000,0.386
S,-0.7789,-0.6268,-0.0202,3.81,1.000,0.968,0.868,0.546
S,0.1384,-0.9783,-0.1542,5.80,0.976,0.986,0.996,0.347
S,-0.3505,0.8280,-0.4376,3.61,1.000,0.961,0.861,0.877
S,0.4752,-0.5017,0.7228,4.17,0.975,0.985,0.995,0.352
S,-0.7506,-0.4229,0.5077,3.41,0.984,0.994,1.000,0.499
S,0.0582,0.8646,0.4990,7.20,0.993,0.833,0.673,0.569
S,0.8698,-0.3163,0.3788,3.86,0.972,0.982,0.992,0.782
S,-0.0350,-0.4149,-0.9092,11.03,0.968,0.978,0.988,0.481
S,0.4262,-0.9031,0.0525,3.41,0.991,1.000,1.000,0.408
S,0.3830,-0.3727,0.8452,7.81,0.819,0.889,0.999,0.361
S,-0.0034,0.9194,0.3934,19.95,0.994,0.954,0.854,0.475
S,0.9240,-0.0698,-0.3761,3.46,0.984,0.994,1.000,0.706
S,0.3129,0.3144,0.8962,4.93,0.987,0.997,1.000,0.364
S,0.3448,0.6731,0.6543,5.01,0.995,0.955,0.855,0.622
S,-0.7100,0.2529,-0.6572,12.76,0.809,0.879,0.989,0.447
S,0.2537,0.2194,0.9421,13.47,0.980,0.990,1.000,0.477
S,-0.0148,0.9513,-0.3080,3.91,0.988,0.948,0.848,0.587
S,0.5306,-0.6603,0.5315,3.61,0.922,0.952,0.992,0.703
S,0.5289,-0.4406,-0.7254,3.40,0.941,0.971,1.000,0.645
S,0.0705,0.8440,-0.5317,3.40,0.978,0.988,0.998,0.641
S,0.2155,-0.3227,-0.9216,3.40,1.000,0.971,0.871,0.507
S,0.8388,0.4915,-0.2339,6.91,0.940,0.970,1.000,0.616
S,-0.3280,-0.7312,0.5982,6.43,1.000,0.972,0.872,0.340
S,-0.1987,0.2070,-0.9579,12.14,0.920,0.950,0.990,0.727
S,-0.1687,0.9789,-0.1153,3.40,1.000,0.961,0.861,0.739
S,0.7551,-0.3485,0.5553,12.56,0.986,0.996,1.000,0.566
S,0.6453,-0.6749,0.3579,3.40,1.000,0.971,0.871,0.464
S,0.8793,0.0371,0.4749,14.03,0.829,0.899,1.000,0.958
S,-0.1744,-0.1537,0.9726,3.40,0.972,0.982,0.992,0.845
S,0.1057,0.4501,-0.8867,3.40,0.923,0.953,0.993,0.644
S,-0.3669,0.8493,-0.3794,3.42,0.989,0.999,1.000,0.800
S,0.4866,-0.2537,0.8360,3.40,0.999,0.959,0.859,0.733
S,0.0954,0.3570,0.9292,3.40,0.983,0.993,1.000,0.793
S,-0.8798,-0.1115,-0.4621,3.50,0.994,0.954,0.854,0.993
S,-0.8868,0.0162,-0.4619,3.93,0.986,0.996,1.000,0.423
S,0.8533,-0.4465,0.2694,3.87,1.000,0.962,0.862,0.375
S,-0.6407,-0.6445,0.4174,3.40,0.987,0.997,1.000,0.823
S,-0.6118,0.5059,0.6081,3.40,1.000,0.968,0.868,0.368
S,-0.2217,0.6260,0.7476,3.40,0.977,0.987,0.997,0.521
S,0.4039,-0.7503,-0.5233,3.55,0.977,0.987,0.997,0.352
S,-0.4677,-0.8298,0.3046,3.41,0.968,0.978,0.988,0.901
S,0.5908,-0.5030,-0.6308,3.40,0.937,0.967,1.000,0.657
S,0.4490,-0.6973,-0.5588,3.42,0.974,0.984,0.994,0.426
S,-0.8081,0.5571,0.1913,3.40,0.968,0.978,0.988,0.353
S,-0.5486,0.8269,0.1236,6.51,0.993,0.953,0.853,0.444
S,-0.5374,0.5857,0.6067,4.08,0.971,0.981,0.991,0.657
S,0.7617,-0.4891,0.4250,5.96,1.000,0.960,0.860,0.802
S,-0.1930,-0.0250,-0.9809,3.40,0.923,0.953,0.993,0.747
S,0.3924,-0.5191,0.7593,12.67,0.977,0.987,0.997,0.500
S,0.9953,0.0814,0.0522,20.83,0.969,0.979,0.989,0.640
S,0.1066,0.2157,0.9706,6.23,0.990,1.000,1.000,0.374
S,-0.3649,0.8590,0.3591,3.57,0.989,0.999,1.000,0.675
S,0.7686,-0.3090,-0.5601,5.01,0.815,0.885,0.995,0.428
S,0.4745,0.8627,-0.1748,9.51,0.828,0.898,1.000,0.425
S,0.1992,-0.9785,-0.0529,3.54,1.000,0.962,0.862,0.367
S,-0.7697,0.0775,-0.6337,4.84,0.990,0.950,0.850,0.550
S,-0.8857,-0.4567,-0.0839,3.40,0.992,1.000,1.000,0.625
S,-0.8578,-0.3241,0.3988,16.12,1.000,0.961,0.861,0.718
S,0.6681,0.1799,0.7220,5.06,1.000,0.960,0.860,0.784
S,-0.3577,0.9320,0.0576,13.88,0.989,0.999,1.000,0.723
S,0.4720,-0.8743,0.1130,3.40,0.992,0.952,0.852,0.344
S,-0.2737,0.6034,-0.7490,3.58,0.979,0.989,0.999,0.713
S,-0.1069,0.7701,0.6289,3.40,0.936,0.966,1.000,0.611
S,0.6371,0.6916,-0.3403,12.60,0.988,0.998,1.000,0.735
S,0.2698,-0.1509,0.9510,3.42,0.981,0.991,1.000,0.661
S,-0.4662,-0.2361,-0.8526,3.44,0.980,0.990,1.000,0.402
S,-0.7497,-0.3627,-0.5536,22.69,0.992,0.952,0.852,0.398
S,0.6757,-0.4865,0.5539,3.44,0.977,0.987,0.997,0.698
S,-0.3291,0.4723,0.8177,3.40,0.832,0.902,1.000,0.619
S,-0.2300,-0.9349,0.2702,4.18,0.968,0.978,0.988,0.457
S,-0.0417,0.7619,0.6464,6.88,0.991,1.000,1.000,0.914
S,-0.3639,-0.8668,-0.3408,4.38,0.975,0.985,0.995,0.680
S,-0.0329,0.1116,0.9932,8.35,1.000,0.967,0.867,0.356
S,0.3834,0.9216,0.0606,3.40,1.000,0.844,0.684,0.809
S,0.8449,0.0146,0.5347,3.40,0.968,0.978,0.988,0.453
S,-0.3582,-0.8012,-0.4793,6.18,1.000,0.847,0.687,0.919
S,0.4205,0.6784,0.6025,3.40,0.808,0.878,0.988,0.347
S,0.2250,0.0647,-0.9722,11.85,0.977,0.987,0.997,0.478
S,0.2990,0.7346,-0.6091,10.44,0.969,0.979,0.989,0.564
S,-0.6147,-0.0790,0.7848,3.43,0.992,1.000,1.000,0.485
S,0.3901,0.1458,-0.9092,13.58,0.932,0.962,1.000,0.348
S,-0.0892,-0.9307,-0.3548,5.81,0.970,0.980,0.990,0.763
S,-0.8725,0.2174,-0.4375,3.40,0.976,0.986,0.996,0.467
S,0.9265,-0.0646,0.3707,12.34,0.977,0.987,0.997,0.893
S,-0.0586,-0.9963,-0.0623,3.40,0.978,0.988,0.998,0.699
S,0.8506,0.0621,0.5221,3.57,0.985,0.995,1.000,0.524
S,0.2809,-0.0276,0.9593,4.46,1.000,0.966,0.866,0.478
S,0.1519,-0.6755,0.7216,3.40,0.989,0.999,1.000,0.495
S,0.5760,0.7000,-0.4221,4.11,1.000,0.963,0.863,0.522
S,-0.8607,0.1982,-0.4690,4.55,0.992,1.000,1.000,0.651
S,-0.0670,-0.2919,0.9541,3.40,1.000,0.966,0.866,0.356
S,0.1122,0.9019,0.4171,3.41,0.829,0.899,1.000,0.357
S,0.4059,-0.8582,0.3143,8.72,1.000,0.963,0.863,0.340
S,0.0204,0.1156,-0.9931,3.40,0.978,0.988,0.998,0.534
S,0.6881,-0.4162,0.5944,13.82,0.993,0.953,0.853,0.846
S,0.5746,0.5510,0.6052,5.80,0.984,0.994,1.000,0.898
S,0.4287,0.8907,-0.1515,5.23,1.000,0.969,0.869,0.398
S,0.1250,-0.9060,-0.4044,4.05,0.810,0.880,0.990,0.340
S,0.4360,-0.2892,-0.8522,3.97,0.989,0.999,1.000,0.458
S,0.3167,-0.7032,0.6365,3.73,0.971,0.981,0.991,0.342
S,-0.7002,0.6895,0.1856,3.73,1.000,0.967,0.867,0.581
S,0.9991,-0.0276,-0.0316,4.92,1.000,0.846,0.686,0.419
S,0.8129,0.4444,-0.3765,3.76,0.936,0.966,1.000,0.671
S,0.6767,-0.1446,0.7219,3.54,0.991,1.000,1.000,0.965
S,0.2493,-0.1749,0.9525,3.49,0.923,0.953,0.993,0.611
S,-0.4539,0.8401,-0.2971,14.14,1.000,0.966,0.866,0.349
S,-0.3030,-0.7756,0.5538,3.82,0.919,0.949,0.989,0.448
S,0.4409,0.0387,-0.8967,3.40,0.978,0.988,0.998,0.382
S,0.1482,0.6395,-0.7544,3.40,0.828,0.898,1.000,0.823
S,0.1687,0.0569,-0.9840,7.41,0.822,0.892,1.000,0.707
S,-0.9547,-0.1294,-0.2678,5.39,0.814,0.884,0.994,0.342
S,-0.1795,-0.3846,-0.9055,3.86,1.000,0.962,0.862,0.713
S,0.3297,0.6697,-0.6654,3.41,0.978,0.988,0.998,0.367
S,0.4454,-0.2017,-0.8723,11.90,0.829,0.899,1.000,0.749
S,-0.0427,-0.7624,-0.6457,4.83,0.942,0.972,1.000,0.581
S,0.0028,-0.9900,-0.1414,6.43,1.000,0.960,0.860,0.984
S,-0.9268,-0.1670,0.3364,3.64,0.989,0.999,1.000,0.787
S,-0.9224,0.1976,-0.3319,3.68,0.991,1.000,1.000,0.342
S,0.7372,0.2833,-0.6134,17.09,0.991,0.951,0.851,0.517
S,-0.2882,0.9525,-0.0987,3.58,0.818,0.888,0.998,0.356
S,0.1058,0.4450,0.8893,15.22,0.983,0.993,1.000,0.507
S,0.5573,-0.7190,-0.4153,3.43,0.990,0.950,0.850,0.453
S,0.7166,0.2196,-0.6621,15.25,0.968,0.978,0.988,0.460
S,0.0221,-0.7682,-0.6398,3.52,1.000,0.846,0.686,0.900
S,-0.4184,0.9019,0.1072,9.15,0.991,1.000,1.000,0.839
S,0.8694,-0.2937,0.3974,6.21,1.000,0.966,0.866,0.585
S,-0.7764,0.0769,0.6255,3.95,0.988,0.948,0.848,0.390
S,-0.0603,0.1192,0.9910,3.42,0.984,0.994,1.000,0.403
S,-0.9038,-0.3292,0.2735,5.85,0.990,0.950,0.850,0.535
S,0.6644,0.0456,0.7460,3.52,0.970,0.980,0.990,0.342
S,-0.9486,-0.0374,-0.3144,3.40,0.982,0.992,1.000,0.369
S,0.7480,0.2831,0.6003,6.62,0.978,0.988,0.998,0.361
S,-0.0958,-0.8879,0.4500,4.31,0.982,0.992,1.000,0.374
S,-0.1768,0.5952,-0.7839,3.58,1.000,0.844,0.684,0.786
S,-0.6511,0.7505,-0.1135,6.62,0.988,0.998,1.000,0.552
S,0.4904,0.1557,0.8575,4.12,0.992,1.000,1.000,0.628
S,-0.7850,0.3100,-0.5364,13.57,0.939,0.969,1.000,0.894
S,-0.7551,0.0988,0.6481,3.42,0.986,0.996,1.000,0.578
S,-0.5938,-0.4580,0.6615,3.87,1.000,0.965,0.865,0.452
S,-0.5044,-0.8448,0.1787,7.24,0.988,0.998,1.000,0.454
S,0.6859,0.6423,-0.3422,3.45,0.970,0.980,0.990,0.457
S,-0.0063,-0.9348,-0.3550,5.99,0.972,0.982,0.992,0.566
S,0.7327,0.1478,-0.6643,4.27,1.000,0.969,0.869,0.738
S,0.7012,0.4854,-0.5222,4.49,1.000,0.967,0.867,0.354
S,0.6182,-0.2292,0.7518,3.90,0.982,0.992,1.000,0.597
S,0.1654,-0.3252,0.9310,5.84,1.000,0.851,0.691,0.725
S,-0.1145,0.9447,0.3073,10.84,1.000,0.969,0.869,0.668
S,-0.6668,0.5837,-0.4633,6.70,0.992,0.952,0.852,0.416
S,-0.5720,0.8018,-0.1731,3.78,0.825,0.895,1.000,0.453
S,-0.9621,-0.0127,0.2723,3.55,0.975,0.985,0.995,0.442
S,0.7085,-0.4279,0.5612,4.53,0.989,0.949,0.849,0.854
S,-0.6585,0.0508,0.7509,3.56,1.000,0.964,0.864,0.574
S,0.1313,-0.9539,-0.2698,11.93,0.975,0.985,0.995,0.478
S,-0.0534,0.8565,0.5134,5.86,1.000,0.960,0.860,0.624
S,-0.2766,-0.4289,-0.8599,3.56,0.986,0.996,1.000,0.590
S,0.3413,-0.6644,0.6649,11.30,1.000,0.845,0.685,0.383
S,0.1132,-0.4580,0.8817,16.82,0.976,0.986,0.996,0.728
S,-0.4675,0.6586,-0.5896,16.40,0.809,0.879,0.989,0.577
S,0.3074,0.9463,-0.1000,3.49,0.974,0.984,0.994,0.963
S,-0.3838,-0.5048,0.7732,3.42,0.985,0.995,1.000,0.904
S,-0.6421,-0.2449,-0.7264,4.26,1.000,0.967,0.867,0.342
S,-0.3249,-0.6902,0.6466,3.96,0.820,0.890,1.000,0.487
S,-0.3066,-0.2516,-0.9180,4.13,1.000,0.969,0.869,0.412
S,0.4015,-0.3331,-0.8531,3.40,0.997,0.957,0.857,0.998
S,0.6096,-0.5710,0.5498,3.43,0.980,0.990,1.000,0.447
S,0.9500,0.1539,-0.2718,16.80,0.972,0.982,0.992,0.978
S,0.8434,-0.2662,0.4667,4.09,0.982,0.992,1.000,0.442
S,0.3186,0.8655,-0.3864,3.53,0.823,0.893,1.000,0.473
S,-0.8085,-0.0752,0.5837,3.40,0.932,0.962,1.000,0.702
S,0.4118,0.9026,-0.1252,6.77,0.928,0.958,0.998,0.625
S,0.2996,0.3362,-0.8929,7.57,0.989,0.999,1.000,0.370
S,0.6322,0.7004,-0.3311,3.43,0.972,0.982,0.992,0.468
S,0.7514,0.2876,-0.5939,3.41,1.000,0.851,0.691,0.394
S,-0.1370,-0.9045,0.4038,3.44,1.000,0.962,0.862,0.903
S,-0.1324,-0.1127,0.9848,6.47,0.970,0.980,0.990,0.705
S,-0.9952,-0.0890,0.0415,5.61,1.000,0.963,0.863,0.953
S,-0.4367,0.6262,0.6459,11.37,1.000,0.971,0.871,0.376
S,0.3925,0.9184,-0.0494,15.06,1.000,0.847,0.687,0.541
S,-0.9839,-0.1302,0.1222,5.20,0.812,0.882,0.992,0.405
S,0.7682,-0.1134,-0.6301,8.15,0.977,0.987,0.997,0.442
S,-0.6854,0.5941,0.4209,3.40,0.930,0.960,1.000,0.377
S,-0.4835,0.8747,-0.0332,3.90,1.000,0.967,0.867,0.506
S,-0.0036,-0.5365,-0.8439,3.40,1.000,0.969,0.869,0.627
S,0.2189,-0.3504,-0.9107,17.12,0.979,0.989,0.999,0.495
S,-0.1781,0.5103,0.8414,3.42,0.989,0.949,0.849,0.908
S,0.0619,-0.1329,0.9892,3.40,0.992,0.952,0.852,0.600
S,0.9171,0.2608,0.3014,3.98,0.993,0.953,0.853,0.345
S,-0.7484,0.6620,0.0399,5.23,1.000,0.842,0.682,0.786
S,-0.0914,0.8028,0.5893,8.33,0.989,0.999,1.000,0.801
S,-0.2498,-0.4663,0.8486,4.00,0.991,0.951,0.851,0.676
S,0.7420,-0.0060,-0.6704,12.80,1.000,0.969,0.869,0.775
S,-0.0643,0.0172,0.9978,4.34,0.982,0.992,1.000,0.638
S,0.3532,-0.8321,-0.4275,12.08,0.809,0.879,0.989,0.774
S,-0.0397,0.2385,-0.9703,15.58,0.981,0.991,1.000,0.340
S,-0.5158,-0.1598,-0.8417,4.00,0.992,1.000,1.000,0.759
S,-0.7720,0.4964,0.3969,3.40,0.988,0.998,1.000,0.910
S,0.3311,0.6101,0.7199,3.40,1.000,0.969,0.869,0.754
S,0.0138,-0.9810,-0.1936,9.11,0.990,0.950,0.850,0.353
S,-0.4728,0.0939,-0.8762,3.58,0.969,0.979,0.989,0.936
S,-0.8575,0.5095,-0.0713,6.15,0.922,0.952,0.992,0.387
S,-0.7415,-0.6382,0.2068,8.85,0.988,0.948,0.848,0.690
S,-0.2961,-0.5640,-0.7709,9.81,0.976,0.986,0.996,0.485
S,0.0136,-0.4885,0.8724,3.41,0.990,0.950,0.850,0.927
S,0.2647,-0.2898,0.9198,3.51,0.988,0.998,1.000,0.389
S,0.1321,-0.5333,0.8356,3.45,0.992,0.952,0.852,0.774
S,-0.9070,0.3919,-0.1541,3.43,0.830,0.900,1.000,0.455
S,0.7216,0.3222,-0.6128,3.99,0.823,0.893,1.000,0.502
S,-0.4000,-0.5430,-0.7384,5.51,0.987,0.997,1.000,0.791
S,-0.5202,-0.3552,-0.7767,3.40,1.000,0.971,0.871,0.602
S,0.3238,0.2885,0.9011,3.40,0.969,0.979,0.989,0.690
S,0.2574,-0.5337,0.8055,3.40,0.975,0.985,0.995,0.531
S,-0.2695,0.1955,-0.9429,3.40,0.984,0.994,1.000,0.398
S,0.7684,0.1951,0.6096,4.33,0.984,0.994,1.000,0.989
S,0.8537,0.2256,0.4694,4.37,0.979,0.989,0.999,0.355
S,-0.4767,0.1687,-0.8627,19.56,1.000,0.963,0.863,0.352
S,0.1566,0.7292,0.6661,5.84,0.974,0.984,0.994,0.687
S,-0.9806,-0.0904,0.1742,8.00,0.977,0.987,0.997,0.515
S,0.1463,-0.4839,0.8628,3.40,1.000,0.969,0.869,0.373
S,0.4245,0.3944,0.8150,4.04,0.979,0.989,0.999,0.462
S,-0.2165,0.9492,-0.2283,3.40,1.000,0.964,0.864,0.494
S,-0.2773,0.3388,-0.8991,3.78,0.991,0.951,0.851,0.353
S,-0.2200,0.9390,0.2644,3.46,1.000,0.965,0.865,0.452
S,-0.2925,0.9494,0.1142,4.48,0.978,0.988,0.998,0.432
S,0.9077,-0.4107,-0.0858,3.40,0.813,0.883,0.993,0.412
S,0.5107,0.8540,0.0993,4.93,1.000,0.967,0.867,0.480
S,-0.9432,0.2027,0.2633,15.96,0.827,0.897,1.000,0.367
S,0.7088,-0.0516,-0.7035,6.14,0.973,0.983,0.993,0.472
S,-0.9711,0.1392,-0.1939,3.96,0.990,0.950,0.850,0.741
S,-0.8711,0.4902,-0.0300,3.43,0.989,0.949,0.849,0.583
S,0.2257,0.8517,-0.4729,3.40,0.978,0.988,0.998,0.995
S,-0.9767,-0.2144,-0.0086,4.01,0.992,1.000,1.000,0.440
S,-0.3224,-0.2664,-0.9083,3.43,0.980,0.990,1.000,0.390
S,0.5362,-0.0168,0.8439,3.40,0.980,0.990,1.000,0.752
S,0.0109,0.8561,-0.5167,3.40,0.995,0.955,0.855,0.976
S,0.5338,-0.6236,0.5711,11.77,1.000,0.847,0.687,0.971
S,0.8646,-0.4049,0.2976,6.18,0.972,0.982,0.992,0.538
S,0.6238,-0.0217,0.7813,4.49,0.982,0.992,1.000,0.733
S,-0.1970,-0.9674,-0.1593,3.40,1.000,0.963,0.863,0.434
S,0.7997,0.6004,0.0009,13.02,1.000,0.963,0.863,0.718
S,-0.4241,0.0843,-0.9017,3.49,0.992,1.000,1.000,0.613
S,-0.8638,-0.4996,-0.0656,3.84,1.000,0.960,0.860,0.382
S,0.1915,-0.3893,-0.9010,3.45,1.000,0.963,0.863,0.732
S,-0.0159,0.9312,0.3642,14.70,0.925,0.955,0.995,0.717
S,0.7956,-0.2778,0.5383,3.40,0.995,0.955,0.855,0.486
S,-0.7210,-0.0852,0.6876,3.53,1.000,0.961,0.861,0.341
S,0.6121,0.5354,-0.5820,7.45,0.971,0.981,0.991,0.633
S,-0.3182,-0.7565,-0.5713,3.41,0.973,0.983,0.993,0.437
S,0.0093,-0.3748,0.9271,6.01,0.978,0.988,0.998,0.722
S,-0.2083,0.9677,0.1419,3.44,0.933,0.963,1.000,0.414
S,-0.8685,-0.4952,0.0243,5.51,1.000,0.969,0.869,0.526
S,0.4200,-0.0545,-0.9059,10.70,1.000,0.972,0.872,0.387
S,0.7516,0.3899,0.5320,3.41,0.972,0.982,0.992,0.870
S,-0.2857,-0.1404,-0.9480,12.74,0.985,0.995,1.000,0.694
S,-0.3913,-0.0118,-0.9202,3.41,1.000,0.966,0.866,0.564
S,-0.4548,-0.8289,-0.3257,3.40,0.974,0.984,0.994,0.349
S,0.1471,0.9231,0.3554,3.61,1.000,0.967,0.867,0.967
S,-0.1464,0.9686,0.2008,3.41,0.810,0.880,0.990,0.351
S,-0.9751,0.0065,0.2217,3.49,1.000,0.964,0.864,0.518
S,0.5144,-0.7615,0.3944,11.50,0.978,0.988,0.998,0.598
S,-0.9689,0.2130,0.1259,6.05,0.976,0.986,0.996,0.428
S,0.9705,0.0479,-0.2364,3.44,0.923,0.953,0.993,0.474
S,-0.5588,0.1736,0.8109,3.46,0.992,1.000,1.000,0.391
S,0.0506,0.6007,0.7979,3.43,1.000,0.963,0.863,0.342
S,-0.6420,-0.0679,0.7637,4.48,1.000,0.966,0.866,0.424
S,0.7308,0.6255,-0.2734,4.72,0.983,0.993,1.000,0.388
S,0.8871,0.3992,-0.2317,17.23,0.994,0.954,0.854,0.424
S,0.1789,0.8097,0.5589,4.49,0.997,0.957,0.857,0.712
S,-0.7910,-0.5766,-0.2046,10.24,0.938,0.968,1.000,0.791
S,0.2897,0.8046,0.5184,5.00,0.995,0.955,0.855,0.361
S,0.3353,0.9014,0.2741,7.11,0.983,0.993,1.000,0.565
S,0.4742,-0.5883,0.6550,3.50,1.000,0.968,0.868,0.531
S,-0.7500,0.3988,-0.5277,3.41,0.987,0.997,1.000,0.524
S,0.5096,0.0815,-0.8566,5.40,0.999,0.959,0.859,0.424
S,-0.8173,0.3021,-0.4906,3.40,0.978,0.988,0.998,0.832
S,0.2462,0.2744,0.9296,5.38,0.983,0.993,1.000,0.784
S,0.0319,0.8546,0.5183,6.53,0.982,0.992,1.000,0.646
S,-0.3916,0.8683,0.3044,14.54,1.000,0.965,0.865,0.776
S,0.9011,0.3987,0.1705,3.42,0.997,0.957,0.857,0.857
S,0.5208,-0.8533,0.0253,3.70,0.972,0.982,0.992,0.778
S,0.2442,-0.0781,-0.9666,5.29,0.988,0.998,1.000,0.350
S,0.3126,0.9450,0.0963,3.45,0.990,0.830,0.670,0.370
S,-0.2948,0.6966,0.6541,5.86,0.999,0.839,0.679,0.735
S,0.6757,-0.0367,0.7363,13.18,0.974,0.984,0.994,0.467
S,0.0929,-0.9778,0.1876,3.40,0.982,0.992,1.000,0.819
S,0.4735,0.8334,-0.2849,8.57,0.988,0.998,1.000,0.592
S,0.5813,0.3187,0.7487,9.43,0.979,0.989,0.999,0.673
S,0.4228,0.9022,0.0852,4.29,0.972,0.982,0.992,0.606
S,0.9831,0.1343,0.1244,3.78,0.979,0.989,0.999,0.669
S,-0.3978,-0.5631,-0.7243,3.42,0.985,0.995,1.000,0.373
S,0.7081,0.6043,0.3653,3.47,0.976,0.986,0.996,0.537
S,0.2277,0.9067,0.3552,3.73,0.994,0.954,0.854,0.960
S,-0.1275,-0.9916,-0.0233,4.66,0.991,1.000,1.000,0.759
S,0.5162,0.1496,-0.8433,3.46,1.000,0.967,0.867,0.740
S,-0.8552,0.1400,-0.4991,15.12,0.989,0.999,1.000,0.709
S,-0.7534,0.0674,0.6541,3.92,0.980,0.990,1.000,0.765
S,0.6941,-0.5194,0.4984,7.56,0.970,0.980,0.990,0.954
S,-0.5105,0.0367,-0.8591,5.03,0.976,0.986,0.996,0.384
S,0.9126,-0.3790,-0.1531,19.40,1.000,0.961,0.861,0.747
S,-0.5594,-0.8287,-0.0166,14.50,0.990,1.000,1.000,0.761
S,-0.7939,-0.2392,-0.5590,4.45,0.974,0.984,0.994,0.357
S,0.3137,-0.1572,0.9364,3.97,0.971,0.981,0.991,0.663
S,-0.4411,-0.8799,0.1766,3.53,0.817,0.887,0.997,0.438
S,-0.1596,0.6969,-0.6992,5.67,0.990,1.000,1.000,0.823
S,0.5075,0.7391,-0.4428,3.57,0.821,0.891,1.000,0.624
S,0.1196,0.8420,0.5261,3.41,1.000,0.961,0.861,0.554
S,-0.8382,-0.3151,-0.4452,3.40,0.999,0.959,0.859,0.380
S,-0.3629,0.6198,0.6958,5.84,1.000,0.962,0.862,0.341
S,0.3949,-0.2072,-0.8951,15.17,0.984,0.994,1.000,0.604
S,-0.8916,0.3686,0.2630,3.56,0.988,0.948,0.848,0.845
S,-0.1508,-0.7442,-0.6507,8.84,1.000,0.969,0.869,0.701
S,-0.8154,-0.5608,-0.1438,3.63,0.971,0.981,0.991,0.478
S,0.8484,-0.0903,-0.5216,3.43,0.991,0.831,0.671,0.736
S,0.6275,0.7247,0.2846,3.84,0.996,0.836,0.676,0.425
S,0.8508,-0.4708,0.2336,16.73,0.983,0.993,1.000,0.785
S,-0.0459,0.9106,-0.4107,7.36,0.987,0.997,1.000,0.647
S,-0.6104,-0.7355,0.2939,5.66,0.990,1.000,1.000,0.597
S,-0.9953,0.0959,0.0108,3.46,0.970,0.980,0.990,0.485
S,-0.6671,0.5390,-0.5142,6.66,0.922,0.952,0.992,0.526
S,0.6549,-0.3271,-0.6813,4.81,1.000,0.963,0.863,0.603
S,0.1126,-0.6256,0.7720,15.52,0.991,0.831,0.671,0.562
S,-0.9075,-0.0538,0.4166,9.96,0.933,0.963,1.000,0.342
S,0.7741,-0.6182,0.1365,3.90,0.997,0.837,0.677,0.341
S,-0.8911,-0.0657,0.4489,5.04,1.000,0.972,0.872,0.794
S,-0.1344,0.9722,-0.1917,5.53,0.990,0.950,0.850,0.580
S,0.3257,-0.0401,-0.9446,15.15,0.811,0.881,0.991,0.607
S,0.2377,0.2818,-0.9296,3.79,0.991,1.000,1.000,0.351
S,-0.6850,0.6262,0.3722,3.40,1.000,0.964,0.864,0.502
S,0.6641,-0.7466,0.0397,3.40,1.000,0.965,0.865,0.811
S,-0.7815,-0.3688,0.5032,3.95,0.984,0.994,1.000,0.857
S,0.5529,-0.0243,-0.8329,8.74,1.000,0.972,0.872,0.717
S,0.4668,0.7489,0.4704,3.40,0.980,0.990,1.000,0.395
S,0.2299,0.3473,0.9091,13.26,0.992,1.000,1.000,0.911
S,-0.6880,0.6279,-0.3639,3.42,0.980,0.990,1.000,0.484
S,-0.9526,0.3008,-0.0454,3.41,0.987,0.997,1.000,0.722
S,-0.5731,0.6283,0.5260,3.74,1.000,0.970,0.870,0.466
S,0.6712,-0.4284,0.6049,4.04,0.976,0.986,0.996,0.721
S,0.9804,0.0579,0.1883,3.40,0.981,0.991,1.000,0.558
S,0.6522,-0.7137,-0.2554,3.59,0.975,0.985,0.995,0.522
S,-0.5236,-0.7821,-0.3378,10.86,0.994,0.954,0.854,0.395
S,-0.0487,0.2670,-0.9625,4.14,0.942,0.972,1.000,0.423
S,-0.5709,-0.1635,0.8046,3.40,0.985,0.995,1.000,0.932
S,-0.3839,-0.9028,-0.1938,7.39,0.974,0.984,0.994,0.641
S,-0.9981,0.0379,-0.0491,5.97,0.977,0.987,0.997,0.353
S,-0.4526,-0.4283,-0.7821,3.40,0.978,0.988,0.998,0.340
S,-0.7754,-0.5204,0.3577,3.40,0.985,0.995,1.000,0.367
S,-0.9301,-0.2647,0.2545,9.31,0.981,0.991,1.000,0.525
S,0.3078,0.9490,0.0681,3.51,0.980,0.990,1.000,0.607
S,-0.1493,-0.9449,0.2914,6.71,0.987,0.997,1.000,0.630
S,-0.2770,-0.9507,0.1393,16.07,0.985,0.995,1.000,0.958
S,0.6967,0.0276,0.7168,17.39,0.990,0.950,0.850,0.948
S,0.9734,-0.1198,0.1953,4.22,0.989,0.829,0.669,0.380
S,-0.4942,-0.7646,0.4136,3.42,1.000,0.966,0.866,0.474
S,0.3473,-0.9366,0.0463,3.40,0.984,0.994,1.000,0.477
S,-0.6504,0.0292,-0.7591,4.61,1.000,0.971,0.871,0.351
S,-0.6611,-0.7114,0.2385,7.18,1.000,0.966,0.866,0.341
S,0.1368,0.8486,-0.5111,7.93,0.998,0.958,0.858,0.702
S,0.0406,0.8092,0.5862,3.41,0.817,0.887,0.997,0.658
S,0.6466,0.4725,-0.5989,7.94,0.996,0.956,0.856,0.443
S,0.6458,0.7589,-0.0832,12.59,0.968,0.978,0.988,0.600
S,0.1287,0.5067,0.8525,5.98,0.982,0.992,1.000,0.694
S,0.8695,-0.3578,0.3405,12.32,0.979,0.989,0.999,0.424
S,-0.8102,-0.5766,-0.1050,4.38,0.817,0.887,0.997,0.645
S,0.5981,-0.6267,-0.4995,13.01,0.919,0.949,0.989,0.340
S,0.3090,0.5921,0.7443,7.82,0.829,0.899,1.000,0.419
S,-0.4943,0.2453,0.8340,7.35,0.820,0.890,1.000,0.342
S,-0.0717,-0.9849,0.1576,3.91,1.000,0.961,0.861,0.427
S,-0.0586,-0.0449,0.9973,11.27,1.000,0.968,0.868,0.397
S,-0.9865,-0.0009,-0.1635,14.49,0.989,0.999,1.000,0.923
S,0.0868,0.6484,-0.7564,13.48,0.992,0.952,0.852,0.346
S,-0.0924,0.4268,0.8996,3.45,0.988,0.998,1.000,0.641
S,-0.0818,-0.7307,0.6778,3.42,0.993,0.953,0.853,0.915
S,0.8918,-0.0412,0.4505,9.03,0.989,0.949,0.849,0.362
S,-0.9601,0.2747,-0.0522,15.20,0.974,0.984,0.994,0.911
S,-0.9898,0.0686,0.1248,8.66,0.829,0.899,1.000,0.483
S,-0.8283,-0.5468,0.1223,13.28,0.979,0.989,0.999,0.925
S,-0.7131,0.3148,-0.6264,6.13,0.993,0.953,0.853,0.809
S,-0.9205,0.3814,-0.0846,12.80,0.974,0.984,0.994,0.800
S,-0.0131,-0.2067,-0.9783,13.41,0.983,0.993,1.000,0.418
S,-0.6365,-0.6575,0.4032,5.39,0.988,0.998,1.000,0.512
S,-0.1337,0.4870,-0.8631,9.38,1.000,0.972,0.872,0.725
S,-0.7539,0.6284,-0.1915,3.41,1.000,0.960,0.860,0.583
S,-0.3632,0.1223,-0.9236,11.96,0.998,0.958,0.858,0.639
S,-0.0295,0.7756,-0.6305,3.79,0.973,0.983,0.993,0.522
S,-0.4163,-0.9054,0.0834,3.40,0.992,0.952,0.852,0.464
S,-0.6951,-0.0568,-0.7167,11.64,1.000,0.963,0.863,0.992
S,0.6492,-0.0959,0.7545,3.41,0.993,0.953,0.853,0.654
S,-0.9756,0.0918,-0.1996,3.41,0.814,0.884,0.994,0.712
S,0.5776,-0.7439,0.3363,4.36,1.000,0.964,0.864,0.341
S,-0.7324,-0.0943,0.6743,13.41,1.000,0.962,0.862,0.377
S,0.7732,-0.5354,0.3397,3.40,0.968,0.978,0.988,0.581
S,0.9569,-0.0194,0.2897,5.42,0.993,0.833,0.673,0.977
S,0.7870,-0.0838,-0.6113,4.10,0.977,0.987,0.997,0.679
S,0.3320,-0.3126,-0.8900,8.77,0.992,1.000,1.000,0.523
S,-0.7739,0.6327,0.0295,3.70,1.000,0.965,0.865,0.374
S,-0.0617,-0.4228,0.9041,3.41,0.985,0.995,1.000,0.342
S,0.9781,-0.1958,-0.0711,3.48,1.000,0.850,0.690,0.597
S,-0.3282,-0.3438,0.8798,7.63,1.000,0.968,0.868,0.388
S,-0.7567,0.4178,0.5029,12.65,0.979,0.989,0.999,0.382
S,-0.4693,0.5578,-0.6845,4.29,0.968,0.978,0.988,0.345
S,0.6544,0.6825,-0.3254,3.43,0.995,0.955,0.855,0.340
S,0.1171,-0.9658,0.2314,4.08,0.974,0.984,0.994,0.423
S,-0.3959,0.2775,0.8754,15.10,0.971,0.981,0.991,0.438
S,0.9678,-0.2400,0.0759,7.15,0.815,0.885,0.995,0.557
S,0.6326,0.3498,0.6910,3.40,1.000,0.849,0.689,0.804
S,-0.5321,0.1608,0.8312,4.22,0.994,0.954,0.854,0.667
S,-0.8361,0.5078,-0.2074,13.10,1.000,0.962,0.862,0.362
S,-0.6791,0.7326,-0.0458,8.87,0.979,0.989,0.999,0.949
S,0.0364,0.5068,-0.8613,7.23,0.999,0.959,0.859,0.613
S,-0.4496,0.5596,0.6962,12.03,0.999,0.839,0.679,0.342
S,-0.5877,-0.5693,0.5749,11.64,0.927,0.957,0.997,0.501
S,0.5639,-0.7286,0.3887,4.45,0.977,0.987,0.997,0.396
S,-0.6535,0.4820,-0.5836,8.13,0.824,0.894,1.000,0.347
S,-0.9405,-0.0246,0.3390,3.73,0.982,0.992,1.000,0.415
S,0.1437,-0.5676,-0.8107,5.70,0.919,0.949,0.989,0.900
S,0.4348,-0.8639,0.2543,3.40,1.000,0.967,0.867,0.725
S,0.0049,0.0086,1.0000,6.81,0.992,1.000,1.000,0.353
S,-0.8221,0.1449,0.5506,3.47,0.970,0.980,0.990,0.715
S,-0.4289,0.1536,-0.8902,3.83,0.998,0.958,0.858,0.415
S,0.4489,-0.3661,-0.8151,5.34,0.981,0.991,1.000,0.474
S,0.2098,-0.3330,0.9193,9.93,1.000,0.963,0.863,0.648
S,-0.4697,-0.8733,0.1293,5.10,1.000,0.972,0.872,0.359
S,-0.2740,0.2696,0.9232,3.42,0.927,0.957,0.997,0.387
S,0.0645,-0.0495,-0.9967,3.66,1.000,0.971,0.871,0.977
S,-0.3695,0.2143,0.9042,4.91,0.982,0.992,1.000,0.370
S,0.9764,-0.2146,0.0236,4.77,0.992,0.952,0.852,0.504
S,0.7446,-0.5535,-0.3731,8.56,0.938,0.968,1.000,0.517
S,-0.0629,-0.9906,0.1212,3.42,0.997,0.957,0.857,0.814
S,-0.6374,0.2288,-0.7358,5.08,1.000,0.844,0.684,0.765
S,-0.5498,0.8273,0.1155,5.73,0.987,0.997,1.000,0.680
S,-0.7632,0.6385,-0.0990,13.46,0.977,0.987,0.997,0.508
S,-0.2105,0.0599,-0.9758,4.77,0.828,0.898,1.000,0.999
S,0.8792,-0.3148,0.3577,10.12,0.987,0.997,1.000,0.940
S,0.2907,-0.9548,0.0615,3.93,0.824,0.894,1.000,0.392
S,0.9675,0.2284,0.1086,3.40,0.832,0.902,1.000,0.342
S,-0.5733,0.1489,-0.8057,5.11,0.831,0.901,1.000,0.489
S,-0.0235,0.7109,-0.7029,7.27,0.999,0.959,0.859,0.371
S,0.3682,0.7163,0.5928,3.42,0.973,0.983,0.993,0.500
S,0.5785,0.7439,0.3347,3.53,1.000,0.971,0.871,0.391
S,0.5727,-0.7089,0.4117,4.22,0.920,0.950,0.990,0.718
S,-0.9652,0.1945,-0.1751,3.56,0.986,0.996,1.000,0.460
S,0.0066,-0.8291,0.5591,3.42,0.969,0.979,0.989,0.415
S,-0.0531,0.9539,-0.2953,3.40,0.968,0.978,0.988,0.708
S,-0.0174,-0.5792,0.8150,5.30,0.813,0.883,0.993,0.457
S,-0.5109,0.5639,0.6488,3.44,0.987,0.997,1.000,0.423
S,-0.8381,0.4187,0.3498,5.88,0.985,0.995,1.000,0.443
S,-0.5388,-0.8133,0.2197,3.40,0.990,0.950,0.850,0.421
S,0.8676,-0.2704,-0.4172,6.11,0.984,0.994,1.000,0.653
S,0.0899,0.9741,-0.2076,15.95,0.989,0.999,1.000,0.916
S,-0.7621,-0.6405,0.0944,4.11,0.982,0.992,1.000,0.868
S,0.4816,0.8741,-0.0635,14.07,1.000,0.971,0.871,0.773
S,-0.3925,-0.7674,-0.5070,3.43,0.823,0.893,1.000,0.876
S,0.3782,0.7078,-0.5966,6.66,0.978,0.988,0.998,0.869
S,-0.5503,0.8264,-0.1196,4.50,0.973,0.983,0.993,0.487
S,-0.3330,0.8418,-0.4249,5.23,0.971,0.981,0.991,0.357
S,0.8003,0.3912,0.4544,13.87,0.997,0.957,0.857,0.583
S,0.8257,-0.1856,-0.5327,3.41,0.975,0.985,0.995,0.370
S,0.5124,-0.8580,0.0367,3.61,0.986,0.996,1.000,0.873
S,-0.0817,-0.1571,0.9842,13.92,1.000,0.967,0.867,0.601
S,0.3914,0.8909,-0.2305,3.48,0.987,0.997,1.000,0.912
S,-0.8101,-0.5478,0.2089,13.95,0.989,0.999,1.000,0.602
S,-0.1355,0.7211,-0.6795,4.52,0.978,0.988,0.998,0.674
S,0.8191,0.2112,0.5333,3.40,1.000,0.967,0.867,0.907
S,-0.9602,0.0296,0.2778,8.00,1.000,0.965,0.865,0.975
S,0.5452,0.0457,-0.8371,3.41,0.986,0.996,1.000,0.518
S,0.4669,-0.7304,0.4985,8.15,0.978,0.988,0.998,0.365
S,0.5590,-0.0419,0.8281,3.41,0.826,0.896,1.000,0.453
S,-0.7772,0.0379,0.6282,3.47,1.000,0.964,0.864,0.530
S,-0.8248,-0.4810,0.2972,3.56,0.988,0.948,0.848,0.497
S,0.8955,0.3863,-0.2212,3.41,1.000,0.963,0.863,0.342
S,-0.0689,-0.7631,0.6426,3.40,1.000,0.967,0.867,0.433
S,0.4117,0.6697,-0.6180,10.01,0.979,0.989,0.999,0.367
S,-0.6733,-0.2934,0.6787,3.40,0.991,1.000,1.000,0.419
S,0.1850,0.9827,-0.0103,3.42,0.985,0.995,1.000,0.506
S,-0.5197,-0.8108,-0.2691,3.45,0.987,0.997,1.000,0.565
S,-0.0567,0.8088,-0.5854,4.01,1.000,0.847,0.687,0.411
S,-0.8285,0.3913,0.4007,14.06,0.938,0.968,1.000,0.391
S,0.3151,-0.7385,0.5961,7.31,0.996,0.836,0.676,0.692
S,-0.0633,0.1622,0.9847,5.43,0.970,0.980,0.990,0.355
S,-0.5379,0.2134,0.8156,14.19,0.988,0.998,1.000,0.618
S,-0.6257,-0.4038,-0.6674,4.61,0.988,0.948,0.848,0.925
S,-0.8274,-0.0034,0.5617,3.40,1.000,0.968,0.868,0.430
S,-0.8221,-0.5340,0.1974,3.43,0.808,0.878,0.988,0.473
S,0.3027,-0.1684,0.9381,4.98,1.000,0.965,0.865,0.363
S,-0.1928,0.2126,0.9579,15.88,0.819,0.889,0.999,0.419
S,-0.5589,0.7297,0.3940,4.36,0.821,0.891,1.000,0.941
S,0.8681,0.4705,-0.1581,3.40,0.991,0.951,0.851,0.441
S,-0.4792,-0.1015,0.8718,6.29,0.940,0.970,1.000,0.996
S,-0.2251,0.9204,-0.3195,4.08,0.968,0.978,0.988,0.475
S,0.6232,-0.6776,0.3905,3.81,0.971,0.981,0.991,0.488
S,0.2620,-0.4146,-0.8715,7.98,0.983,0.993,1.000,0.594
S,-0.7575,0.3516,-0.5500,6.76,0.995,0.955,0.855,0.899
S,0.1440,0.8806,0.4515,8.35,0.972,0.982,0.992,0.941
S,-0.2942,0.8111,0.5056,16.19,0.919,0.949,0.989,0.382
S,-0.3255,0.7544,0.5700,3.40,0.993,0.953,0.853,0.436
S,0.6364,0.5498,0.5410,10.82,0.932,0.962,1.000,0.652
S,0.3478,-0.8488,-0.3982,11.47,1.000,0.966,0.866,0.406
S,0.5941,0.4094,-0.6924,3.61,0.824,0.894,1.000,0.345
S,0.9146,-0.4032,-0.0307,9.70,0.988,0.998,1.000,0.450
S,-0.7499,0.4540,0.4811,7.09,1.000,0.961,0.861,0.342
S,-0.8600,-0.4145,0.2976,3.41,0.991,1.000,1.000,0.376
S,-0.5267,-0.7500,-0.4001,4.86,0.822,0.892,1.000,0.626
S,-0.0090,0.7599,0.6500,3.64,0.973,0.983,0.993,0.559
S,-0.2189,0.8046,0.5520,4.96,1.000,0.844,0.684,0.463
S,-0.9679,-0.0860,0.2360,13.33,0.997,0.957,0.857,0.529
S,0.2252,0.7923,-0.5671,4.70,0.971,0.981,0.991,0.602
S,-0.4423,-0.8899,0.1116,3.40,0.817,0.887,0.997,0.908
S,0.4656,0.7809,-0.4164,3.43,1.000,0.852,0.692,0.548
S,0.1570,0.0542,-0.9861,3.40,0.991,0.951,0.851,0.390
S,0.7410,0.6610,-0.1185,4.19,0.982,0.992,1.000,0.909
S,-0.2232,-0.7008,-0.6775,14.72,0.985,0.995,1.000,0.747
S,0.5130,0.3794,0.7700,3.73,0.997,0.957,0.857,0.885
S,0.8132,0.4824,0.3255,3.47,0.970,0.980,0.990,0.756
S,0.7557,-0.5905,0.2832,3.65,0.977,0.987,0.997,0.555
S,-0.7243,0.6498,-0.2306,3.87,0.982,0.992,1.000,0.340
S,-0.8579,-0.4739,-0.1987,8.47,1.000,0.842,0.682,0.344
S,-0.1052,0.9921,-0.0688,11.31,0.814,0.884,0.994,0.884
S,0.7700,-0.4221,-0.4785,3.40,1.000,0.970,0.870,0.354
S,0.4760,0.8688,0.1361,3.40,0.976,0.986,0.996,0.539
S,-0.8152,0.4822,0.3207,11.15,1.000,0.969,0.869,0.381
S,0.8831,-0.0100,-0.4690,3.41,0.815,0.885,0.995,0.902
S,-0.8607,0.1180,-0.4952,6.57,0.990,0.950,0.850,0.876
S,0.0469,-0.2241,-0.9734,3.40,0.808,0.878,0.988,0.568
S,0.4049,0.4550,0.7931,3.81,0.977,0.987,0.997,0.989
S,0.1816,-0.6876,0.7030,4.82,0.921,0.951,0.991,0.456
S,-0.8555,-0.2031,-0.4762,3.40,0.929,0.959,0.999,0.629
S,0.3786,0.9144,0.1432,9.93,0.995,0.955,0.855,0.936
S,-0.9011,-0.3236,0.2885,15.26,1.000,0.964,0.864,0.345
S,0.0679,-0.9599,0.2720,3.40,0.981,0.991,1.000,0.346
S,-0.1665,0.9844,0.0575,3.74,1.000,0.962,0.862,0.871
S,-0.5677,-0.6949,-0.4413,3.77,0.995,0.835,0.675,0.581
S,-0.5127,0.3034,0.8032,4.59,1.000,0.968,0.868,0.475
S,-0.1535,-0.9298,0.3346,12.95,0.825,0.895,1.000,0.557
S,0.1540,0.9650,-0.2124,3.42,0.983,0.993,1.000,0.975
S,0.0536,-0.9768,-0.2073,4.32,0.989,0.949,0.849,0.415
S,0.4938,0.7921,-0.3588,3.81,0.934,0.964,1.000,0.681
S,0.9607,-0.2514,-0.1180,11.52,0.988,0.998,1.000,0.639
S,-0.1100,-0.1851,0.9765,4.77,0.976,0.986,0.996,0.847
S,0.1786,0.8974,0.4034,3.40,0.813,0.883,0.993,0.701
S,-0.4798,-0.8774,-0.0031,16.75,0.972,0.982,0.992,0.816
S,0.0477,-0.2498,0.9671,7.98,0.984,0.994,1.000,0.877
S,-0.9033,0.1080,0.4153,3.51,0.811,0.881,0.991,0.709
S,0.2533,-0.4690,0.8461,5.03,0.821,0.891,1.000,0.386
S,0.6366,-0.7672,0.0787,3.53,1.000,0.970,0.870,0.897
S,0.9225,-0.3626,0.1327,3.40,0.974,0.984,0.994,0.465
S,-0.8240,0.5109,0.2449,12.73,0.942,0.972,1.000,0.349
S,0.2415,-0.9432,-0.2281,4.08,0.975,0.985,0.995,0.516
S,0.8087,0.4970,0.3147,12.33,0.812,0.882,0.992,0.558
S,-0.2372,0.8481,-0.4739,4.74,0.975,0.985,0.995,0.932
S,0.4716,0.8524,-0.2258,4.52,0.818,0.888,0.998,0.389
S,-0.3402,-0.9229,0.1803,10.76,0.985,0.995,1.000,0.829
S,0.9197,-0.3847,-0.0780,16.90,0.985,0.995,1.000,0.353
S,0.5116,0.6418,-0.5712,6.43,0.995,0.955,0.855,0.343
S,0.0046,-0.9651,-0.2617,12.47,0.970,0.980,0.990,0.962
S,-0.0443,-0.4644,-0.8845,3.40,0.998,0.958,0.858,0.353
S,0.2401,0.9656,-0.1000,3.48,1.000,0.971,0.871,0.975
S,0.9338,-0.0370,0.3559,5.28,0.993,0.953,0.853,0.389
S,0.7602,0.3958,0.5153,4.34,0.939,0.969,1.000,0.509
S,0.7979,-0.0641,-0.5994,3.81,1.000,0.967,0.867,0.376
S,0.1803,0.7004,0.6906,3.88,1.000,0.970,0.870,0.498
S,-0.0488,0.6857,-0.7262,4.73,0.992,1.000,1.000,0.689
S,-0.9329,-0.1879,-0.3073,3.63,0.970,0.980,0.990,0.758
S,0.4734,-0.3845,-0.7925,3.48,0.999,0.839,0.679,0.924
S,0.3874,-0.7942,-0.4682,6.44,0.982,0.992,1.000,0.376
S,0.6084,-0.6181,-0.4979,3.42,0.989,0.999,1.000,0.647
S,0.0189,0.9723,-0.2329,9.50,0.935,0.965,1.000,0.403
S,0.6953,0.5966,-0.4008,4.31,0.988,0.998,1.000,0.531
S,-0.4316,0.4230,0.7967,4.98,0.992,1.000,1.000,0.507
S,0.3272,-0.9202,-0.2150,3.76,0.933,0.963,1.000,0.460
S,0.6684,0.5412,-0.5102,3.41,0.822,0.892,1.000,0.421
S,-0.4765,0.6025,0.6403,11.26,0.971,0.981,0.991,0.372
S,0.5702,0.7774,-0.2655,5.55,1.000,0.966,0.866,0.612
S,-0.3636,-0.8411,0.4005,13.89,0.995,0.955,0.855,0.657
S,0.9687,0.1895,-0.1607,11.56,0.933,0.963,1.000,0.627
S,0.4893,0.8526,-0.1835,3.74,0.996,0.956,0.856,0.518
S,-0.7621,-0.5366,-0.3623,5.59,0.831,0.901,1.000,0.393
S,-0.5337,-0.0860,0.8413,9.83,1.000,0.848,0.688,0.394
S,0.7118,-0.4900,0.5032,4.86,0.970,0.980,0.990,0.456
S,0.3911,0.3180,-0.8636,3.40,0.968,0.978,0.988,0.709
S,-0.1399,0.4845,0.8635,3.58,0.826,0.896,1.000,0.417
S,0.2569,-0.9155,-0.3095,16.27,0.983,0.993,1.000,0.797
S,0.7682,-0.6255,-0.1360,4.15,1.000,0.849,0.689,0.872
S,0.1120,0.9626,0.2467,3.40,1.000,0.848,0.688,0.953
S,-0.1607,0.3916,-0.9060,11.55,0.969,0.979,0.989,0.571
S,-0.0042,-0.2944,-0.9557,3.40,0.991,0.951,0.851,0.853
S,-0.0078,-0.2352,0.9719,12.75,0.969,0.979,0.989,0.974
S,-0.8983,-0.2961,0.3247,4.99,0.983,0.993,1.000,0.369
S,0.9020,0.3945,-0.1752,3.52,0.998,0.958,0.858,0.915
S,-0.3941,-0.9138,-0.0985,13.68,0.979,0.989,0.999,0.427
S,0.3034,-0.3366,-0.8914,10.85,0.832,0.902,1.000,0.420
S,-0.7483,0.6613,0.0521,3.96,0.992,1.000,1.000,0.521
S,-0.6698,0.6934,0.2656,6.71,0.829,0.899,1.000,0.355
S,0.5986,0.1347,-0.7896,3.49,0.829,0.899,1.000,0.364
S,0.8727,0.4769,-0.1043,4.83,1.000,0.964,0.864,0.859
S,-0.5400,-0.7437,-0.3942,11.23,0.990,1.000,1.000,0.459
S,-0.0117,-0.9945,-0.1042,3.48,1.000,0.963,0.863,0.727
S,0.6790,0.7236,0.1243,5.45,0.984,0.994,1.000,0.340
S,-0.4375,-0.7989,-0.4128,3.74,0.972,0.982,0.992,0.591
S,0.9300,0.0432,-0.3651,3.48,0.990,1.000,1.000,0.502
S,-0.9129,-0.0831,-0.3995,5.04,1.000,0.964,0.864,0.996
S,-0.2138,0.3313,-0.9190,3.72,0.813,0.883,0.993,0.465
S,-0.2717,-0.9570,-0.1014,10.48,0.985,0.995,1.000,0.640
S,0.1123,0.9178,0.3809,13.45,0.825,0.895,1.000,0.862
S,0.0105,0.7370,-0.6758,5.95,0.818,0.888,0.998,0.475
S,0.7598,0.2013,0.6182,4.39,0.993,0.953,0.853,0.424
S,-0.1679,-0.9844,-0.0525,3.40,0.821,0.891,1.000,0.730
S,0.8069,0.2112,-0.5516,3.42,0.984,0.994,1.000,0.364
S,-0.2232,0.7432,-0.6307,3.42,0.983,0.993,1.000,0.737
S,0.9949,0.0855,-0.0528,6.53,0.969,0.979,0.989,0.345
S,-0.7938,0.0886,0.6016,8.37,1.000,0.966,0.866,0.775
S,0.6563,0.5074,-0.5583,4.09,0.941,0.971,1.000,0.423
S,0.9352,0.3296,-0.1297,8.61,0.809,0.879,0.989,0.645
S,0.4752,0.8740,-0.1014,4.27,0.989,0.949,0.849,0.385
S,-0.9356,-0.3485,-0.0568,4.26,0.986,0.996,1.000,0.814
S,0.4493,0.1646,0.8781,3.40,0.986,0.996,1.000,0.405
S,-0.1736,-0.8573,0.4847,14.73,0.987,0.997,1.000,0.391
S,-0.4546,-0.3690,0.8107,3.82,0.991,0.831,0.671,0.566
S,-0.1997,0.9336,-0.2975,5.29,0.980,0.990,1.000,0.486
S,-0.0997,-0.5631,0.8204,3.41,0.989,0.999,1.000,0.965
S,0.2110,0.8768,-0.4321,4.44,0.971,0.981,0.991,0.406
S,-0.0991,-0.9778,0.1848,12.60,0.828,0.898,1.000,0.730
S,0.5425,-0.2250,-0.8093,13.50,0.925,0.955,0.995,0.652
S,-0.0601,-0.1871,-0.9805,10.36,1.000,0.972,0.872,0.363
S,-0.8286,0.5576,-0.0495,5.55,1.000,0.966,0.866,0.355
S,-0.9787,0.0927,0.1830,7.82,0.988,0.998,1.000,0.526
S,0.2973,0.4332,0.8508,6.62,0.971,0.981,0.991,0.808
S,0.4763,0.4063,0.7798,3.45,0.983,0.993,1.000,0.818
S,0.5089,-0.1096,0.8538,11.30,0.991,0.951,0.851,0.397
S,-0.0208,0.9865,-0.1624,6.62,0.998,0.958,0.858,0.369
S,0.2456,0.5019,0.8293,13.54,0.811,0.881,0.991,0.350
S,-0.3483,0.8660,0.3587,9.71,0.978,0.988,0.998,0.408
S,0.8601,-0.2045,-0.4674,4.74,0.978,0.988,0.998,0.941
S,-0.8643,-0.2506,-0.4362,3.78,0.980,0.990,1.000,0.912
S,0.5592,-0.6319,-0.5366,11.61,0.991,0.951,0.851,0.551
S,0.1641,-0.0486,0.9852,3.40,0.991,1.000,1.000,0.749
S,0.8945,0.0634,0.4425,7.76,0.996,0.836,0.676,0.400
S,0.8035,0.5581,-0.2071,4.40,0.971,0.981,0.991,0.523
S,-0.0090,-0.9528,-0.3034,10.75,1.000,0.969,0.869,0.659
S,-0.3392,0.4246,-0.8394,3.45,0.819,0.889,0.999,0.888
S,-0.9105,-0.0024,-0.4135,3.40,0.992,0.952,0.852,0.345
S,0.1047,-0.9441,-0.3127,10.30,0.997,0.957,0.857,0.608
S,-0.5956,0.7906,-0.1420,9.45,0.993,0.953,0.853,0.712
S,-0.0797,0.4975,-0.8638,6.72,0.976,0.986,0.996,0.436
S,-0.7917,0.4242,0.4397,3.42,0.990,0.830,0.670,0.374
S,0.9969,0.0723,0.0307,4.36,0.992,1.000,1.000,0.406
S,-0.6639,0.5809,0.4709,4.59,0.971,0.981,0.991,0.608
S,0.3982,0.0412,0.9164,7.02,0.977,0.987,0.997,0.489
S,-0.7349,-0.6598,-0.1567,5.89,0.993,0.833,0.673,0.505
S,0.4622,0.8795,-0.1139,4.47,0.978,0.988,0.998,0.571
S,0.2776,-0.9085,0.3124,3.40,1.000,0.969,0.869,0.520
S,0.2970,0.9478,0.1163,3.58,0.996,0.956,0.856,0.568
S,0.1975,-0.2897,-0.9365,3.40,0.991,0.951,0.851,0.500
S,0.7682,-0.5306,0.3582,4.88,0.971,0.981,0.991,0.607
S,0.0929,0.9019,0.4219,13.30,0.993,0.953,0.853,0.570
S,-0.4693,-0.2873,-0.8350,4.43,0.994,0.954,0.854,0.590
S,-0.1577,-0.0609,0.9856,5.81,0.992,1.000,1.000,0.374
S,-0.3306,-0.9400,-0.0845,4.29,0.974,0.984,0.994,0.579
S,0.3562,-0.6251,-0.6946,8.47,0.813,0.883,0.993,0.969
S,-0.1726,-0.5333,0.8282,8.99,0.973,0.983,0.993,0.403
S,0.0638,0.2207,-0.9732,4.81,0.973,0.983,0.993,0.359
S,0.4436,0.8283,0.3421,3.40,0.817,0.887,0.997,0.500
S,-0.4988,0.5403,0.6777,3.82,0.972,0.982,0.992,0.777
S,0.4675,0.8597,-0.2056,5.46,0.991,1.000,1.000,0.665
S,0.9229,0.2106,-0.3224,3.47,0.974,0.984,0.994,0.818
S,0.5704,0.8198,-0.0517,3.40,0.975,0.985,0.995,0.958
S,-0.4975,0.6057,0.6211,3.40,0.830,0.900,1.000,0.585
S,0.6303,-0.7454,0.2173,3.43,0.998,0.958,0.858,0.509
S,0.4015,0.8203,0.4073,3.52,0.985,0.995,1.000,0.556
S,0.6979,-0.5761,0.4254,6.40,0.968,0.978,0.988,0.936
S,0.2636,-0.9468,-0.1844,7.47,1.000,0.852,0.692,0.572
S,-0.6419,-0.0314,-0.7662,3.40,0.926,0.956,0.996,0.644
S,-0.8769,-0.4109,0.2495,3.47,0.989,0.999,1.000,0.739
S,-0.0559,-0.1981,-0.9786,3.41,0.978,0.988,0.998,0.972
S,-0.9357,0.1569,0.3160,3.95,0.816,0.886,0.996,0.450
S,-0.6829,-0.6554,0.3226,4.05,0.992,0.952,0.852,0.349
S,-0.9206,-0.2703,-0.2818,3.42,0.826,0.896,1.000,0.373
S,-0.2628,-0.0414,-0.9640,4.65,0.980,0.990,1.000,0.533
S,-0.6569,0.1951,-0.7283,7.43,1.000,0.963,0.863,0.409
S,-0.5482,0.8024,-0.2359,14.78,0.937,0.967,1.000,0.525
S,-0.1429,0.0195,-0.9895,3.40,0.827,0.897,1.000,0.593
S,0.2837,-0.3777,-0.8814,3.43,0.996,0.956,0.856,0.804
S,-0.3059,0.7760,-0.5515,4.73,0.832,0.902,1.000,0.445
S,0.7111,0.3809,-0.5910,3.40,0.974,0.984,0.994,0.795
S,-0.1221,0.5727,0.8107,4.10,0.969,0.979,0.989,0.977
S,-0.2238,0.6301,0.7436,3.57,1.000,0.960,0.860,0.943
S,0.8979,0.3380,-0.2821,3.41,0.989,0.999,1.000,0.897
S,0.8512,0.0295,0.5241,13.22,0.980,0.990,1.000,0.903
S,0.8476,0.2474,-0.4694,5.41,0.934,0.964,1.000,0.779
S,0.7391,-0.5707,-0.3579,11.49,0.978,0.988,0.998,0.473
S,-0.6282,-0.1613,-0.7612,12.98,1.000,0.972,0.872,0.583
S,0.2330,0.0941,-0.9679,4.84,0.978,0.988,0.998,0.896
S,0.5098,0.8602,0.0141,16.74,1.000,0.970,0.870,0.875
S,0.5469,0.2082,-0.8109,3.60,0.921,0.951,0.991,0.698
S,0.0477,0.8085,0.5865,8.48,0.983,0.993,1.000,0.362
S,0.9314,0.0339,0.3625,3.40,0.992,0.952,0.852,0.578
S,-0.0995,0.9177,-0.3846,3.98,0.936,0.966,1.000,0.812
S,0.7028,-0.1942,-0.6844,9.51,0.828,0.898,1.000,0.432
S,0.0297,0.9871,0.1575,9.26,0.988,0.948,0.848,0.354
S,-0.9540,0.2214,0.2020,3.65,0.991,1.000,1.000,0.873
S,-0.2667,-0.2615,-0.9276,6.84,0.987,0.997,1.000,0.379
S,-0.9599,0.0375,0.2778,9.95,0.993,0.953,0.853,0.377
S,-0.7146,-0.4988,-0.4903,10.11,0.991,0.951,0.851,0.555
S,-0.1973,-0.8034,-0.5618,3.53,1.000,0.967,0.867,0.794
S,0.6241,-0.6694,0.4031,3.42,0.975,0.985,0.995,0.485
S,-0.1432,-0.9020,0.4072,3.68,0.983,0.993,1.000,0.362
S,-0.2387,0.2871,-0.9277,3.41,0.986,0.996,1.000,0.742
S,0.9584,0.2146,0.1882,3.53,0.975,0.985,0.995,0.889
S,0.2125,-0.9648,0.1548,3.40,0.990,0.950,0.850,0.851
S,-0.3001,0.6042,-0.7381,5.04,1.000,0.967,0.867,0.727
S,-0.4682,-0.8791,-0.0888,3.52,0.994,0.954,0.854,0.959
S,0.2003,-0.9796,0.0180,5.20,1.000,0.969,0.869,0.690
S,-0.6727,-0.5157,-0.5306,8.73,0.832,0.902,1.000,0.631
S,0.5499,-0.7938,0.2599,3.40,1.000,0.967,0.867,0.832
S,0.7208,-0.6423,-0.2604,3.90,1.000,0.962,0.862,0.438
S,-0.2707,0.2645,-0.9256,3.66,0.993,0.953,0.853,0.577
S,0.9742,-0.2247,-0.0227,3.62,1.000,0.963,0.863,0.357
S,-0.5043,0.3750,-0.7778,11.56,0.811,0.881,0.991,0.435
S,0.7960,-0.5626,0.2233,5.64,0.968,0.978,0.988,0.970
S,0.5180,0.0090,0.8553,4.84,0.822,0.892,1.000,0.343
S,0.6966,-0.2348,-0.6780,3.50,0.971,0.981,0.991,0.635
S,0.9599,0.1653,0.2263,3.56,0.926,0.956,0.996,0.462
S,-0.5009,-0.8654,0.0117,5.55,0.926,0.956,0.996,0.769
S,-0.6654,0.6940,0.2751,4.93,1.000,0.962,0.862,0.404
S,0.5562,-0.0392,-0.8301,4.53,0.992,1.000,1.000,0.689
S,0.7420,0.5311,-0.4091,3.56,0.923,0.953,0.993,0.372
S,-0.6551,0.2775,0.7028,7.40,0.990,1.000,1.000,0.469
S,0.0104,0.9700,-0.2428,5.05,0.934,0.964,1.000,0.873
S,0.4786,-0.0249,0.8777,3.40,1.000,0.849,0.689,0.476
S,-0.9974,-0.0578,-0.0434,5.46,1.000,0.967,0.867,0.456
S,-0.3156,0.5691,-0.7593,3.42,0.988,0.998,1.000,0.972
S,-0.9228,-0.0210,-0.3846,8.47,0.978,0.988,0.998,0.610
S,0.5062,-0.7067,0.4943,5.31,0.976,0.986,0.996,0.934
S,-0.5385,0.7732,-0.3348,3.41,0.992,1.000,1.000,0.381
S,0.3044,-0.3078,0.9014,5.23,0.918,0.948,0.988,0.588
S,-0.6086,0.6361,0.4744,10.28,0.990,0.950,0.850,0.482
S,0.5474,0.7747,0.3166,3.58,0.940,0.970,1.000,0.360
S,-0.6026,0.2428,0.7602,3.48,0.972,0.982,0.992,0.651
S,0.6250,0.2562,-0.7374,4.51,0.975,0.985,0.995,0.724
S,0.3532,0.0717,0.9328,3.40,0.976,0.986,0.996,0.642
S,0.4609,-0.8496,-0.2564,3.40,1.000,0.963,0.863,0.598
S,0.9879,-0.1237,-0.0933,6.84,0.822,0.892,1.000,0.474
S,-0.3512,0.7316,-0.5842,7.13,0.816,0.886,0.996,0.492
S,-0.5303,-0.4128,-0.7405,3.54,0.970,0.980,0.990,0.350
S,-0.6960,0.6177,-0.3661,6.37,1.000,0.963,0.863,0.448
S,-0.1520,-0.3549,-0.9225,5.06,0.991,1.000,1.000,0.871
S,0.4449,-0.8906,-0.0944,3.41,0.808,0.878,0.988,0.912
S,0.4425,-0.1286,0.8875,4.05,1.000,0.966,0.866,0.455
S,-0.7406,0.0012,-0.6719,7.44,1.000,0.961,0.861,0.386
S,-0.8124,-0.5714,0.1162,3.41,0.978,0.988,0.998,0.340
S,-0.9017,0.3198,0.2908,3.70,0.968,0.978,0.988,0.534
S,0.0191,0.2292,-0.9732,3.49,0.986,0.996,1.000,0.477
S,0.5469,-0.4425,0.7107,13.98,1.000,0.960,0.860,0.482
S,-0.4616,0.3032,-0.8337,3.49,0.992,1.000,1.000,0.574
S,-0.8798,0.3071,-0.3628,3.53,0.987,0.997,1.000,0.353
S,-0.1021,-0.8982,0.4275,12.63,0.968,0.978,0.988,0.633
S,0.9157,-0.1484,-0.3735,6.18,1.000,0.962,0.862,0.388
S,0.7494,0.5554,-0.3604,3.40,0.829,0.899,1.000,0.623
S,-0.4456,0.5719,-0.6887,14.16,0.975,0.985,0.995,0.786
S,0.9749,0.1447,0.1693,3.76,0.815,0.885,0.995,0.362
S,-0.5425,-0.7172,0.4374,3.40,0.982,0.992,1.000,0.868
S,-0.8483,0.5025,-0.1671,3.79,0.973,0.983,0.993,0.702
S,0.7059,0.2402,0.6663,3.50,1.000,0.966,0.866,0.385
S,0.1832,-0.5125,-0.8389,7.41,0.934,0.964,1.000,0.754
S,-0.6166,-0.3198,-0.7194,7.38,0.977,0.987,0.997,0.380
S,-0.5995,0.7998,-0.0301,4.35,0.977,0.987,0.997,0.664
S,0.3760,0.1091,0.9202,3.50,0.922,0.952,0.992,0.432
S,-0.1734,0.7791,0.6024,4.25,0.993,0.953,0.853,0.616
S,0.0815,0.3474,-0.9342,5.78,1.000,0.962,0.862,0.985
S,-0.1543,-0.7509,-0.6421,11.28,0.922,0.952,0.992,0.893
S,-0.3780,-0.1457,-0.9143,3.41,0.991,1.000,1.000,0.658
S,-0.5166,-0.3221,0.7934,14.49,0.825,0.895,1.000,0.777
S,0.4253,0.2404,-0.8725,3.53,0.970,0.980,0.990,0.551
S,0.8772,0.0980,0.4699,3.44,0.982,0.992,1.000,0.468
S,0.0093,0.0156,-0.9998,12.79,0.991,1.000,1.000,0.680
S,0.7635,0.5636,0.3154,3.44,0.819,0.889,0.999,0.429
S,-0.5926,0.5319,-0.6049,3.40,1.000,0.968,0.868,0.432
S,0.1693,0.9217,-0.3491,5.78,0.990,1.000,1.000,0.647
S,0.3835,0.6777,-0.6274,3.40,0.990,1.000,1.000,0.458
S,0.5939,-0.7216,-0.3558,3.65,0.997,0.837,0.677,0.866
S,-0.1642,0.3954,-0.9037,12.19,0.827,0.897,1.000,0.717
S,-0.9423,0.2862,0.1738,3.91,0.970,0.980,0.990,0.601
S,-0.4137,0.1976,-0.8887,3.74,0.924,0.954,0.994,0.788
S,-0.3292,-0.8739,-0.3576,15.28,0.975,0.985,0.995,0.356
S,0.8024,-0.2039,0.5608,12.19,0.994,0.954,0.854,0.755
S,0.0042,-0.9817,-0.1904,5.75,0.818,0.888,0.998,0.651
S,-0.2114,0.2997,0.9303,8.55,0.982,0.992,1.000,0.519
S,0.2308,0.8202,-0.5234,3.40,0.991,0.951,0.851,0.454
S,0.4460,-0.8816,0.1545,3.53,0.920,0.950,0.990,0.783
S,-0.8037,0.4186,0.4228,3.44,0.993,0.833,0.673,0.757
S,-0.1364,0.9847,0.1084,3.53,0.995,0.955,0.855,0.399
S,0.6345,0.7482,0.1937,3.40,0.975,0.985,0.995,0.822
S,0.1164,-0.4743,0.8726,8.15,0.987,0.997,1.000,0.358
S,0.4467,0.3276,0.8325,3.97,0.984,0.994,1.000,0.361
S,0.4443,-0.8849,0.1399,8.96,0.982,0.992,1.000,0.893
S,0.1725,0.2267,-0.9586,19.92,0.923,0.953,0.993,0.412
S,0.1971,-0.5817,-0.7891,3.92,0.981,0.991,1.000,0.405
S,0.1842,0.0803,0.9796,3.41,0.974,0.984,0.994,0.745
S,0.7068,-0.4620,-0.5358,3.41,0.973,0.983,0.993,0.345
S,0.8215,0.3961,0.4102,15.52,0.974,0.984,0.994,0.748
S,0.2862,0.2755,0.9177,10.54,0.969,0.979,0.989,0.613
S,0.3703,0.5908,-0.7168,5.13,0.985,0.995,1.000,0.829
S,0.4689,-0.6497,-0.5984,6.47,0.972,0.982,0.992,0.415
S,-0.0997,0.8921,0.4408,3.48,0.818,0.888,0.998,0.938
S,0.4757,0.8745,0.0950,5.11,1.000,0.963,0.863,0.573
S,0.7475,0.5784,0.3265,13.26,0.929,0.959,0.999,0.510
S,-0.9275,-0.1872,0.3236,13.61,0.996,0.956,0.856,0.861
S,-0.7837,-0.6127,-0.1019,3.70,0.996,0.956,0.856,0.379
S,-0.5156,0.3667,0.7744,3.56,0.933,0.963,1.000,0.346
S,0.4698,-0.8438,-0.2594,4.56,0.994,0.954,0.854,0.577
S,-0.4314,-0.1362,0.8918,4.10,0.992,1.000,1.000,0.607
S,-0.3118,-0.8495,0.4256,3.40,0.809,0.879,0.989,0.348
S,0.5410,0.6362,0.5500,12.05,0.986,0.996,1.000,0.348
S,-0.5145,0.1025,0.8514,3.41,0.981,0.991,1.000,0.916
S,-0.5799,-0.4652,0.6688,6.33,0.979,0.989,0.999,0.576
S,-0.4052,-0.5736,-0.7119,3.40,0.928,0.958,0.998,0.358
S,-0.3044,0.8852,0.3518,3.40,0.986,0.996,1.000,0.746
S,-0.5446,-0.0458,-0.8374,6.36,0.997,0.957,0.857,0.517
S,0.8450,0.4093,-0.3440,3.70,1.000,0.965,0.865,0.499
S,0.1869,0.5913,-0.7845,3.40,1.000,0.965,0.865,0.719
S,0.4024,0.8784,0.2577,3.40,0.823,0.893,1.000,0.871
S,-0.3508,-0.9299,-0.1106,4.06,0.974,0.984,0.994,0.523
S,-0.9479,0.2244,-0.2263,3.48,0.808,0.878,0.988,0.365
S,-0.2491,0.6589,0.7098,3.40,0.977,0.987,0.997,0.875
S,0.7136,0.6951,-0.0874,3.41,1.000,0.850,0.690,0.678
S,-0.5063,0.3707,-0.7786,3.46,1.000,0.966,0.866,0.395
S,0.7541,0.3797,0.5358,3.52,0.938,0.968,1.000,0.582
S,0.8819,-0.3993,-0.2508,3.43,0.982,0.992,1.000,0.548
S,0.3320,-0.8815,-0.3357,3.62,1.000,0.971,0.871,0.538
S,-0.4025,0.1883,0.8958,3.40,1.000,0.969,0.869,0.347
S,-0.8638,-0.1485,0.4814,16.89,0.976,0.986,0.996,0.343
S,-0.3578,0.8712,0.3362,4.05,0.997,0.957,0.857,0.424
S,-0.9084,0.4176,0.0179,3.83,0.969,0.979,0.989,0.467
S,-0.0736,-0.8332,-0.5481,6.73,0.808,0.878,0.988,0.982
S,0.6781,-0.6450,-0.3524,5.48,0.991,0.951,0.851,0.533
S,-0.2193,-0.9350,0.2789,3.40,1.000,0.841,0.681,0.344
S,0.4018,-0.9023,-0.1561,15.15,0.982,0.992,1.000,0.715
S,0.9137,-0.1224,0.3875,6.31,0.940,0.970,1.000,0.994
S,-0.3820,0.2719,-0.8832,3.45,0.970,0.980,0.990,0.400
S,0.6886,0.4182,-0.5924,7.44,1.000,0.963,0.863,0.504
S,-0.3580,0.3387,0.8701,8.95,0.976,0.986,0.996,0.685
S,-0.5227,-0.8508,0.0544,3.43,0.995,0.955,0.855,0.351
S,0.1965,0.6701,0.7158,5.10,0.982,0.992,1.000,0.660
S,0.6582,0.4660,-0.5912,3.47,0.983,0.993,1.000,0.653
S,-0.7006,0.6661,-0.2558,16.87,0.830,0.900,1.000,0.521
S,-0.2300,0.1791,0.9566,4.81,0.929,0.959,0.999,0.340
S,-0.8807,0.1234,-0.4573,5.79,0.992,0.952,0.852,0.344
S,-0.5922,-0.5442,-0.5942,16.67,0.992,1.000,1.000,0.660
S,0.8142,-0.3690,-0.4483,5.33,0.992,0.952,0.852,0.346
S,0.4701,-0.8826,-0.0074,16.93,0.969,0.979,0.989,0.380
S,-0.3028,-0.9487,0.0910,3.58,0.927,0.957,0.997,0.537
S,0.4241,-0.0802,0.9021,3.40,1.000,0.970,0.870,0.777
S,0.3536,-0.1044,-0.9296,13.67,0.971,0.981,0.991,0.677
S,0.8314,0.0816,0.5497,4.75,0.987,0.997,1.000,0.358
S,-0.3669,0.8255,-0.4289,3.40,0.818,0.888,0.998,0.452
S,-0.6829,-0.5077,0.5253,3.41,0.988,0.998,1.000,0.359
S,0.0391,0.9848,0.1693,13.74,0.980,0.990,1.000,0.763
S,0.4404,0.8869,-0.1396,4.71,0.987,0.997,1.000,0.461
S,0.7575,-0.4507,-0.4723,15.58,1.000,0.850,0.690,0.518
S,0.1579,0.6930,-0.7034,3.40,0.991,1.000,1.000,0.394
S,0.4306,-0.2343,-0.8716,4.23,0.934,0.964,1.000,0.383
S,0.6651,0.5526,0.5022,8.21,0.995,0.955,0.855,0.430
S,0.6258,-0.7122,0.3180,3.48,0.989,0.999,1.000,0.450
S,0.6734,0.4298,-0.6015,5.98,0.823,0.893,1.000,0.620
S,-0.6047,-0.7757,-0.1803,3.44,0.974,0.984,0.994,0.447
S,0.4793,-0.2425,0.8435,3.69,0.821,0.891,1.000,0.356
S,0.1634,-0.9715,0.1718,3.63,0.989,0.949,0.849,0.426
S,0.5033,-0.2840,-0.8161,13.20,0.809,0.879,0.989,0.342
S,0.1647,0.9057,-0.3907,3.42,1.000,0.969,0.869,0.790
S,0.0476,-0.5100,0.8589,5.11,0.968,0.978,0.988,0.522
S,0.0870,0.7255,0.6827,9.52,0.983,0.993,1.000,0.686
S,0.4162,0.0751,-0.9061,3.57,0.827,0.897,1.000,0.562
S,0.6972,-0.6176,-0.3641,4.18,0.816,0.886,0.996,0.980
S,0.4819,0.7607,0.4349,5.02,0.979,0.989,0.999,0.596
S,0.1385,0.8510,0.5065,14.87,0.983,0.993,1.000,0.916
S,0.6570,0.5312,-0.5350,3.84,0.989,0.999,1.000,0.799
S,0.3804,0.6464,0.6614,7.67,0.934,0.964,1.000,0.676
S,0.5683,0.8153,-0.1113,3.44,0.828,0.898,1.000,0.661
S,-0.3759,0.8645,0.3337,15.09,0.990,1.000,1.000,0.572
S,0.5052,0.6957,0.5106,3.72,0.992,1.000,1.000,0.359
S,-0.1969,0.0149,0.9803,3.51,0.832,0.902,1.000,0.508
S,0.7305,-0.1905,0.6558,3.99,0.920,0.950,0.990,0.411
S,-0.7611,-0.0942,0.6417,3.51,0.987,0.997,1.000,0.413
S,0.4312,0.4917,-0.7565,4.66,0.928,0.958,0.998,0.916
S,0.8844,0.1306,0.4480,5.66,0.977,0.987,0.997,0.811
S,-0.9423,0.0187,-0.3343,3.97,1.000,0.849,0.689,0.404
S,0.1191,0.8969,-0.4259,4.66,1.000,0.963,0.863,0.349
S,0.0545,0.9543,-0.2939,15.38,0.970,0.980,0.990,0.576
S,0.1960,0.7810,-0.5930,4.63,0.931,0.961,1.000,0.493
S,0.5347,-0.8023,-0.2652,3.51,0.925,0.955,0.995,0.478
S,-0.4083,-0.9128,0.0049,21.52,0.989,0.999,1.000,0.497
S,0.2267,0.0906,-0.9697,3.54,0.982,0.992,1.000,0.878
S,0.9366,-0.0445,0.3477,3.44,0.970,0.980,0.990,0.733
S,0.5479,-0.7070,-0.4471,14.46,0.981,0.991,1.000,0.340
S,0.3279,0.8173,-0.4738,5.17,0.987,0.997,1.000,0.581
S,0.4688,-0.8595,-0.2036,3.43,1.000,0.962,0.862,0.514
S,0.2968,0.7661,0.5700,13.42,1.000,0.970,0.870,0.702
S,0.0344,-0.4957,-0.8678,4.01,0.987,0.997,1.000,0.778
S,0.6954,0.0638,0.7158,3.80,0.813,0.883,0.993,0.847
S,-0.6564,0.3808,0.6512,11.39,0.999,0.959,0.859,0.945
S,0.6951,-0.2901,0.6577,8.54,1.000,0.965,0.865,0.671
S,-0.0424,-0.5684,0.8217,3.40,0.992,0.952,0.852,0.803
S,0.2070,0.0498,-0.9771,3.80,0.810,0.880,0.990,0.352
S,-0.6666,-0.4711,-0.5776,8.49,0.823,0.893,1.000,0.344
S,-0.6687,0.1385,0.7305,3.41,1.000,0.968,0.868,0.679
S,-0.1905,-0.4590,0.8678,6.87,1.000,0.963,0.863,0.906
S,-0.9067,-0.4208,0.0288,15.94,0.974,0.984,0.994,0.957
S,0.4179,0.6440,-0.6408,3.43,0.991,1.000,1.000,0.364
S,-0.4794,0.8702,0.1133,11.86,1.000,0.960,0.860,0.888
S,0.9392,0.3201,-0.1242,4.10,1.000,0.965,0.865,0.399
S,0.1897,-0.6944,-0.6942,11.78,0.989,0.949,0.849,0.383
S,-0.7398,0.1040,0.6647,3.42,0.998,0.958,0.858,0.670
S,-0.1973,-0.7851,0.5871,3.55,0.974,0.984,0.994,0.747
S,-0.8186,-0.0671,-0.5704,15.55,1.000,0.968,0.868,0.491
S,0.3623,-0.9245,-0.1183,3.61,0.971,0.981,0.991,0.344
S,0.4984,0.2148,-0.8399,17.25,0.931,0.961,1.000,0.589
S,-0.6454,0.7608,0.0691,9.25,0.812,0.882,0.992,0.707
S,0.6005,0.7406,-0.3017,3.40,1.000,0.961,0.861,0.518
S,0.8618,-0.5016,0.0749,3.46,0.925,0.955,0.995,0.508
S,-0.9646,-0.0603,0.2568,3.59,0.818,0.888,0.998,0.667
S,-0.9617,0.2036,-0.1838,3.47,1.000,0.965,0.865,0.903
S,-0.8833,0.4657,-0.0548,3.40,0.991,1.000,1.000,0.343
S,-0.8666,0.4449,-0.2259,3.41,0.822,0.892,1.000,0.774
S,-0.9168,0.3004,-0.2631,3.40,0.811,0.881,0.991,0.342
S,0.8594,0.1023,0.5010,4.32,1.000,0.960,0.860,0.644
S,-0.0102,0.9823,0.1870,4.43,0.974,0.984,0.994,0.341
S,-0.3859,-0.9097,0.1532,3.46,0.980,0.990,1.000,0.397
S,-0.7946,0.4880,0.3613,5.31,1.000,0.960,0.860,0.427
S,0.8537,-0.4011,0.3322,3.41,0.977,0.987,0.997,0.607
S,0.7907,-0.2305,0.5671,5.36,0.827,0.897,1.000,0.417
S,0.0549,0.5971,0.8003,4.11,0.984,0.994,1.000,0.510
S,-0.2024,0.9207,-0.3336,10.19,0.996,0.956,0.856,0.368
S,0.3772,0.4270,-0.8218,3.41,0.990,1.000,1.000,0.345
S,0.4636,-0.6900,0.5559,6.21,0.813,0.883,0.993,0.342
S,0.6730,0.6331,0.3823,3.40,0.979,0.989,0.999,0.653
S,-0.9353,-0.1731,-0.3087,4.60,0.934,0.964,1.000,0.876
S,0.4875,-0.7690,0.4134,3.86,0.821,0.891,1.000,0.551
S,0.6951,-0.2699,0.6664,4.40,0.813,0.883,0.993,0.403
S,0.7396,0.1717,-0.6508,5.10,0.938,0.968,1.000,0.576
S,-0.2959,-0.9164,0.2696,8.61,0.994,0.954,0.854,0.554
S,0.6952,0.5801,-0.4245,3.50,0.990,0.950,0.850,0.341
S,-0.8649,0.4708,0.1741,3.59,0.985,0.995,1.000,0.687
S,-0.5963,-0.2227,0.7713,3.78,0.984,0.994,1.000,0.956
S,0.2947,0.6033,-0.7411,6.38,1.000,0.963,0.863,0.450
S,0.8339,-0.3578,-0.4202,6.87,0.930,0.960,1.000,0.702
S,0.0441,0.9357,-0.3501,8.89,0.999,0.959,0.859,0.354
S,-0.8797,-0.4534,-0.1434,5.12,0.994,0.834,0.674,0.375
S,0.3308,0.0260,0.9434,20.43,0.974,0.984,0.994,0.409
S,0.7436,-0.6191,-0.2526,3.41,1.000,0.962,0.862,0.377
S,0.1212,0.3951,0.9106,3.96,0.990,1.000,1.000,0.501
S,0.9975,-0.0686,0.0151,3.41,0.978,0.988,0.998,0.938
S,-0.0251,0.8482,0.5291,3.66,0.990,1.000,1.000,0.551
S,-0.3840,-0.9010,-0.2017,3.50,0.830,0.900,1.000,0.357
S,-0.3484,0.5062,0.7889,4.11,1.000,0.968,0.868,0.577
S,-0.1080,0.7893,-0.6044,3.42,0.970,0.980,0.990,0.676
S,0.5275,-0.0310,-0.8490,3.64,0.927,0.957,0.997,0.391
S,-0.1631,-0.7010,-0.6942,3.98,0.991,1.000,1.000,0.473
S,-0.4448,0.8484,-0.2869,9.46,0.992,1.000,1.000,0.375
S,-0.4514,0.5342,-0.7147,5.51,0.995,0.955,0.855,0.565
S,-0.7052,0.7089,0.0108,3.42,0.990,1.000,1.000,0.581
S,-0.1483,-0.1885,-0.9708,12.75,0.919,0.949,0.989,0.551
S,0.5672,-0.2137,0.7954,3.59,0.998,0.838,0.678,0.979
S,0.4406,0.5500,-0.7095,10.77,0.994,0.954,0.854,0.591
S,-0.6264,-0.1395,-0.7669,3.76,0.984,0.994,1.000,0.435
S,0.0196,-0.4623,-0.8865,3.45,0.969,0.979,0.989,0.898
S,0.7994,-0.4962,-0.3387,9.24,1.000,0.969,0.869,0.585
S,-0.0198,-0.2985,0.9542,3.43,1.000,0.964,0.864,0.402
S,-0.2432,0.9699,-0.0088,3.40,0.989,0.999,1.000,0.845
S,0.1866,0.9110,0.3678,3.40,0.823,0.893,1.000,0.815
S,0.6385,0.5922,0.4916,3.40,0.977,0.987,0.997,0.607
S,-0.1546,0.5741,-0.8041,11.22,0.982,0.992,1.000,0.581
S,-0.2082,-0.4832,-0.8504,3.40,0.997,0.957,0.857,0.928
S,-0.2697,0.6828,-0.6790,3.57,0.811,0.881,0.991,0.716
S,0.0598,0.6014,-0.7967,3.55,1.000,0.843,0.683,0.589
S,-0.1426,-0.7102,-0.6894,3.85,0.989,0.829,0.669,0.814
S,-0.9861,-0.1234,-0.1108,6.34,1.000,0.964,0.864,0.353
S,-0.1559,-0.9865,0.0499,9.68,0.990,0.830,0.670,0.818
S,-0.9164,0.0179,0.4000,11.53,0.815,0.885,0.995,0.677
S,0.9762,-0.2150,-0.0301,4.52,0.976,0.986,0.996,0.540
S,-0.5898,-0.5830,0.5588,5.39,0.808,0.878,0.988,0.640
S,-0.7922,-0.4445,-0.4180,4.84,0.988,0.998,1.000,0.429
S,-0.3742,-0.9109,-0.1738,3.56,0.940,0.970,1.000,0.672
S,0.4044,0.6008,0.6896,11.43,0.973,0.983,0.993,0.348
S,-0.2178,0.4846,0.8472,3.42,0.985,0.995,1.000,0.635
S,0.0552,0.1051,-0.9929,3.40,0.924,0.954,0.994,0.485
S,-0.3269,-0.9124,0.2461,3.41,0.992,0.832,0.672,0.350
S,0.3142,0.1405,0.9389,14.23,0.968,0.978,0.988,0.561
S,0.0918,0.2660,0.9596,15.64,0.992,0.952,0.852,0.341
S,0.6321,0.7467,0.2073,3.40,0.921,0.951,0.991,0.515
S,-0.1920,0.9759,0.1039,3.84,0.980,0.990,1.000,0.467
S,-0.3418,-0.0228,0.9395,9.45,0.816,0.886,0.996,0.802
S,-0.5848,0.6693,0.4584,3.87,0.980,0.990,1.000,0.589
S,0.3747,-0.2215,-0.9003,12.95,0.988,0.828,0.668,0.873
S,0.4610,0.2374,0.8550,3.41,0.988,0.998,1.000,0.655
S,0.2865,0.8978,-0.3344,3.73,1.000,0.972,0.872,0.470
S,0.8690,-0.4628,0.1749,3.40,0.925,0.955,0.995,0.653
S,-0.3095,0.5311,-0.7887,3.59,0.975,0.985,0.995,0.792
S,-0.4823,0.4100,0.7741,3.97,0.991,1.000,1.000,0.685
S,-0.8002,-0.3944,0.4518,3.44,0.970,0.980,0.990,0.381
S,0.3234,0.9384,-0.1214,12.22,1.000,0.972,0.872,0.374
S,0.4916,0.5546,0.6714,4.88,0.977,0.987,0.997,0.583
S,0.7047,-0.7035,0.0922,4.11,1.000,0.965,0.865,0.760
S,-0.6067,0.5296,-0.5929,3.40,1.000,0.972,0.872,0.514
S,0.9545,-0.1451,-0.2604,3.46,0.969,0.979,0.989,0.343
S,0.0982,-0.0066,0.9951,3.78,0.971,0.981,0.991,0.530
S,-0.0999,-0.6223,-0.7763,3.41,0.999,0.959,0.859,0.993
S,0.4979,0.5787,-0.6459,3.40,0.989,0.949,0.849,0.498
S,0.1717,-0.9740,0.1478,12.63,0.988,0.828,0.668,0.471
S,-0.1439,-0.1370,-0.9801,8.82,1.000,0.965,0.865,0.342
S,-0.7560,0.6379,-0.1469,12.91,0.971,0.981,0.991,0.359
S,-0.4997,-0.8367,0.2241,9.12,0.970,0.980,0.990,0.485
S,0.2796,0.9233,-0.2632,3.40,0.973,0.983,0.993,0.399
S,-0.3246,0.8388,0.4372,3.44,1.000,0.964,0.864,0.350
S,-0.3309,-0.4071,0.8514,3.66,0.982,0.992,1.000,0.670
S,-0.7291,-0.6717,0.1314,4.28,0.974,0.984,0.994,0.682
S,0.5515,-0.3579,-0.7535,3.42,0.809,0.879,0.989,0.995
S,-0.1164,-0.9000,-0.4201,14.83,0.990,0.830,0.670,0.778
S,-0.0843,0.2338,-0.9686,6.80,0.972,0.982,0.992,0.535
S,0.7497,-0.1032,0.6537,3.85,1.000,0.965,0.865,0.843
S,0.8287,-0.0884,0.5526,9.94,0.814,0.884,0.994,0.694
S,-0.7734,0.5682,-0.2811,7.75,1.000,0.967,0.867,0.534
S,0.4830,-0.5839,0.6526,4.82,0.939,0.969,1.000,0.413
S,-0.1868,-0.2603,-0.9473,3.83,0.984,0.994,1.000,0.624
S,-0.7898,0.5573,-0.2563,3.56,0.986,0.996,1.000,0.761
S,0.2337,0.9499,0.2076,4.48,0.982,0.992,1.000,0.411
S,-0.7458,0.5401,-0.3900,5.26,0.982,0.992,1.000,0.456
S,0.4355,-0.4774,0.7632,3.49,0.986,0.996,1.000,0.522
S,0.0150,-0.9614,0.2747,3.40,0.995,0.835,0.675,0.460
S,0.3076,-0.1123,-0.9449,14.89,0.991,1.000,1.000,0.703
S,0.9976,0.0650,-0.0235,12.84,0.996,0.956,0.856,0.359
S,-0.7162,0.6448,0.2670,3.54,0.976,0.986,0.996,0.688
S,0.1661,-0.3229,-0.9317,13.01,1.000,0.849,0.689,0.468
S,-0.9873,-0.1587,0.0081,3.48,0.938,0.968,1.000,0.359
S,0.5536,0.7232,-0.4129,3.50,1.000,0.963,0.863,0.623
S,0.6504,-0.7564,0.0696,6.48,0.991,1.000,1.000,0.458
S,-0.1326,0.7392,0.6603,10.62,0.976,0.986,0.996,0.617
S,0.2181,-0.8598,0.4618,4.46,0.968,0.978,0.988,0.476
S,0.5308,0.0109,0.8474,9.18,0.988,0.998,1.000,0.668
S,-0.2008,-0.1648,-0.9657,3.73,0.971,0.981,0.991,0.770
S,-0.8078,0.2774,-0.5201,3.55,0.984,0.994,1.000,0.655
S,0.8006,-0.4791,-0.3598,4.10,0.969,0.979,0.989,0.678
S,-0.6898,-0.6658,0.2844,3.40,0.831,0.901,1.000,0.507
S,-0.1553,-0.3962,0.9049,3.40,0.983,0.993,1.000,0.425
S,0.0189,-0.1719,0.9849,3.40,0.817,0.887,0.997,0.807
S,0.4190,-0.2744,-0.8655,3.42,0.930,0.960,1.000,0.345
S,-0.8431,-0.0456,-0.5359,3.43,1.000,0.960,0.860,0.387
S,0.9581,-0.2188,-0.1851,3.40,0.977,0.987,0.997,0.392
S,-0.7806,-0.6041,-0.1602,7.36,0.968,0.978,0.988,0.582
S,0.5662,-0.8146,-0.1258,3.77,0.825,0.895,1.000,0.594
S,-0.1332,0.9614,0.2406,3.67,0.988,0.998,1.000,0.639
S,-0.4996,-0.3466,-0.7939,6.48,0.989,0.999,1.000,0.594
S,0.4681,-0.2429,-0.8496,3.99,0.987,0.997,1.000,0.392
S,0.2675,0.7139,-0.6472,3.40,0.994,0.834,0.674,0.517
S,0.7378,0.1377,0.6608,6.11,0.988,0.948,0.848,0.434
S,-0.5422,-0.5654,-0.6216,3.49,1.000,0.960,0.860,0.448
S,-0.5593,-0.1167,-0.8207,3.52,0.975,0.985,0.995,0.939
S,-0.1171,-0.8921,0.4365,5.04,1.000,0.968,0.868,0.609
S,0.7438,0.5872,0.3193,3.43,0.992,1.000,1.000,0.401
S,-0.2593,-0.8684,0.4226,6.84,1.000,0.843,0.683,0.424
S,0.9656,-0.1850,0.1826,9.43,0.998,0.958,0.858,0.355
S,-0.9047,-0.0484,0.4233,8.77,0.974,0.984,0.994,0.747
S,0.9563,-0.0029,0.2924,3.54,0.973,0.983,0.993,0.415
S,0.0912,0.7996,-0.5935,4.42,0.968,0.978,0.988,0.977
S,0.8750,0.4525,0.1723,3.41,1.000,0.842,0.682,0.343
S,0.0544,-0.9606,0.2725,9.30,0.830,0.900,1.000,0.941
S,0.5684,0.0088,0.8227,6.01,0.975,0.985,0.995,0.763
S,0.3624,-0.4593,-0.8110,3.72,0.923,0.953,0.993,0.657
S,0.1104,0.9707,-0.2135,4.32,0.988,0.998,1.000,0.594
S,0.1800,-0.6573,0.7318,17.33,0.819,0.889,0.999,0.467
S,0.7955,-0.4869,0.3607,3.62,0.976,0.986,0.996,0.939
S,0.4092,0.4756,0.7787,10.29,0.991,1.000,1.000,0.356
S,-0.3317,0.6117,-0.7182,6.30,0.980,0.990,1.000,0.347
S,0.1192,-0.4901,0.8635,5.32,0.980,0.990,1.000,0.711
S,0.2529,0.3712,0.8934,16.69,0.976,0.986,0.996,0.492
S,-0.0859,-0.7840,0.6148,14.89,0.827,0.897,1.000,0.778
S,0.5647,-0.4702,0.6783,5.25,0.988,0.998,1.000,0.600
S,0.7157,0.1075,0.6901,15.20,0.823,0.893,1.000,0.431
S,-0.1239,-0.7776,0.6165,5.68,0.997,0.957,0.857,0.858
S,0.2624,0.1076,-0.9589,6.92,0.995,0.835,0.675,0.562
S,-0.8947,-0.3534,0.2730,3.40,0.984,0.994,1.000,0.667
S,-0.6501,-0.6464,0.3995,4.25,0.999,0.839,0.679,0.428
S,-0.7431,0.3350,0.5793,16.46,0.970,0.980,0.990,0.444
S,0.4195,0.8801,0.2223,10.11,0.994,0.954,0.854,0.574
S,-0.1115,0.4201,0.9006,3.40,0.989,0.949,0.849,0.361
S,0.3497,-0.6169,0.7051,3.40,0.809,0.879,0.989,0.528
S,0.9378,-0.2424,-0.2485,3.40,0.971,0.981,0.991,0.407
S,-0.4073,0.2030,0.8905,6.65,0.978,0.988,0.998,0.697
S,0.5700,-0.0351,0.8209,9.24,1.000,0.963,0.863,0.625
S,-0.8821,0.3785,0.2805,5.76,0.815,0.885,0.995,0.379
S,0.8492,-0.4167,-0.3243,4.73,1.000,0.964,0.864,0.559
S,-0.1424,-0.4602,-0.8763,3.51,0.824,0.894,1.000,0.996
S,0.7045,0.3370,-0.6246,6.44,0.994,0.834,0.674,0.425
S,-0.5478,0.3806,-0.7450,4.73,0.980,0.990,1.000,0.922
S,-0.9862,0.1638,-0.0241,3.47,0.969,0.979,0.989,0.348
S,0.0184,-0.0253,0.9995,5.38,0.994,0.954,0.854,0.659
S,0.3802,0.8585,0.3441,6.93,1.000,0.960,0.860,0.468
S,-0.3938,0.2724,-0.8779,4.03,0.983,0.993,1.000,0.533
S,0.6138,0.7438,-0.2645,5.17,0.983,0.993,1.000,0.426
S,-0.8437,0.3409,0.4147,3.41,0.983,0.993,1.000,0.359
S,0.6882,-0.5670,0.4527,3.63,0.992,0.952,0.852,0.553
S,0.4666,-0.1799,0.8660,7.34,1.000,0.970,0.870,0.455
S,-0.7267,0.3492,-0.5916,4.79,0.991,0.831,0.671,0.342
S,0.3452,0.2052,-0.9158,3.92,1.000,0.963,0.863,0.341
S,0.1792,-0.5403,-0.8222,18.34,1.000,0.967,0.867,0.905
S,-0.1610,-0.9018,0.4012,3.41,0.808,0.878,0.988,0.416
S,0.8658,-0.4420,0.2345,4.29,0.989,0.949,0.849,0.360
S,0.5371,-0.7635,-0.3585,4.36,0.819,0.889,0.999,0.508
S,0.3681,0.1489,0.9178,3.44,0.931,0.961,1.000,0.343
S,0.4684,0.5648,-0.6794,12.58,0.934,0.964,1.000,0.671
S,0.1100,0.9391,0.3257,3.41,1.000,0.963,0.863,0.963
S,0.8480,0.5195,0.1048,3.44,1.000,0.960,0.860,0.541
S,-0.8403,0.3482,0.4155,3.48,0.939,0.969,1.000,0.887
S,0.2213,-0.5837,0.7812,6.12,1.000,0.963,0.863,0.568
S,0.0935,-0.5017,-0.8600,5.36,0.925,0.955,0.995,0.948
S,-0.1184,0.0392,0.9922,3.92,0.992,0.832,0.672,0.891
S,-0.1138,0.4218,-0.8995,9.80,0.926,0.956,0.996,0.454
S,-0.9878,-0.1544,-0.0200,3.77,0.982,0.992,1.000,0.657
S,-0.3100,-0.0377,-0.9500,13.19,0.991,0.951,0.851,0.343
S,0.0772,0.0215,-0.9968,3.79,0.989,0.949,0.849,0.805
S,-0.6140,0.4270,0.6638,3.40,0.975,0.985,0.995,0.634
S,-0.3178,-0.4879,-0.8130,11.94,0.924,0.954,0.994,0.893
S,-0.6293,-0.0678,0.7742,3.40,0.812,0.882,0.992,0.396
S,-0.4043,0.8894,-0.2133,4.41,0.970,0.980,0.990,0.425
S,-0.8951,0.3486,0.2779,10.99,0.983,0.993,1.000,0.498
S,-0.8117,0.2776,0.5139,4.35,0.996,0.956,0.856,0.575
S,-0.8097,0.2891,-0.5107,3.40,0.990,0.950,0.850,0.354
S,0.2245,0.0064,-0.9745,4.68,0.978,0.988,0.998,0.398
S,-0.0223,-0.0182,-0.9996,13.95,0.974,0.984,0.994,0.734
S,-0.5755,0.7477,0.3314,3.40,0.984,0.994,1.000,0.373
S,-0.9070,-0.2849,0.3102,3.40,0.971,0.981,0.991,0.358
S,-0.0504,-0.9789,-0.1979,12.33,0.978,0.988,0.998,0.872
S,0.5041,-0.8610,-0.0679,4.27,0.975,0.985,0.995,0.786
S,-0.2072,-0.7271,0.6545,4.40,0.977,0.987,0.997,0.707
S,0.1248,-0.1106,-0.9860,4.57,0.969,0.979,0.989,0.358
S,0.9879,-0.0185,-0.1541,3.41,1.000,0.962,0.862,0.650
S,-0.6637,0.5472,0.5099,3.40,0.990,1.000,1.000,0.801
S,-0.0137,0.2381,0.9712,5.70,0.992,1.000,1.000,0.993
S,-0.7694,0.2874,-0.5704,3.60,0.994,0.834,0.674,0.573
S,0.2747,0.8532,0.4434,3.48,0.975,0.985,0.995,0.687
S,-0.5046,0.2382,0.8298,3.56,0.980,0.990,1.000,0.622
S,-0.9710,-0.1941,-0.1396,8.43,0.971,0.981,0.991,0.358
S,-0.4904,-0.7170,0.4954,3.41,0.980,0.990,1.000,0.779
S,-0.9852,0.0224,-0.1701,3.40,0.983,0.993,1.000,0.460
S,-0.0683,0.2184,0.9735,14.86,0.978,0.988,0.998,0.809
S,-0.7780,-0.4203,0.4670,4.19,0.940,0.970,1.000,0.587
S,0.3759,-0.3331,0.8647,4.32,0.980,0.990,1.000,0.608
S,0.6018,0.6954,0.3928,5.33,0.976,0.986,0.996,0.668
S,-0.8571,-0.5122,-0.0544,5.14,0.825,0.895,1.000,0.386
S,-0.3393,0.2152,0.9157,3.40,0.974,0.984,0.994,0.437
S,0.6765,0.1760,0.7151,14.14,0.990,0.950,0.850,0.350
S,0.9683,-0.0657,-0.2408,11.80,0.974,0.984,0.994,0.412
S,0.9884,0.0381,0.1473,12.85,0.977,0.987,0.997,0.962
S,-0.9148,-0.2972,0.2735,4.48,1.000,0.968,0.868,0.978
S,0.1329,-0.8931,0.4298,7.45,1.000,0.972,0.872,0.397
S,0.9446,0.2295,-0.2345,15.67,0.979,0.989,0.999,0.680
S,0.8908,-0.0243,0.4538,15.33,0.970,0.980,0.990,0.364
S,-0.5063,-0.6277,0.5913,8.06,0.973,0.983,0.993,0.719
S,-0.4327,-0.8716,0.2305,6.94,0.937,0.967,1.000,0.931
S,-0.1577,0.9046,-0.3959,3.40,1.000,0.846,0.686,0.364
S,-0.3583,0.9120,0.1997,3.40,1.000,0.963,0.863,0.340
S,0.6298,-0.7448,0.2206,3.41,0.978,0.988,0.998,0.356
S,-0.5230,-0.7067,-0.4766,11.64,0.937,0.967,1.000,0.709
S,-0.5045,-0.5516,0.6643,4.42,0.999,0.959,0.859,0.402
S,0.3815,-0.0900,0.9200,17.09,0.992,1.000,1.000,0.412
S,0.7343,0.1557,-0.6608,5.07,0.988,0.948,0.848,0.960
S,0.9704,-0.1999,-0.1356,5.62,0.979,0.989,0.999,0.939
S,-0.3601,-0.4347,-0.8254,3.57,0.830,0.900,1.000,0.935
S,0.8886,0.4477,-0.1001,3.79,1.000,0.966,0.866,0.429
S,0.8176,0.3332,0.4695,4.15,0.990,1.000,1.000,0.581
S,0.1998,0.9232,0.3283,4.03,0.927,0.957,0.997,0.959
S,0.3913,0.8823,0.2615,4.77,1.000,0.960,0.860,0.695
S,0.1068,0.9264,-0.3611,3.50,0.927,0.957,0.997,0.527
S,0.2653,0.3315,-0.9054,3.44,1.000,0.971,0.871,0.376
S,0.0735,-0.5767,0.8137,19.66,1.000,0.962,0.862,0.861
S,-0.9647,-0.1395,0.2233,3.44,0.980,0.990,1.000,0.592
S,-0.8523,0.4709,-0.2274,6.34,1.000,0.968,0.868,0.421
S,0.9297,0.1637,-0.3299,12.87,1.000,0.961,0.861,0.345
S,-0.9963,-0.0736,-0.0445,5.54,0.983,0.993,1.000,0.776
S,0.6960,-0.1294,0.7063,3.40,0.825,0.895,1.000,0.553
S,0.1352,-0.0420,-0.9899,3.43,0.931,0.961,1.000,0.601
S,-0.8832,-0.4429,0.1546,6.71,0.981,0.991,1.000,0.600
S,0.2090,0.4426,-0.8720,5.71,0.978,0.988,0.998,0.453
S,-0.4979,-0.5562,0.6654,5.10,0.980,0.990,1.000,1.000
S,-0.7049,0.1142,0.7000,5.63,0.827,0.897,1.000,0.992
S,0.2618,0.8016,0.5376,5.89,0.990,1.000,1.000,0.376
S,-0.7845,0.6199,-0.0182,9.46,0.933,0.963,1.000,0.666
S,-0.9716,0.2270,-0.0666,13.95,0.976,0.986,0.996,0.461
S,0.5776,0.6209,-0.5299,4.19,1.000,0.962,0.862,0.782
S,-0.6920,0.2528,-0.6762,11.54,0.985,0.995,1.000,0.625
S,-0.6140,0.4570,-0.6435,3.55,1.000,0.969,0.869,0.968
S,0.0174,0.8582,0.5130,3.41,0.989,0.999,1.000,0.759
S,0.6980,0.0613,0.7135,10.84,0.976,0.986,0.996,0.448
S,0.5127,0.1327,0.8483,3.71,1.000,0.962,0.862,0.386
S,0.1168,0.8005,-0.5879,4.37,0.968,0.978,0.988,0.927
S,0.4460,-0.3964,0.8025,3.42,0.987,0.997,1.000,0.693
S,-0.1232,-0.8723,-0.4733,16.74,0.988,0.948,0.848,0.586
S,0.3470,0.0296,0.9374,3.40,0.989,0.999,1.000,0.449
S,0.6941,-0.6762,-0.2469,4.23,0.988,0.998,1.000,0.349
S,-0.8767,0.3587,0.3206,3.40,0.995,0.955,0.855,0.415
S,0.8793,-0.1220,0.4605,3.68,1.000,0.961,0.861,0.849
S,0.6469,0.4163,-0.6390,4.01,0.976,0.986,0.996,0.809
S,0.9549,0.0961,-0.2809,3.63,0.993,0.953,0.853,0.347
S,0.4224,-0.3332,0.8430,5.13,0.811,0.881,0.991,0.558
S,0.3605,0.3468,0.8659,3.82,0.976,0.986,0.996,0.536
S,-0.6898,0.4791,0.5428,3.40,0.821,0.891,1.000,0.355
S,-0.7536,0.2762,0.5965,4.81,0.990,1.000,1.000,0.867
S,-0.5778,-0.8021,0.1506,3.60,0.976,0.986,0.996,0.532
S,0.2987,0.7966,0.5255,7.20,1.000,0.968,0.868,0.364
S,0.9373,-0.3359,0.0927,6.04,0.990,0.950,0.850,0.373
S,0.2270,-0.8859,0.4046,3.40,0.970,0.980,0.990,0.689
S,-0.5569,0.6577,-0.5072,4.54,0.986,0.996,1.000,0.731
S,0.0270,-0.9455,0.3244,3.40,0.968,0.978,0.988,0.661
S,0.6617,0.7459,0.0757,3.52,0.995,0.955,0.855,0.582
S,-0.3305,-0.8906,-0.3124,9.91,0.828,0.898,1.000,0.896
S,0.5610,0.7036,-0.4362,5.81,0.992,1.000,1.000,0.499
S,0.3735,-0.3787,0.8468,12.93,0.968,0.978,0.988,0.899
S,0.6470,-0.7361,-0.1990,5.34,0.981,0.991,1.000,0.422
S,-0.0370,-0.2246,0.9737,3.43,0.977,0.987,0.997,0.433
S,0.1088,-0.9883,-0.1066,6.60,0.985,0.995,1.000,0.834
S,0.7506,-0.1790,0.6360,10.32,0.983,0.993,1.000,0.920
S,0.5302,0.8466,0.0459,7.37,0.991,1.000,1.000,0.832
S,-0.3342,0.7346,-0.5904,14.37,0.989,0.949,0.849,0.780
S,0.5642,0.1552,0.8109,4.89,0.831,0.901,1.000,0.503
S,-0.0489,0.0428,-0.9979,5.21,0.992,1.000,1.000,0.405
S,0.5731,-0.6879,0.4454,3.52,1.000,0.970,0.870,0.990
S,0.7802,-0.3379,-0.5264,6.62,0.968,0.978,0.988,0.810
S,0.7283,-0.2798,-0.6255,3.89,0.989,0.949,0.849,0.814
S,0.8013,0.1392,-0.5819,4.13,0.994,0.954,0.854,0.860
S,0.8521,0.5203,0.0574,4.63,0.985,0.995,1.000,0.472
S,0.6195,0.3025,-0.7244,5.79,1.000,0.842,0.682,0.399
S,0.0902,-0.0216,0.9957,6.67,0.985,0.995,1.000,0.920
S,-0.3019,-0.8832,-0.3589,6.71,0.975,0.985,0.995,0.850
S,0.7852,-0.4449,-0.4307,4.05,0.972,0.982,0.992,0.975
S,-0.6745,0.6401,0.3679,3.93,1.000,0.968,0.868,0.635
S,0.6205,0.4032,-0.6726,3.40,0.987,0.997,1.000,0.357
S,0.0668,-0.7559,-0.6512,3.40,0.975,0.985,0.995,0.387
S,0.9417,0.1918,-0.2766,3.40,0.992,1.000,1.000,0.422
S,-0.8863,-0.2558,0.3861,15.57,0.988,0.998,1.000,0.520
S,0.1133,-0.5595,0.8211,3.41,0.989,0.949,0.849,0.382
S,-0.7036,0.2953,0.6463,10.95,0.981,0.991,1.000,0.614
S,-0.4985,0.8034,0.3258,3.40,0.977,0.987,0.997,0.992
S,0.6802,0.7095,-0.1842,3.65,0.998,0.958,0.858,0.646
S,0.1783,-0.3890,-0.9038,10.75,1.000,0.848,0.688,0.645
S,0.1477,0.3898,0.9090,6.59,1.000,0.972,0.872,0.852
S,-0.4589,-0.6451,0.6109,3.43,0.974,0.984,0.994,0.417
S,0.9063,0.1028,0.4100,3.40,1.000,0.963,0.863,0.720
S,-0.7407,-0.2950,-0.6037,10.63,1.000,0.961,0.861,0.992
S,-0.5748,0.3608,-0.7345,5.16,1.000,0.967,0.867,0.393
S,-0.1924,0.7633,-0.6167,3.85,1.000,0.960,0.860,0.914
S,-0.5742,0.6559,0.4899,3.84,0.929,0.959,0.999,0.538
S,-0.6509,-0.6771,0.3433,14.60,0.978,0.988,0.998,0.587
S,0.4088,-0.5863,-0.6994,3.58,0.998,0.958,0.858,0.444
S,0.9441,-0.1272,0.3043,3.42,0.813,0.883,0.993,0.678
S,-0.8130,-0.4245,0.3985,14.12,1.000,0.847,0.687,0.358
S,0.7242,0.5942,0.3501,14.17,0.973,0.983,0.993,0.906
S,-0.0989,0.7626,0.6393,3.57,0.970,0.980,0.990,0.901
S,0.1510,0.5627,-0.8128,3.40,0.817,0.887,0.997,0.522
S,0.6757,-0.0824,0.7326,3.40,0.990,1.000,1.000,0.647
S,-0.9023,0.0071,0.4310,3.41,0.980,0.990,1.000,0.358
S,0.9407,-0.1929,0.2792,3.86,1.000,0.967,0.867,0.859
S,-0.7618,0.6160,0.2004,3.46,0.988,0.948,0.848,0.515
S,0.1680,0.8904,0.4231,4.00,0.808,0.878,0.988,0.372
S,0.6504,-0.6841,-0.3300,3.74,0.982,0.992,1.000,0.525
S,0.5982,0.4237,0.6802,6.43,0.973,0.983,0.993,0.606
S,0.4106,0.2925,0.8636,15.07,0.968,0.978,0.988,0.907
S,0.4240,0.2583,-0.8681,3.46,1.000,0.965,0.865,0.650
S,0.2514,-0.4306,0.8668,9.75,1.000,0.960,0.860,0.922
S,0.9054,0.0178,-0.4242,4.04,0.930,0.960,1.000,0.378
S,-0.2621,-0.7021,-0.6620,6.94,0.973,0.983,0.993,0.388
S,-0.3859,-0.7369,0.5550,3.41,0.998,0.838,0.678,0.349
S,0.9931,-0.1011,0.0591,9.60,1.000,0.966,0.866,0.937
S,-0.4371,-0.7686,0.4672,3.42,0.989,0.829,0.669,0.703
S,0.0430,0.6749,-0.7367,3.40,0.812,0.882,0.992,0.409
S,0.6153,0.0932,-0.7828,5.68,0.984,0.994,1.000,0.437
S,-0.2786,-0.6015,-0.7488,3.40,0.937,0.967,1.000,0.846
S,0.0317,-0.5630,-0.8258,3.42,0.989,0.999,1.000,0.894
S,-0.3453,0.7337,0.5852,3.69,0.932,0.962,1.000,0.953
S,0.2032,0.8964,0.3940,3.42,0.996,0.956,0.856,0.571
S,0.2752,0.5680,-0.7757,3.66,0.929,0.959,0.999,0.883
S,0.1885,-0.9776,0.0934,10.32,0.990,1.000,1.000,0.398
S,0.5968,0.2453,-0.7640,3.40,0.991,1.000,1.000,0.640
S,0.6636,-0.3767,0.6463,5.82,0.919,0.949,0.989,0.458
S,-0.1824,-0.5012,-0.8459,3.55,1.000,0.967,0.867,0.377
S,0.9081,0.2217,-0.3553,4.44,1.000,0.969,0.869,0.611
S,0.5724,-0.5445,0.6131,3.40,0.991,1.000,1.000,0.349
S,0.5929,-0.3505,0.7250,6.88,0.992,1.000,1.000,0.558
S,0.4022,-0.3209,0.8575,4.06,0.982,0.992,1.000,0.968
S,-0.0535,-0.9954,0.0795,3.40,0.986,0.996,1.000,0.989
S,-0.1525,-0.0464,0.9872,3.96,0.999,0.959,0.859,0.350
S,-0.8453,0.1517,0.5123,3.80,0.931,0.961,1.000,0.512
S,0.0869,0.7632,-0.6403,3.44,0.968,0.978,0.988,0.559
S,0.5200,-0.8137,0.2597,3.79,0.990,0.950,0.850,0.676
S,0.0841,-0.8954,0.4371,3.40,0.990,1.000,1.000,0.598
S,0.9221,-0.3109,-0.2303,10.37,1.000,0.962,0.862,0.516
S,0.5410,0.5386,-0.6459,3.40,0.998,0.958,0.858,0.576
S,0.9698,-0.1903,0.1525,16.10,0.988,0.948,0.848,0.552
S,0.3911,-0.4601,0.7971,9.80,0.979,0.989,0.999,0.361
S,-0.7076,0.6518,0.2729,3.44,1.000,0.960,0.860,0.901
S,0.3639,-0.1658,0.9165,9.99,1.000,0.969,0.869,0.463
S,-0.4458,-0.7262,-0.5233,3.43,1.000,0.970,0.870,0.516
S,-0.5403,0.0640,0.8391,5.17,0.814,0.884,0.994,0.395
S,0.1278,0.9602,0.2484,4.22,1.000,0.967,0.867,0.915
S,-0.9019,0.3885,-0.1890,3.40,0.969,0.979,0.989,0.979
S,-0.6417,0.2733,0.7166,6.58,0.925,0.955,0.995,0.985
S,0.7797,0.3913,-0.4888,3.40,1.000,0.962,0.862,0.698
S,0.0329,0.6561,0.7540,6.21,1.000,0.841,0.681,0.731
S,-0.3743,-0.4919,0.7861,3.94,0.830,0.900,1.000,0.840
S,-0.1123,-0.9112,-0.3964,5.36,0.995,0.955,0.855,0.714
S,-0.9665,-0.1256,-0.2240,3.67,0.995,0.955,0.855,0.387
S,-0.6620,0.1633,0.7315,3.40,0.985,0.995,1.000,0.572
S,-0.6278,0.2550,-0.7355,3.42,0.819,0.889,0.999,0.442
S,0.0859,0.9310,0.3547,7.64,0.831,0.901,1.000,0.685
S,0.2574,0.9660,-0.0239,3.40,0.814,0.884,0.994,0.456
S,0.9590,-0.2667,-0.0958,3.40,0.975,0.985,0.995,0.834
S,-0.5511,0.5936,0.5865,3.42,0.818,0.888,0.998,0.537
S,0.3719,0.7550,-0.5401,4.61,0.992,1.000,1.000,0.626
S,-0.9431,0.3250,-0.0697,3.44,1.000,0.967,0.867,0.685
S,-0.5877,-0.0958,0.8034,7.01,0.979,0.989,0.999,0.444
S,-0.0209,0.8839,-0.4672,3.46,0.811,0.881,0.991,0.882
S,0.9075,-0.3450,0.2395,3.54,0.992,1.000,1.000,0.983
S,-0.1643,-0.9783,-0.1264,3.40,0.991,1.000,1.000,0.369
S,-0.7365,-0.3390,-0.5854,3.60,0.929,0.959,0.999,0.906
S,-0.9126,0.1827,0.3657,3.42,0.985,0.995,1.000,0.358
S,0.9268,-0.3022,-0.2230,5.98,1.000,0.965,0.865,0.546
S,0.1165,0.9051,-0.4089,3.41,1.000,0.966,0.866,0.935
S,-0.3787,-0.2946,0.8774,8.33,1.000,0.968,0.868,0.371
S,0.4797,0.8666,-0.1379,7.48,0.968,0.978,0.988,0.483
S,0.2839,-0.6476,-0.7071,6.99,0.928,0.958,0.998,0.376
S,0.4116,-0.2461,0.8775,9.73,0.973,0.983,0.993,0.665
S,0.4844,0.7862,0.3838,8.19,0.823,0.893,1.000,0.416
S,0.5627,0.2467,-0.7890,12.52,0.980,0.990,1.000,0.403
S,0.9861,-0.0892,0.1401,3.69,0.977,0.987,0.997,0.720
S,-0.1540,0.1440,-0.9775,3.40,0.996,0.956,0.856,0.515
S,-0.6644,0.4902,-0.5641,10.88,0.970,0.980,0.990,0.709
S,0.5850,0.1721,0.7926,3.40,1.000,0.962,0.862,0.409
S,-0.5989,-0.6684,-0.4410,9.15,0.997,0.957,0.857,0.450
S,-0.7475,0.6507,-0.1333,3.40,1.000,0.969,0.869,0.626
S,0.1719,0.4288,-0.8869,3.40,0.934,0.964,1.000,0.347
S,-0.2329,-0.0902,-0.9683,3.40,1.000,0.963,0.863,0.350
S,0.9016,0.4246,-0.0833,3.62,0.992,1.000,1.000,0.341
S,-0.8040,0.3459,0.4837,8.79,0.930,0.960,1.000,0.348
S,-0.0167,-0.2070,-0.9782,4.11,1.000,0.964,0.864,0.413
S,0.5528,-0.8333,0.0029,8.27,0.987,0.997,1.000,0.469
S,0.5970,-0.8015,0.0344,16.77,0.979,0.989,0.999,0.366
S,-0.8252,0.4390,0.3554,6.35,0.970,0.980,0.990,0.998
S,0.0140,0.9254,-0.3786,7.82,0.992,1.000,1.000,0.887
S,-0.0061,-0.1895,-0.9819,11.21,1.000,0.964,0.864,0.840
S,-0.8592,0.3324,-0.3890,3.94,0.810,0.880,0.990,0.767
S,-0.3522,0.4040,0.8442,15.69,0.989,0.949,0.849,0.385
S,0.4487,0.8245,-0.3448,5.93,1.000,0.961,0.861,0.832
S,0.2062,0.6838,0.6999,4.82,0.988,0.948,0.848,0.345
S,-0.5513,-0.8011,0.2328,3.73,0.832,0.902,1.000,0.625
S,-0.3538,-0.3084,-0.8830,6.20,1.000,0.961,0.861,0.706
S,-0.2870,0.1214,0.9502,3.40,0.928,0.958,0.998,0.945
S,0.9035,0.3821,0.1941,4.57,1.000,0.963,0.863,0.711
S,-0.5850,0.8094,0.0514,3.40,0.819,0.889,0.999,0.742
S,0.7978,-0.2824,-0.5327,13.27,0.980,0.990,1.000,0.545
S,-0.5418,0.1025,-0.8342,6.83,1.000,0.966,0.866,0.713
S,-0.6610,-0.7291,-0.1775,4.17,0.813,0.883,0.993,0.453
S,-0.3913,-0.7602,0.5186,3.40,0.825,0.895,1.000,0.649
S,-0.9774,-0.1978,0.0744,3.40,0.980,0.990,1.000,0.865
S,-0.9580,0.2185,0.1860,8.08,0.935,0.965,1.000,0.910
S,0.8035,-0.5300,-0.2710,3.41,0.985,0.995,1.000,0.506
S,0.7200,0.6345,0.2810,4.15,0.828,0.898,1.000,0.537
S,0.9688,0.0819,0.2339,3.45,0.823,0.893,1.000,0.600
S,0.5385,0.6260,-0.5641,4.37,0.981,0.991,1.000,0.430
S,0.8323,-0.5370,0.1378,7.43,1.000,0.972,0.872,0.431
S,0.7270,-0.4335,0.5325,3.60,0.969,0.979,0.989,0.410
S,-0.7648,-0.3683,-0.5287,3.95,0.990,0.950,0.850,0.930
S,0.9317,0.0249,-0.3624,6.50,0.829,0.899,1.000,0.733
S,-0.7619,-0.4969,-0.4155,3.45,0.968,0.978,0.988,0.399
S,0.2322,0.9428,-0.2391,9.90,0.991,1.000,1.000,0.587
S,0.8978,0.0812,0.4328,3.64,0.980,0.990,1.000,0.370
S,-0.6698,0.6201,-0.4085,8.62,0.974,0.984,0.994,0.376
S,0.7472,-0.4797,0.4599,3.89,0.969,0.979,0.989,0.380
S,-0.2086,0.2569,0.9437,3.43,0.825,0.895,1.000,0.446
S,-0.8360,-0.0433,0.5471,9.07,0.810,0.880,0.990,0.899
S,0.8525,-0.3941,-0.3435,4.66,0.987,0.997,1.000,0.712
S,0.9944,-0.0291,-0.1018,8.48,0.989,0.999,1.000,0.871
S,0.3184,-0.5444,-0.7760,14.91,0.982,0.992,1.000,0.840
S,-0.8667,-0.0189,-0.4984,11.70,0.995,0.955,0.855,0.520
S,0.2646,0.4753,0.8391,8.20,0.831,0.901,1.000,0.935
S,-0.5755,0.3498,-0.7392,6.45,0.983,0.993,1.000,0.395
S,-0.7118,0.7023,0.0078,17.21,0.934,0.964,1.000,0.373
S,0.2108,-0.6737,0.7083,3.51,0.969,0.979,0.989,0.694
S,-0.0786,-0.9744,0.2107,3.43,0.973,0.983,0.993,0.355
S,-0.6893,-0.4786,-0.5439,4.05,0.968,0.978,0.988,0.577
S,-0.2605,0.9152,0.3076,9.35,0.988,0.948,0.848,0.809
S,-0.6511,-0.7485,-0.1256,3.40,0.920,0.950,0.990,0.795
S,-0.1185,-0.4131,-0.9029,5.72,0.939,0.969,1.000,0.340
S,0.0001,-0.9788,-0.2050,3.43,0.998,0.958,0.858,0.403
S,-0.6216,-0.6489,0.4388,3.54,1.000,0.963,0.863,0.658
S,0.1640,-0.9837,0.0735,3.42,0.990,1.000,1.000,0.818
S,-0.7453,0.4824,-0.4603,8.24,0.976,0.986,0.996,0.736
S,0.9729,-0.1000,0.2084,3.98,0.970,0.980,0.990,0.481
S,-0.2382,-0.9297,-0.2811,3.40,0.983,0.993,1.000,0.964
S,0.7828,-0.4106,0.4676,17.21,0.936,0.966,1.000,0.883
S,-0.7886,-0.6109,0.0706,7.39,0.974,0.984,0.994,0.753
S,-0.7941,-0.1642,0.5852,3.62,0.978,0.988,0.998,0.504
S,0.1114,0.3346,0.9358,12.11,0.813,0.883,0.993,0.460
S,0.4675,0.6524,0.5965,6.84,0.980,0.990,1.000,0.952
S,-0.9876,0.0553,0.1468,3.46,0.990,0.950,0.850,0.673
S,-0.4452,-0.8600,-0.2494,3.74,0.832,0.902,1.000,0.344
S,-0.4135,0.3693,-0.8323,3.44,0.972,0.982,0.992,0.587
S,0.0891,0.8698,-0.4853,3.41,1.000,0.848,0.688,0.553
S,-0.5382,0.8403,-0.0650,4.45,0.930,0.960,1.000,0.891
S,0.5802,-0.7250,-0.3711,3.40,0.982,0.992,1.000,0.565
S,0.1277,-0.8945,-0.4284,7.71,1.000,0.971,0.871,0.794
S,-0.6139,-0.3255,-0.7192,3.40,1.000,0.966,0.866,0.578
S,0.6862,-0.7274,0.0025,6.10,0.988,0.998,1.000,0.584
S,-0.9731,0.2281,0.0322,12.72,0.997,0.957,0.857,0.656
S,-0.2169,-0.9155,0.3388,3.40,0.969,0.979,0.989,0.703
S,0.8043,0.1106,-0.5838,9.74,1.000,0.972,0.872,0.673
S,-0.9094,-0.3325,0.2499,3.67,0.985,0.995,1.000,0.501
S,0.8222,-0.5625,0.0876,7.73,1.000,0.961,0.861,0.766
S,-0.8834,0.3210,0.3414,15.06,0.995,0.955,0.855,0.796
S,-0.9703,0.1177,-0.2114,8.65,0.977,0.987,0.997,0.647
S,-0.6335,-0.7561,0.1644,16.31,0.995,0.955,0.855,0.518
S,-0.0327,0.6417,0.7663,3.41,0.809,0.879,0.989,0.612
S,-0.6672,-0.0126,-0.7448,3.40,0.935,0.965,1.000,0.818
S,0.4845,-0.0954,0.8696,14.74,0.979,0.989,0.999,0.344
S,0.1311,-0.7288,-0.6721,3.40,1.000,0.968,0.868,0.530
S,-0.2005,0.8480,-0.4906,6.49,0.992,1.000,1.000,0.383
S,0.9077,0.3842,-0.1685,3.69,1.000,0.961,0.861,0.672
S,0.4014,-0.7985,0.4487,4.35,0.981,0.991,1.000,0.379
S,0.9579,-0.2206,-0.1838,3.44,1.000,0.969,0.869,0.821
S,0.7628,-0.6344,0.1251,5.38,0.978,0.988,0.998,0.646
S,-0.2242,-0.5460,0.8072,5.80,0.997,0.957,0.857,0.787
S,0.1936,0.9637,-0.1836,7.57,0.992,0.952,0.852,0.596
S,-0.3286,-0.9246,0.1926,3.40,0.983,0.993,1.000,0.929
S,-0.4497,0.8712,0.1969,3.76,0.988,0.828,0.668,0.982
S,-0.6885,0.2480,0.6815,3.47,1.000,0.963,0.863,0.602
S,-0.3626,0.9048,-0.2232,3.41,0.991,1.000,1.000,0.857
S,0.6217,0.6225,0.4754,7.07,0.980,0.990,1.000,0.346
S,0.9786,-0.0888,-0.1859,3.41,0.988,0.998,1.000,0.387
S,0.0308,0.8270,0.5613,3.40,1.000,0.960,0.860,0.521
S,-0.9018,0.4269,0.0674,8.45,0.812,0.882,0.992,0.445
S,-0.2039,-0.2812,-0.9378,3.41,0.996,0.956,0.856,0.770
S,0.7798,-0.4872,-0.3932,12.04,1.000,0.971,0.871,0.482
S,0.3914,-0.2573,-0.8835,8.14,0.983,0.993,1.000,0.344
S,-0.8739,-0.4571,0.1653,4.41,1.000,0.969,0.869,0.400
S,0.8613,-0.3312,-0.3853,4.66,0.969,0.979,0.989,0.375
S,-0.0581,-0.8020,-0.5945,7.39,0.981,0.991,1.000,0.553
S,0.6297,0.6542,0.4190,3.42,0.990,0.950,0.850,0.509
S,0.5868,-0.6378,0.4988,3.75,0.969,0.979,0.989,0.348
S,-0.1597,0.7496,0.6424,3.40,0.928,0.958,0.998,0.934
S,0.5998,0.7083,0.3721,3.93,0.941,0.971,1.000,0.402
S,0.0480,0.8233,0.5656,3.40,0.981,0.991,1.000,0.342
S,0.9960,-0.0822,-0.0342,6.54,0.981,0.991,1.000,0.510
S,-0.4872,0.7237,-0.4887,3.67,0.994,0.954,0.854,0.740
S,0.3169,-0.4668,0.8256,3.40,0.995,0.955,0.855,0.490
S,0.0892,-0.4966,0.8634,14.80,0.971,0.981,0.991,0.443
S,0.1435,-0.5798,-0.8020,5.21,0.990,0.950,0.850,0.353
S,-0.4935,-0.1764,-0.8517,13.58,0.985,0.995,1.000,0.426
S,-0.3856,-0.5020,-0.7742,13.44,1.000,0.964,0.864,0.688
S,0.8308,0.2610,-0.4917,3.41,0.979,0.989,0.999,0.661
S,0.6281,-0.7697,0.1143,13.31,0.998,0.958,0.858,0.355
S,-0.3166,0.6836,0.6576,6.03,0.995,0.955,0.855,0.471
S,-0.7713,0.6141,0.1674,3.41,1.000,0.964,0.864,0.348
S,-0.0123,0.1648,-0.9863,6.14,1.000,0.964,0.864,0.426
S,-0.9565,0.2884,0.0434,3.88,0.932,0.962,1.000,0.435
S,0.0082,-0.9297,-0.3681,7.18,0.981,0.991,1.000,0.424
S,-0.2172,-0.9420,0.2559,7.78,0.932,0.962,1.000,0.342
S,-0.3058,-0.6217,-0.7211,10.10,0.973,0.983,0.993,0.372
S,-0.3963,0.9178,0.0221,3.49,1.000,0.963,0.863,0.711
S,0.0197,0.8052,0.5927,3.48,0.809,0.879,0.989,0.682
S,0.4231,0.7377,0.5261,7.69,0.970,0.980,0.990,0.876
S,0.2820,0.0550,-0.9578,16.53,0.994,0.954,0.854,0.595
S,-0.7403,-0.3708,-0.5608,7.48,0.934,0.964,1.000,0.496
S,-0.4350,0.8996,0.0380,13.47,0.974,0.984,0.994,0.361
S,0.3321,0.0244,0.9429,5.76,0.972,0.982,0.992,0.628
S,-0.5050,-0.2742,-0.8184,3.43,0.830,0.900,1.000,0.861
S,0.0741,0.9933,-0.0888,13.65,0.973,0.983,0.993,0.374
S,-0.8077,-0.0505,0.5874,3.43,0.972,0.982,0.992,0.507
S,0.5419,0.6674,0.5108,8.46,0.988,0.948,0.848,0.477
S,-0.4902,-0.3505,-0.7981,3.40,0.981,0.991,1.000,0.398
S,-0.1702,-0.6281,0.7593,6.58,0.970,0.980,0.990,0.350
S,-0.6948,-0.4785,-0.5369,3.40,0.972,0.982,0.992,0.878
S,0.9238,0.3279,0.1976,3.45,0.978,0.988,0.998,0.360
S,0.9941,0.0311,0.1042,4.61,0.994,0.834,0.674,0.719
S,0.5143,-0.8055,0.2944,8.23,0.990,0.950,0.850,0.870
S,0.6855,-0.6999,0.2005,3.61,0.973,0.983,0.993,0.467
S,-0.9428,0.3060,-0.1323,5.26,1.000,0.962,0.862,0.455
S,-0.5728,0.6189,-0.5374,3.42,0.987,0.997,1.000,0.481
S,0.3327,-0.5508,-0.7655,3.49,0.820,0.890,1.000,0.357
S,-0.6254,0.7747,-0.0933,8.90,0.991,1.000,1.000,0.700
S,0.0178,-0.6963,-0.7175,3.43,0.923,0.953,0.993,0.352
S,0.8666,-0.2651,0.4227,11.13,0.991,1.000,1.000,0.385
S,0.5741,-0.4788,-0.6642,4.56,0.977,0.987,0.997,0.406
S,-0.3362,0.1366,-0.9318,11.90,0.971,0.981,0.991,0.992
S,-0.7466,0.0266,0.6647,3.47,1.000,0.966,0.866,0.421
S,0.6892,-0.4818,-0.5411,3.40,0.976,0.986,0.996,0.560
S,0.2712,0.7168,-0.6424,4.80,0.988,0.998,1.000,0.737
S,-0.8995,-0.2779,0.3372,3.57,1.000,0.970,0.870,0.432
S,0.4410,-0.1929,0.8765,3.49,0.969,0.979,0.989,0.524
S,-0.4850,-0.8276,-0.2825,6.71,0.992,0.952,0.852,0.601
S,-0.6693,0.5084,-0.5418,3.45,0.989,0.999,1.000,0.799
S,-0.1189,-0.5833,-0.8035,9.23,0.989,0.949,0.849,0.343
S,-0.7541,0.5741,-0.3191,3.40,0.933,0.963,1.000,0.375
S,-0.4386,0.0505,0.8973,7.17,0.813,0.883,0.993,0.394
S,0.9317,-0.3414,-0.1243,4.20,0.970,0.980,0.990,0.938
S,-0.1277,-0.1773,-0.9758,5.32,0.825,0.895,1.000,0.609
S,0.4635,-0.8826,-0.0782,3.40,0.979,0.989,0.999,0.995
S,-0.6962,0.7179,-0.0020,13.82,0.983,0.993,1.000,0.384
S,-0.9605,0.2777,0.0151,3.40,0.977,0.987,0.997,0.941
S,0.1455,-0.9648,0.2191,4.37,0.818,0.888,0.998,0.416
S,0.8957,0.2747,0.3496,5.12,0.993,0.953,0.853,0.342
S,-0.3231,0.1195,-0.9388,3.99,0.988,0.998,1.000,0.559
S,-0.2847,-0.6677,0.6879,3.55,0.992,1.000,1.000,0.693
S,-0.7864,0.0823,-0.6123,3.89,0.984,0.994,1.000,0.565
S,0.5416,-0.2975,-0.7863,3.40,1.000,0.844,0.684,0.526
S,0.8341,-0.3965,-0.3834,15.92,0.989,0.999,1.000,0.553
S,0.9578,0.0372,-0.2850,5.76,0.975,0.985,0.995,0.341
S,0.1526,0.5709,0.8067,3.59,0.998,0.958,0.858,0.525
S,0.0936,-0.5634,0.8209,4.41,0.828,0.898,1.000,0.366
S,-0.7547,0.0707,0.6523,3.51,0.814,0.884,0.994,0.387
S,-0.4919,-0.2269,0.8406,15.26,1.000,0.972,0.872,0.351
S,-0.3805,0.8884,-0.2570,3.40,0.819,0.889,0.999,0.428
S,-0.5438,0.7750,0.3220,3.40,0.832,0.902,1.000,0.384
S,0.1886,-0.9343,0.3027,7.18,0.816,0.886,0.996,0.942
S,0.2908,-0.6304,-0.7197,4.64,0.976,0.986,0.996,0.429
S,-0.3336,0.6521,-0.6808,3.84,1.000,0.851,0.691,0.721
S,0.7763,-0.3922,-0.4934,12.84,1.000,0.971,0.871,0.431
S,-0.6445,0.3693,0.6695,5.40,0.999,0.959,0.859,0.346
S,-0.0056,-0.9227,-0.3854,4.86,0.981,0.991,1.000,0.781
S,0.5003,-0.1434,-0.8539,13.99,0.973,0.983,0.993,0.908
S,0.7875,0.3944,0.4736,3.49,1.000,0.966,0.866,0.913
S,0.9432,-0.2996,0.1436,3.72,1.000,0.849,0.689,0.381
S,0.5008,0.3985,-0.7684,15.73,0.831,0.901,1.000,0.478
S,-0.0196,0.9548,-0.2965,4.25,0.975,0.985,0.995,0.635
S,-0.7462,-0.0051,0.6657,3.40,0.813,0.883,0.993,0.711
S,0.3043,-0.2347,-0.9232,3.54,0.995,0.955,0.855,0.380
S,0.0846,0.9818,0.1698,3.44,0.925,0.955,0.995,0.355
S,-0.0229,0.2661,0.9637,3.51,1.000,0.960,0.860,0.341
S,-0.1092,0.2133,0.9709,3.40,0.988,0.998,1.000,0.984
S,-0.1965,0.7347,-0.6494,3.40,0.919,0.949,0.989,0.987
S,-0.6825,-0.1286,-0.7195,9.11,0.975,0.985,0.995,0.728
S,0.6901,-0.7183,-0.0882,3.51,0.827,0.897,1.000,0.347
S,0.1945,0.8811,-0.4310,3.43,0.971,0.981,0.991,0.513
S,0.9368,0.3261,0.1268,3.45,0.976,0.986,0.996,0.665
S,-0.2988,-0.3069,0.9036,3.67,0.972,0.982,0.992,0.358
S,-0.3700,-0.4456,-0.8152,3.92,0.995,0.955,0.855,0.890
S,0.8703,0.1566,0.4670,5.03,0.974,0.984,0.994,0.395
S,-0.8456,0.5271,0.0849,8.14,0.971,0.981,0.991,0.546
S,-0.9041,-0.1949,-0.3802,3.50,0.978,0.988,0.998,0.613
S,-0.9494,-0.3142,-0.0049,3.89,0.992,1.000,1.000,0.390
S,0.0127,0.9166,-0.3997,3.41,0.975,0.985,0.995,0.989
S,0.2681,-0.7905,-0.5506,13.25,0.985,0.995,1.000,0.353
S,0.3190,-0.8326,0.4528,12.98,0.925,0.955,0.995,0.562
S,-0.4996,-0.6796,-0.5372,3.41,0.995,0.955,0.855,0.415
S,0.2278,-0.9522,-0.2036,3.53,0.976,0.986,0.996,0.412
S,-0.4351,-0.7832,0.4441,3.88,0.812,0.882,0.992,0.406
S,0.9129,-0.3739,-0.1634,3.41,0.982,0.992,1.000,0.437
S,0.0921,0.8913,0.4439,4.14,0.992,1.000,1.000,0.792
S,0.0082,0.5423,0.8401,10.31,0.990,1.000,1.000,0.352
S,0.3076,0.2632,0.9144,3.73,1.000,0.964,0.864,0.343
S,0.7003,-0.6335,0.3291,3.47,0.974,0.984,0.994,0.623
S,-0.0275,-0.6645,0.7468,4.38,1.000,0.965,0.865,0.369
S,-0.8030,0.2705,-0.5311,3.45,0.990,0.950,0.850,0.629
S,-0.9669,-0.1630,-0.1964,3.91,0.994,0.954,0.854,0.706
S,0.8880,0.1562,-0.4326,3.78,0.821,0.891,1.000,0.724
S,0.5746,0.6752,-0.4625,3.40,0.970,0.980,0.990,0.574
S,-0.9318,-0.1660,-0.3228,4.34,0.821,0.891,1.000,0.863
S,-0.6660,0.5610,0.4917,14.54,0.995,0.835,0.675,0.369
S,0.4295,0.8931,-0.1338,3.53,0.984,0.994,1.000,0.718
S,-0.8513,-0.5246,-0.0092,3.91,0.983,0.993,1.000,0.454
S,0.1115,0.3262,-0.9387,3.44,1.000,0.972,0.872,0.376
S,0.5539,-0.5244,-0.6466,6.66,0.977,0.987,0.997,0.466
S,-0.9165,0.3707,0.1505,4.77,1.000,0.964,0.864,0.649
S,0.6366,-0.1025,-0.7643,14.25,0.990,1.000,1.000,0.574
S,0.5623,0.0342,0.8262,14.69,0.994,0.954,0.854,0.843
S,0.1506,0.9837,0.0980,3.40,0.969,0.979,0.989,0.446
S,-0.2080,0.9152,-0.3452,3.40,0.981,0.991,1.000,0.361
S,-0.2074,0.7767,-0.5948,20.34,1.000,0.967,0.867,0.730
S,-0.8677,0.2094,0.4508,5.67,0.925,0.955,0.995,0.850
S,-0.7528,0.2992,-0.5864,12.02,0.828,0.898,1.000,0.845
S,-0.9654,-0.0505,0.2558,4.45,0.971,0.981,0.991,0.564
S,-0.5943,-0.7094,-0.3789,3.54,1.000,0.972,0.872,0.667
S,-0.5294,-0.3775,-0.7598,3.52,0.974,0.984,0.994,0.680
S,0.4956,0.6437,0.5830,6.15,0.987,0.997,1.000,0.706
S,-0.0251,0.2647,-0.9640,3.56,1.000,0.963,0.863,0.915
S,-0.2028,0.2427,-0.9487,3.49,1.000,0.970,0.870,0.890
S,-0.4823,-0.8469,0.2239,12.56,0.830,0.900,1.000,0.478
S,-0.8984,-0.2038,0.3889,17.16,0.980,0.990,1.000,0.682
S,0.8076,-0.2653,0.5267,13.09,1.000,0.845,0.685,0.539
S,0.0722,0.6247,0.7775,4.40,0.983,0.993,1.000,0.424
S,-0.8683,-0.4957,-0.0174,3.55,0.976,0.986,0.996,0.465
S,0.3612,-0.9136,0.1867,5.00,0.983,0.993,1.000,0.821
S,0.7443,0.5289,0.4077,9.33,0.979,0.989,0.999,0.978
S,0.4483,0.3303,-0.8306,3.89,0.984,0.994,1.000,0.615
S,0.6522,0.2861,0.7019,3.40,1.000,0.970,0.870,0.623
S,-0.7362,-0.6395,-0.2213,10.92,0.993,0.953,0.853,0.428
S,0.8921,-0.2494,-0.3767,3.79,0.977,0.987,0.997,0.386
S,-0.5881,0.6683,-0.4555,4.05,0.827,0.897,1.000,0.384
S,-0.4727,-0.6540,0.5907,5.99,0.980,0.990,1.000,0.580
S,-0.1310,-0.8768,-0.4627,11.99,0.973,0.983,0.993,0.558
S,-0.5331,0.8253,0.1863,5.64,0.979,0.989,0.999,0.345
S,0.0319,-0.8848,-0.4648,9.50,0.980,0.990,1.000,0.648
S,0.0745,-0.9793,-0.1880,3.43,0.998,0.958,0.858,0.387
S,-0.4599,-0.0098,0.8879,13.29,0.927,0.957,0.997,0.746
S,0.5760,-0.5578,-0.5975,3.57,0.941,0.971,1.000,0.402
S,-0.1786,-0.9540,0.2407,5.83,1.000,0.845,0.685,0.647
S,-0.1318,0.8610,-0.4912,3.52,0.970,0.980,0.990,0.932
S,-0.2985,-0.2748,0.9140,12.44,1.000,0.970,0.870,0.674
S,-0.2081,-0.8766,0.4340,6.89,0.995,0.955,0.855,0.580
S,-0.3438,-0.8583,0.3810,4.99,0.995,0.955,0.855,0.717
S,0.3076,0.9420,0.1340,4.52,1.000,0.960,0.860,0.646
S,-0.8322,0.3847,0.3993,3.40,1.000,0.844,0.684,0.393
S,-0.3304,-0.0046,-0.9438,7.04,1.000,0.970,0.870,0.932
S,-0.5396,0.7944,0.2790,8.19,1.000,0.840,0.680,0.646
S,0.4446,-0.5028,0.7413,3.44,1.000,0.972,0.872,0.354
S,-0.4490,0.5195,-0.7270,4.15,0.929,0.959,0.999,0.782
S,0.5881,0.5571,0.5863,4.05,0.813,0.883,0.993,0.587
S,-0.4882,0.6601,0.5709,9.88,0.992,1.000,1.000,0.452
S,-0.2123,-0.2775,-0.9370,4.23,0.918,0.948,0.988,0.349
S,0.9102,-0.1540,-0.3845,4.38,0.980,0.990,1.000,0.904
S,-0.8299,0.2289,0.5088,6.52,0.981,0.991,1.000,0.606
S,-0.0334,-0.6561,0.7539,3.44,1.000,0.965,0.865,0.426
S,0.2970,0.7905,0.5356,3.68,0.919,0.949,0.989,0.897
S,0.7095,-0.0205,0.7044,3.45,0.927,0.957,0.997,0.867
S,-0.9856,-0.1560,-0.0653,3.88,1.000,0.960,0.860,0.996
S,-0.6477,0.5425,-0.5350,3.40,0.970,0.980,0.990,0.460
S,-0.3038,0.3915,0.8686,3.43,0.818,0.888,0.998,0.354
S,0.0273,-0.8149,-0.5790,3.49,0.977,0.987,0.997,0.462
S,-0.9218,0.2780,-0.2700,6.28,0.819,0.889,0.999,0.375
S,0.6520,0.7501,-0.1108,3.40,0.932,0.962,1.000,0.687
S,0.8445,0.3001,0.4435,3.40,0.930,0.960,1.000,0.668
S,-0.1589,0.0946,-0.9828,3.45,1.000,0.968,0.868,0.362
S,0.3128,0.5580,-0.7686,11.72,0.991,1.000,1.000,0.766
S,0.6465,-0.0722,-0.7595,3.40,0.985,0.995,1.000,0.430
S,0.8482,0.5287,0.0322,3.60,0.981,0.991,1.000,0.349
S,-0.2210,0.0026,0.9753,7.74,0.929,0.959,0.999,0.781
S,0.4500,-0.0062,-0.8930,13.31,0.988,0.948,0.848,0.341
S,0.3583,-0.8251,-0.4367,4.10,0.983,0.993,1.000,0.538
S,0.4423,-0.8111,0.3827,4.40,0.927,0.957,0.997,0.629
S,-0.6056,0.5823,-0.5424,3.43,1.000,0.968,0.868,0.341
S,0.2684,-0.4212,-0.8663,5.83,0.814,0.884,0.994,0.803
S,-0.9354,-0.2681,-0.2307,4.53,1.000,0.844,0.684,0.646
S,-0.1146,0.8318,0.5431,4.03,0.977,0.987,0.997,0.874
S,-0.0656,-0.4989,0.8642,5.42,0.982,0.992,1.000,0.741
S,-0.4302,-0.7207,0.5436,4.27,1.000,0.852,0.692,0.424
S,-0.7998,-0.3592,-0.4809,4.51,0.975,0.985,0.995,0.350
S,-0.4444,0.8868,-0.1269,3.40,1.000,0.962,0.862,0.372
S,-0.0028,0.8765,0.4814,3.92,1.000,0.964,0.864,0.424
S,-0.7023,-0.6568,0.2745,6.37,0.829,0.899,1.000,0.705
S,0.1012,0.2369,0.9662,22.87,0.978,0.988,0.998,0.588
S,0.9740,-0.0697,-0.2154,13.62,0.980,0.990,1.000,0.395
S,-0.9599,-0.0575,-0.2745,4.86,0.971,0.981,0.991,0.692
S,0.8119,0.1489,-0.5645,3.43,1.000,0.972,0.872,0.433
S,0.6205,-0.2416,0.7460,4.35,0.998,0.958,0.858,0.752
S,0.5094,0.7354,0.4469,3.92,0.993,0.953,0.853,0.688
S,-0.6101,-0.2470,-0.7529,7.31,0.820,0.890,1.000,0.536
S,-0.3193,-0.8815,-0.3478,3.40,0.924,0.954,0.994,0.616
S,-0.1006,0.9047,-0.4140,11.79,0.925,0.955,0.995,0.515
S,-0.6690,-0.1840,-0.7202,3.40,0.994,0.954,0.854,0.526
S,0.3232,-0.6612,-0.6770,4.23,1.000,0.960,0.860,0.926
S,0.6426,0.4199,-0.6409,6.34,0.971,0.981,0.991,0.546
S,-0.6303,-0.7123,-0.3087,3.40,0.985,0.995,1.000,0.439
S,0.7420,-0.0842,0.6651,4.33,0.822,0.892,1.000,0.454
S,-0.8565,-0.5090,0.0856,5.14,0.998,0.958,0.858,0.359
S,0.7495,-0.1416,0.6467,4.06,0.993,0.953,0.853,0.590
S,0.0604,0.9626,-0.2643,3.40,0.829,0.899,1.000,0.738
S,-0.3539,-0.6011,0.7165,9.17,0.818,0.888,0.998,0.391
S,0.4128,0.6081,0.6781,4.13,0.812,0.882,0.992,0.791
S,0.2611,-0.6339,0.7280,10.03,0.976,0.986,0.996,0.893
S,-0.1769,-0.5260,0.8319,3.41,0.991,1.000,1.000,0.415
S,-0.1974,0.0146,0.9802,15.43,0.990,1.000,1.000,0.395
S,0.7013,0.5103,-0.4978,8.21,1.000,0.961,0.861,0.351
S,0.2845,-0.2535,-0.9245,9.56,0.989,0.999,1.000,0.650
S,0.5630,-0.7567,-0.3323,6.59,0.985,0.995,1.000,0.539
S,0.9541,-0.2556,0.1562,3.40,0.969,0.979,0.989,0.449
S,-0.0232,0.0403,0.9989,9.21,0.930,0.960,1.000,0.426
S,0.7876,0.4422,-0.4291,3.40,0.819,0.889,0.999,0.401
S,0.4803,-0.2997,0.8243,3.51,0.974,0.984,0.994,0.882
S,0.9669,-0.2443,-0.0733,3.57,0.929,0.959,0.999,0.371
S,0.9320,-0.1653,-0.3224,7.14,0.968,0.978,0.988,0.642
S,-0.7380,0.0936,-0.6683,5.17,0.985,0.995,1.000,0.818
S,0.8973,-0.3909,-0.2049,3.40,1.000,0.963,0.863,0.837
S,-0.3269,-0.9193,0.2189,3.40,0.989,0.949,0.849,0.364
S,-0.1377,0.1488,-0.9792,5.12,0.980,0.990,1.000,0.474
S,0.0940,-0.7425,0.6632,3.67,0.977,0.987,0.997,0.486
S,-0.9833,0.1555,-0.0947,3.45,0.991,0.951,0.851,0.909
S,0.2680,0.2927,-0.9179,4.40,0.987,0.997,1.000,0.436
S,0.5325,-0.5848,-0.6119,10.48,1.000,0.840,0.680,0.832
S,-0.0235,0.8517,0.5235,3.40,0.919,0.949,0.989,0.761
S,0.3643,0.6999,-0.6144,8.05,0.994,0.834,0.674,0.605
S,-0.8481,0.5093,-0.1460,3.40,0.929,0.959,0.999,0.349
S,0.7633,-0.6441,-0.0494,11.09,0.817,0.887,0.997,0.920
S,-0.9441,0.3172,-0.0902,3.40,0.822,0.892,1.000,0.641
S,0.5992,0.4288,-0.6760,3.71,0.826,0.896,1.000,0.608
S,-0.0321,-0.7326,-0.6799,3.72,0.983,0.993,1.000,0.345
S,-0.2753,0.9545,0.1145,4.19,0.994,0.954,0.854,0.958
S,-0.9594,0.2366,0.1532,3.60,0.822,0.892,1.000,0.519
S,-0.8657,0.4116,0.2848,3.52,0.984,0.994,1.000,0.504
S,-0.0496,0.1342,0.9897,3.62,0.927,0.957,0.997,0.591
S,0.2454,-0.9216,-0.3008,4.24,0.994,0.954,0.854,0.442
S,0.3705,0.7952,0.4800,4.36,0.813,0.883,0.993,0.586
S,-0.2381,-0.4121,0.8795,3.73,1.000,0.846,0.686,0.516
S,0.9552,0.2615,0.1387,4.28,1.000,0.970,0.870,0.777
S,0.2455,0.9369,0.2488,4.02,0.988,0.948,0.848,0.371
S,-0.2180,-0.9741,-0.0603,6.17,0.989,0.999,1.000,0.377
S,-0.0331,-0.3329,0.9424,12.70,0.972,0.982,0.992,0.930
S,-0.7519,0.2698,-0.6016,3.44,0.977,0.987,0.997,0.342
S,-0.0827,-0.7602,0.6444,3.40,0.984,0.994,1.000,0.351
S,0.3340,0.0039,0.9426,4.33,0.969,0.979,0.989,0.388
S,-0.5448,0.7013,0.4597,6.53,0.990,1.000,1.000,0.517
S,0.9666,-0.1839,0.1786,4.44,0.978,0.988,0.998,0.840
S,0.2253,-0.9233,0.3111,3.40,1.000,0.969,0.869,0.446
S,0.2769,-0.9557,0.0998,3.80,0.970,0.980,0.990,0.903
S,0.9052,0.2338,0.3548,13.81,0.991,0.951,0.851,0.372
S,0.5002,-0.4153,0.7598,12.57,0.822,0.892,1.000,0.471
S,-0.2928,-0.7342,0.6126,3.43,1.000,0.961,0.861,0.381
S,-0.1692,-0.2685,0.9483,14.64,0.993,0.953,0.853,0.361
S,0.5358,-0.7380,-0.4102,3.66,0.992,1.000,1.000,0.499
S,-0.0269,-0.2277,-0.9733,3.40,0.973,0.983,0.993,0.388
S,-0.9904,0.0822,0.1114,13.06,0.991,0.951,0.851,0.803
S,-0.8968,0.4422,0.0128,16.88,0.990,0.950,0.850,0.526
S,0.5961,0.7626,-0.2514,11.22,0.973,0.983,0.993,0.464
S,-0.5052,0.8555,-0.1132,12.43,0.998,0.958,0.858,0.934
S,-0.7631,0.2306,0.6038,4.78,0.977,0.987,0.997,0.513
S,-0.4668,0.6719,0.5750,15.85,0.992,0.952,0.852,0.599
S,-0.8613,-0.0554,-0.5050,3.88,0.979,0.989,0.999,0.343
S,-0.4912,0.6048,-0.6269,16.65,0.998,0.958,0.858,0.396
S,-0.5753,0.5240,-0.6280,3.41,0.997,0.957,0.857,0.950
S,-0.7566,-0.3634,0.5436,3.40,0.974,0.984,0.994,0.418
S,-0.3407,0.9161,0.2114,3.71,0.989,0.999,1.000,0.630
S,0.1175,-0.7611,-0.6379,9.21,0.983,0.993,1.000,0.906
S,0.0956,0.6531,0.7512,3.70,0.983,0.993,1.000,0.599
S,0.8488,-0.4797,0.2222,15.47,0.830,0.900,1.000,0.704
S,0.3582,0.5221,0.7740,3.40,0.936,0.966,1.000,0.535
S,0.3097,-0.3082,0.8995,8.14,0.970,0.980,0.990,0.387
S,0.1587,0.9398,0.3026,3.42,0.826,0.896,1.000,0.343
S,0.6599,0.0055,-0.7513,3.40,1.000,0.960,0.860,0.446
S,-0.8280,0.4943,-0.2646,3.86,0.937,0.967,1.000,0.898
S,0.1922,0.8562,0.4795,13.19,0.969,0.979,0.989,0.800
S,-0.5086,-0.5917,0.6255,6.80,0.988,0.998,1.000,0.441
S,-0.0049,-0.3064,0.9519,3.43,0.810,0.880,0.990,0.516
S,-0.5245,0.8461,0.0954,3.72,0.971,0.981,0.991,0.532
S,-0.4343,-0.0486,-0.8995,15.85,0.974,0.984,0.994,0.488
S,-0.6334,-0.1549,0.7582,15.39,0.996,0.956,0.856,0.395
S,-0.3302,0.8785,-0.3453,3.40,0.985,0.995,1.000,0.812
S,-0.6884,-0.4549,0.5650,3.72,0.808,0.878,0.988,0.621
S,-0.0712,0.9555,0.2862,17.26,0.991,1.000,1.000,0.711
S,0.2267,0.9490,0.2190,4.82,0.990,0.950,0.850,0.879
S,-0.2956,-0.4299,-0.8531,11.62,0.817,0.887,0.997,0.755
S,-0.5989,0.7880,-0.1427,4.74,1.000,0.970,0.870,0.382
S,0.2857,-0.8261,0.4858,4.23,0.992,1.000,1.000,0.996
S,0.6168,0.6197,-0.4854,3.77,0.939,0.969,1.000,0.364
S,0.1955,0.9052,-0.3773,3.91,1.000,0.961,0.861,0.723
S,-0.4455,-0.8807,0.1606,3.57,0.981,0.991,1.000,0.368
S,0.8834,0.4662,-0.0479,3.48,1.000,0.965,0.865,0.715
S,0.3404,0.9403,-0.0041,12.16,0.809,0.879,0.989,0.801
S,0.3922,-0.8412,0.3722,5.12,0.828,0.898,1.000,0.548
S,0.5171,0.8023,-0.2983,3.40,0.981,0.991,1.000,0.685
S,0.5017,0.6519,-0.5686,7.16,1.000,0.960,0.860,0.358
S,-0.8796,-0.3427,-0.3300,3.40,0.991,0.951,0.851,0.870
S,0.3369,0.8968,0.2866,3.53,0.981,0.991,1.000,0.709
S,-0.5347,0.4050,-0.7417,3.49,1.000,0.972,0.872,0.392
S,0.0729,0.2700,0.9601,4.57,0.990,0.830,0.670,0.723
S,-0.3744,0.7198,0.5846,3.40,0.933,0.963,1.000,0.348
S,-0.8487,-0.4947,0.1869,8.07,0.975,0.985,0.995,0.426
S,0.8912,-0.1239,-0.4364,4.80,0.972,0.982,0.992,0.785
S,0.1482,0.5800,-0.8010,4.71,1.000,0.961,0.861,0.884
S,-0.8545,0.0962,-0.5105,11.02,0.984,0.994,1.000,0.346
S,-0.6934,0.5655,-0.4466,3.41,0.996,0.956,0.856,0.889
S,-0.8843,0.2277,-0.4076,3.47,1.000,0.963,0.863,0.383
S,-0.6871,-0.0111,0.7265,13.34,0.977,0.987,0.997,0.674
S,0.4890,0.1386,-0.8612,6.25,1.000,0.961,0.861,0.795
S,0.6145,-0.7782,0.1297,3.65,0.995,0.955,0.855,0.867
S,0.1930,-0.6503,0.7347,3.41,1.000,0.972,0.872,0.756
S,0.0006,0.8880,-0.4598,3.40,0.992,1.000,1.000,0.438
S,0.7292,-0.2552,0.6349,3.99,0.934,0.964,1.000,0.778
S,-0.1274,-0.8766,-0.4641,18.60,0.934,0.964,1.000,0.482
S,0.1138,0.4964,-0.8606,11.28,0.989,0.949,0.849,0.847
S,0.9412,-0.3137,0.1253,6.86,1.000,0.969,0.869,0.775
S,-0.0529,-0.8320,-0.5523,10.99,0.970,0.980,0.990,0.587
S,-0.5111,0.1365,0.8486,10.69,0.819,0.889,0.999,0.884
S,0.2360,-0.0412,-0.9709,15.95,0.981,0.991,1.000,0.342
S,0.3686,-0.0235,-0.9293,3.54,0.984,0.994,1.000,0.550
S,0.7881,-0.5845,-0.1928,3.41,0.980,0.990,1.000,0.399
S,0.2481,0.9310,0.2676,3.54,0.809,0.879,0.989,0.426
S,-0.5551,-0.7254,0.4071,5.46,0.974,0.984,0.994,0.861
S,0.6882,0.7010,0.1869,5.54,0.992,0.952,0.852,0.560
S,0.9435,0.3160,-0.0998,8.65,0.931,0.961,1.000,0.343
S,-0.8885,0.3345,0.3140,3.47,1.000,0.968,0.868,0.537
S,-0.8171,-0.0639,-0.5730,3.55,0.979,0.989,0.999,0.533
S,0.2776,-0.9567,0.0876,3.40,0.969,0.979,0.989,0.840
S,0.3972,-0.6010,-0.6936,9.50,1.000,0.963,0.863,0.418
S,0.6964,0.1537,0.7010,3.81,1.000,0.960,0.860,0.597
S,-0.5450,0.2714,0.7933,3.45,0.984,0.994,1.000,0.433
S,-0.1347,0.2025,0.9700,16.16,0.829,0.899,1.000,0.531
S,0.7114,-0.6151,0.3398,6.84,1.000,0.850,0.690,0.593
S,-0.3096,-0.2026,-0.9290,3.97,0.992,1.000,1.000,0.398
S,0.8176,0.3415,0.4636,9.75,0.981,0.991,1.000,0.502
S,-0.0692,0.2026,-0.9768,3.46,0.983,0.993,1.000,0.855
S,0.8033,0.5205,-0.2894,3.40,0.971,0.981,0.991,0.357
S,0.0987,0.6861,-0.7208,3.59,0.925,0.955,0.995,0.874
S,0.9282,0.2678,0.2582,3.40,0.976,0.986,0.996,0.345
S,-0.8707,0.0609,0.4881,12.42,0.985,0.995,1.000,0.370
S,0.0341,0.9967,0.0741,5.61,0.980,0.990,1.000,0.426
S,0.7136,-0.3796,-0.5888,3.40,0.984,0.994,1.000,0.422
S,-0.6787,-0.1462,0.7197,3.43,0.998,0.958,0.858,0.533
S,0.3631,0.6864,0.6301,3.41,0.970,0.980,0.990,0.420
S,-0.4203,-0.7761,0.4701,7.12,1.000,0.849,0.689,0.378
S,0.8644,-0.3314,0.3781,12.83,0.985,0.995,1.000,0.397
S,0.8614,-0.2042,-0.4651,3.40,1.000,0.969,0.869,0.341
S,-0.9900,0.1387,-0.0277,3.41,0.998,0.958,0.858,0.427
S,0.8181,0.5730,0.0486,3.75,0.983,0.993,1.000,0.564
S,0.5498,0.7798,-0.2993,6.12,0.814,0.884,0.994,0.344
S,0.6197,-0.5283,0.5804,15.21,0.823,0.893,1.000,0.874
S,-0.2949,-0.9198,0.2589,3.43,0.994,0.954,0.854,0.452
S,-0.8445,-0.5176,0.1372,3.47,0.988,0.998,1.000,0.716
S,-0.5730,-0.6723,-0.4688,5.55,1.000,0.965,0.865,0.486
S,-0.4982,0.7886,-0.3605,10.22,0.940,0.970,1.000,0.769
S,-0.5009,-0.2719,-0.8217,3.74,0.975,0.985,0.995,0.903
S,0.5977,-0.7021,0.3871,3.40,0.973,0.983,0.993,0.637
S,-0.6425,0.0930,0.7606,3.41,0.823,0.893,1.000,0.341
S,0.5067,0.6076,-0.6116,4.03,0.973,0.983,0.993,0.345
S,-0.3440,-0.7490,-0.5662,6.88,0.981,0.991,1.000,0.614
S,0.4770,-0.0795,-0.8753,3.40,0.988,0.998,1.000,0.793
S,-0.6426,0.6963,0.3196,5.13,0.991,0.951,0.851,0.379
S,-0.7881,-0.6126,-0.0600,8.15,0.979,0.989,0.999,0.723
S,0.2692,0.7788,-0.5666,9.73,1.000,0.968,0.868,0.944
S,0.0766,-0.8523,-0.5174,4.47,0.831,0.901,1.000,0.426
S,0.3986,0.8717,-0.2852,3.40,0.982,0.992,1.000,0.509
S,0.5925,0.6660,-0.4531,7.77,1.000,0.960,0.860,0.430
S,-0.6490,-0.5878,-0.4829,18.70,0.997,0.957,0.857,0.570
S,0.3845,-0.7443,-0.5460,6.42,1.000,0.969,0.869,0.586
S,0.6736,-0.4456,0.5897,5.85,0.973,0.983,0.993,0.694
S,0.4565,0.1818,0.8709,3.45,1.000,0.965,0.865,0.386
S,-0.9763,-0.1672,0.1376,3.46,1.000,0.965,0.865,0.641
S,0.5146,-0.4107,0.7526,8.02,0.993,0.953,0.853,0.783
S,0.1935,0.8529,0.4849,3.48,0.927,0.957,0.997,0.419
S,-0.9236,0.3832,0.0120,10.71,0.988,0.998,1.000,0.347
S,-0.7381,0.5704,0.3603,8.71,0.971,0.981,0.991,0.436
S,0.4392,0.6255,-0.6448,7.66,0.975,0.985,0.995,0.486
S,-0.0781,-0.0725,-0.9943,4.19,0.982,0.992,1.000,0.363
S,-0.6404,0.4397,0.6297,3.48,0.974,0.984,0.994,0.550
S,0.7596,-0.5894,0.2750,4.16,0.987,0.997,1.000,0.844
S,0.8565,0.5161,-0.0116,4.77,0.972,0.982,0.992,0.739
S,0.3686,0.4948,0.7870,3.67,0.969,0.979,0.989,0.948
S,0.9504,-0.2879,0.1176,3.57,0.936,0.966,1.000,0.850
S,0.2890,0.6865,-0.6672,5.71,0.991,1.000,1.000,0.987
S,0.4682,-0.7524,-0.4633,3.41,0.939,0.969,1.000,0.462
S,-0.1003,0.6463,-0.7565,17.29,0.980,0.990,1.000,0.530
S,-0.5010,0.8371,-0.2198,4.65,0.830,0.900,1.000,0.693
S,-0.0557,0.4328,0.8998,8.07,0.984,0.994,1.000,0.429
S,0.8170,0.2993,-0.4928,3.59,0.934,0.964,1.000,0.351
S,-0.1011,-0.6580,0.7462,12.25,0.971,0.981,0.991,0.540
S,0.5627,0.7007,0.4386,3.41,0.993,0.953,0.853,0.444
S,-0.1909,-0.1092,-0.9755,3.43,0.972,0.982,0.992,0.413
S,0.7673,0.6399,0.0413,3.41,0.941,0.971,1.000,0.725
S,-0.2961,0.5728,-0.7643,3.41,0.988,0.998,1.000,0.382
S,-0.5162,-0.1125,0.8491,5.47,0.972,0.982,0.992,0.629
S,0.5330,0.7135,0.4548,3.41,1.000,0.963,0.863,0.383
S,0.8096,0.0938,-0.5794,3.49,0.990,1.000,1.000,0.451
S,0.4820,-0.5195,0.7055,3.40,0.996,0.956,0.856,0.709
S,0.9802,-0.0881,-0.1775,14.63,1.000,0.965,0.865,0.983
S,0.6696,0.5265,-0.5238,13.69,0.969,0.979,0.989,0.782
S,-0.2059,0.4749,-0.8556,3.40,0.974,0.984,0.994,0.351
S,-0.7149,-0.1982,-0.6705,9.48,0.973,0.983,0.993,0.340
S,-0.5143,-0.7181,-0.4688,12.04,0.808,0.878,0.988,0.946
S,-0.9146,-0.3538,0.1960,3.61,0.925,0.955,0.995,0.757
S,0.3785,0.9254,0.0191,9.74,0.979,0.989,0.999,0.529
S,-0.1535,-0.4482,-0.8806,4.82,0.998,0.958,0.858,0.616
S,0.4715,-0.8610,0.1909,7.52,0.980,0.990,1.000,0.493
S,-0.5380,-0.8331,0.1281,7.58,0.818,0.888,0.998,0.388
S,0.9562,-0.1955,0.2177,9.29,0.987,0.997,1.000,0.364
S,0.4922,-0.8704,-0.0074,3.47,1.000,0.970,0.870,0.453
S,0.7962,-0.6046,-0.0251,3.69,0.829,0.899,1.000,0.500
S,0.7854,-0.5905,-0.1857,3.40,0.998,0.958,0.858,0.378
S,0.6366,0.7708,-0.0267,14.89,0.992,1.000,1.000,0.935
S,-0.4759,0.5412,0.6933,13.07,0.992,0.952,0.852,0.891
S,0.1751,0.4178,-0.8915,3.41,0.999,0.839,0.679,0.399
S,0.0524,-0.1189,-0.9915,13.97,0.808,0.878,0.988,0.891
S,-0.4314,-0.5564,0.7102,3.45,0.991,0.951,0.851,0.451
S,0.6893,-0.6303,-0.3571,5.74,0.998,0.958,0.858,0.808
S,0.9305,-0.2752,-0.2417,3.67,0.926,0.956,0.996,0.961
S,0.0415,0.7060,-0.7070,3.41,1.000,0.970,0.870,0.344
S,0.7670,0.5254,0.3683,6.28,0.974,0.984,0.994,0.989
S,0.0198,-0.5357,0.8442,3.42,0.969,0.979,0.989,0.678
S,-0.6226,0.5656,-0.5408,3.40,0.975,0.985,0.995,0.406
S,-0.0751,0.6205,0.7806,4.46,0.824,0.894,1.000,0.716
S,0.7825,-0.2731,0.5596,4.97,0.984,0.994,1.000,0.370
S,-0.2927,-0.0740,-0.9533,3.64,0.999,0.959,0.859,0.341
S,0.6225,0.3042,0.7210,3.44,1.000,0.840,0.680,0.983
S,-0.1754,-0.9805,0.0887,3.95,0.996,0.956,0.856,0.554
S,0.5043,-0.7584,0.4128,14.91,0.941,0.971,1.000,0.362
S,-0.0457,-0.8475,-0.5288,4.15,0.976,0.986,0.996,0.392
S,0.0236,0.5255,0.8504,3.73,0.975,0.985,0.995,0.486
S,0.0110,-0.6198,0.7847,3.41,1.000,0.970,0.870,0.551
S,0.2236,-0.9598,-0.1698,3.46,0.992,1.000,1.000,0.345
S,-0.7002,-0.4546,-0.5505,3.54,1.000,0.969,0.869,0.454
S,0.0743,0.0179,0.9971,9.06,0.814,0.884,0.994,0.843
S,0.8112,-0.3590,0.4616,9.03,1.000,0.965,0.865,0.574
S,0.2843,0.4424,0.8506,3.40,0.821,0.891,1.000,0.427
S,0.4487,0.4776,-0.7554,3.40,0.825,0.895,1.000,0.377
S,-0.3275,0.9345,-0.1393,13.83,0.991,1.000,1.000,0.912
S,-0.8726,0.0350,-0.4872,13.25,0.828,0.898,1.000,0.644
S,0.3523,0.6965,0.6251,3.59,0.977,0.987,0.997,0.815
S,0.2882,0.9201,0.2654,3.86,0.992,1.000,1.000,0.623
S,0.3559,0.2177,-0.9088,3.83,1.000,0.969,0.869,0.353
S,-0.2781,-0.4646,0.8407,3.40,0.937,0.967,1.000,0.601
S,-0.3152,0.5754,-0.7547,7.85,0.972,0.982,0.992,0.731
S,0.9355,-0.3022,-0.1831,15.90,1.000,0.965,0.865,0.375
S,-0.7303,0.5387,0.4201,3.40,0.815,0.885,0.995,0.512
S,0.3473,-0.8301,-0.4362,3.41,0.976,0.986,0.996,0.397
S,0.0978,0.3097,-0.9458,3.46,0.970,0.980,0.990,0.377
S,-0.6204,0.1920,-0.7604,3.44,1.000,0.971,0.871,0.405
S,0.1318,-0.5370,0.8332,3.80,0.977,0.987,0.997,0.435
S,0.2693,-0.0884,0.9590,3.85,0.970,0.980,0.990,0.340
S,0.0985,-0.5626,-0.8209,4.20,0.992,1.000,1.000,0.784
S,-0.8228,-0.5077,-0.2554,3.78,0.974,0.984,0.994,0.613
S,-0.8656,0.1690,-0.4713,3.45,0.986,0.996,1.000,0.653
S,-0.8721,-0.1424,0.4681,3.82,0.989,0.949,0.849,0.543
S,0.9211,0.2910,-0.2587,3.48,0.982,0.992,1.000,0.554
S,0.1916,-0.6095,0.7693,10.93,0.931,0.961,1.000,0.353
S,-0.4989,0.6875,0.5277,3.45,0.988,0.948,0.848,0.588
S,0.2222,0.9499,0.2197,8.52,0.980,0.990,1.000,0.748
S,0.8966,-0.0701,0.4373,4.44,0.814,0.884,0.994,0.348
S,-0.2570,-0.4183,-0.8712,9.80,0.988,0.828,0.668,0.917
S,0.6744,-0.6895,0.2642,3.77,0.994,0.954,0.854,0.785
S,-0.2878,-0.9306,0.2262,3.42,0.996,0.956,0.856,0.657
S,0.1041,0.4088,-0.9067,8.95,0.972,0.982,0.992,0.779
S,0.1476,0.6237,-0.7676,4.44,0.970,0.980,0.990,0.967
S,0.4102,0.7308,-0.5456,3.42,0.988,0.948,0.848,0.433
S,0.5057,0.3156,-0.8029,4.02,0.995,0.955,0.855,0.657
S,0.0947,-0.8122,0.5757,8.59,0.991,1.000,1.000,0.912
S,-0.4309,-0.6553,-0.6204,7.22,0.990,1.000,1.000,0.349
S,-0.1762,0.9700,0.1674,13.95,0.812,0.882,0.992,0.797
S,0.7142,-0.4271,-0.5545,3.41,0.989,0.999,1.000,0.615
S,-0.3499,0.7640,-0.5421,3.61,0.970,0.980,0.990,0.432
S,0.5740,-0.3885,0.7209,9.51,1.000,0.841,0.681,0.427
S,-0.5228,-0.5564,0.6458,10.96,1.000,0.964,0.864,0.398
S,-0.4283,-0.0166,0.9035,6.14,0.992,1.000,1.000,0.419
S,-0.8457,0.0346,-0.5325,13.97,0.989,0.999,1.000,0.875
S,-0.4526,0.5472,0.7040,3.65,0.981,0.991,1.000,0.341
S,0.3692,-0.8948,-0.2511,3.45,0.992,0.832,0.672,0.391
S,-0.0061,-0.0017,1.0000,3.40,0.999,0.959,0.859,0.525
S,0.1850,-0.9661,-0.1799,4.31,0.989,0.949,0.849,0.986
S,0.2263,-0.6077,-0.7613,3.40,0.810,0.880,0.990,0.417
S,-0.6594,0.3341,0.6735,3.40,0.992,1.000,1.000,0.591
S,0.6088,0.3873,0.6923,10.76,0.991,1.000,1.000,0.392
S,0.6388,-0.1751,-0.7492,8.34,0.992,1.000,1.000,0.344
S,0.6416,0.4181,0.6431,3.51,0.977,0.987,0.997,0.910
S,-0.5835,0.4372,-0.6844,3.40,0.818,0.888,0.998,0.580
S,0.8600,0.0072,-0.5103,3.42,0.971,0.981,0.991,0.348
S,0.4152,-0.0573,-0.9079,4.71,0.993,0.953,0.853,0.483
S,-0.7093,0.4939,-0.5029,4.75,0.989,0.999,1.000,0.982
S,0.3449,0.5758,-0.7413,8.94,1.000,0.961,0.861,0.781
S,-0.0680,-0.7904,-0.6088,3.51,1.000,0.971,0.871,0.360
S,0.7507,-0.1018,-0.6527,10.02,0.993,0.953,0.853,0.467
S,-0.4260,0.1061,-0.8985,14.34,0.988,0.998,1.000,0.421
S,0.0818,0.9721,-0.2197,10.72,1.000,0.846,0.686,0.438
S,0.9909,0.1094,0.0781,11.60,0.810,0.880,0.990,0.903
S,0.7765,-0.6302,0.0029,3.40,0.934,0.964,1.000,0.578
S,-0.0739,0.4786,0.8749,16.50,0.821,0.891,1.000,0.676
S,-0.3094,0.4621,-0.8311,6.59,0.977,0.987,0.997,0.954
S,0.1924,0.2591,0.9465,5.50,0.923,0.953,0.993,0.395
S,-0.1697,0.0340,-0.9849,3.40,0.821,0.891,1.000,0.937
S,-0.8864,0.2734,-0.3737,3.40,1.000,0.971,0.871,0.921
S,-0.2913,0.4319,0.8536,3.40,0.819,0.889,0.999,0.362
S,0.8022,0.5852,0.1180,3.46,0.808,0.878,0.988,0.361
S,-0.9841,-0.0049,0.1775,4.78,0.970,0.980,0.990,0.596
S,-0.8170,0.0068,-0.5766,5.23,0.936,0.966,1.000,0.533
S,-0.5222,0.6135,-0.5923,3.40,0.980,0.990,1.000,0.409
S,0.0877,0.8464,-0.5252,3.53,0.974,0.984,0.994,0.477
S,-0.9897,-0.0483,0.1347,3.40,0.969,0.979,0.989,0.361
S,0.5300,-0.5139,0.6746,3.40,0.994,0.954,0.854,0.806
S,0.5311,-0.2992,0.7927,3.47,0.968,0.978,0.988,0.695
S,0.3776,0.4949,-0.7826,3.64,0.941,0.971,1.000,0.673
S,0.2941,0.9459,-0.1373,3.42,0.992,1.000,1.000,0.570
S,-0.4285,0.2639,0.8642,8.46,1.000,0.846,0.686,0.732
S,-0.1185,0.6880,-0.7160,5.11,0.991,1.000,1.000,0.348
S,-0.5613,0.8163,0.1363,3.51,0.987,0.997,1.000,0.636
S,0.5534,-0.7298,-0.4015,4.96,0.993,0.953,0.853,0.873
S,0.5074,-0.6932,0.5118,6.46,0.980,0.990,1.000,0.417
S,-0.0233,0.0494,0.9985,7.19,0.818,0.888,0.998,0.340
S,-0.1744,0.1339,0.9755,4.35,0.969,0.979,0.989,0.441
S,0.1768,0.8208,-0.5431,3.54,0.919,0.949,0.989,0.343
S,0.0214,-0.9627,-0.2698,3.57,0.922,0.952,0.992,0.980
S,0.2739,0.2513,0.9283,17.29,0.969,0.979,0.989,0.458
S,-0.4796,-0.7181,0.5042,15.22,0.823,0.893,1.000,0.380
S,0.6490,-0.5025,0.5712,3.40,0.975,0.985,0.995,0.650
S,0.6826,-0.6640,0.3052,6.44,1.000,0.960,0.860,0.540
S,-0.0616,-0.9853,-0.1592,8.12,0.974,0.984,0.994,0.701
S,0.0194,0.8834,0.4683,8.04,0.938,0.968,1.000,0.754
S,0.6015,-0.6647,0.4432,3.40,0.979,0.989,0.999,0.382
S,0.5251,0.8163,-0.2407,3.40,0.821,0.891,1.000,0.761
S,0.9411,0.3367,-0.0304,11.17,0.975,0.985,0.995,0.437
S,0.6941,-0.2590,0.6717,11.53,0.992,1.000,1.000,0.629
S,-0.6903,0.5565,-0.4624,5.99,1.000,0.962,0.862,0.579
S,0.8075,0.1165,-0.5782,5.52,0.980,0.990,1.000,0.513
S,0.9755,0.0870,-0.2022,3.77,0.969,0.979,0.989,0.340
S,-0.1385,-0.1579,-0.9777,15.17,1.000,0.966,0.866,0.983
S,-0.0510,-0.9932,0.1043,3.40,0.982,0.992,1.000,0.586
S,0.2216,0.9704,-0.0960,11.21,0.971,0.981,0.991,0.721
S,0.3687,0.9250,-0.0914,6.13,1.000,0.968,0.868,0.419
S,-0.1156,-0.9926,0.0366,3.40,0.972,0.982,0.992,0.897
S,0.2227,-0.9666,0.1270,13.88,0.987,0.997,1.000,0.627
S,-0.1747,0.8673,0.4661,3.40,0.819,0.889,0.999,0.355
S,-0.6889,0.7137,0.1265,13.65,1.000,0.962,0.862,0.715
S,0.5965,0.7800,-0.1889,3.41,1.000,0.962,0.862,0.403
S,-0.7197,-0.0551,-0.6920,3.40,0.809,0.879,0.989,0.611
S,0.4804,-0.1377,0.8662,3.57,0.975,0.985,0.995,0.900
S,0.2712,0.4200,0.8660,15.18,0.969,0.979,0.989,0.485
S,-0.2895,0.3584,-0.8876,3.40,0.934,0.964,1.000,0.490
S,-0.3591,0.8186,0.4482,3.48,0.982,0.992,1.000,0.626
S,0.9309,0.3410,0.1309,3.52,0.975,0.985,0.995,0.341
S,-0.8113,0.1449,0.5663,3.40,0.983,0.993,1.000,0.382
S,-0.0189,0.0904,-0.9957,3.43,1.000,0.964,0.864,0.861
S,-0.4973,-0.8534,-0.1560,4.27,0.976,0.986,0.996,0.533
S,-0.7386,0.1296,0.6616,7.19,0.976,0.986,0.996,0.594
S,-0.4799,0.6840,0.5494,3.83,0.831,0.901,1.000,0.549
S,-0.7062,0.6302,-0.3227,3.40,0.992,0.832,0.672,0.749
S,0.8556,-0.0941,-0.5090,9.82,0.986,0.996,1.000,0.479
S,-0.9114,-0.3523,0.2126,14.13,1.000,0.972,0.872,0.446
S,0.1128,0.8789,-0.4634,6.59,1.000,0.969,0.869,0.589
S,-0.9339,-0.2517,-0.2539,3.41,0.987,0.997,1.000,0.715
S,0.8856,0.0085,0.4643,3.52,0.992,1.000,1.000,0.341
S,-0.6554,-0.6356,0.4080,3.50,0.978,0.988,0.998,0.932
S,0.0341,0.9969,-0.0708,9.69,1.000,0.965,0.865,0.856
S,-0.9273,-0.2470,-0.2813,6.18,0.827,0.897,1.000,0.428
S,0.4707,0.1048,-0.8761,3.99,0.829,0.899,1.000,0.711
S,-0.3968,0.8701,-0.2926,5.35,0.996,0.956,0.856,0.539
S,-0.3968,0.9096,0.1230,5.10,0.980,0.990,1.000,0.361
S,0.2409,0.8229,-0.5146,12.20,0.994,0.954,0.854,0.976
S,0.7238,0.5235,-0.4495,4.31,0.925,0.955,0.995,0.402
S,-0.8711,0.0296,-0.4903,3.55,0.976,0.986,0.996,0.940
S,0.1157,0.4996,-0.8585,4.48,0.975,0.985,0.995,0.523
S,-0.6309,-0.1245,0.7658,12.26,0.991,1.000,1.000,0.520
S,-0.2525,0.9222,0.2928,4.06,0.976,0.986,0.996,0.506
S,-0.4028,-0.8610,-0.3105,8.82,0.934,0.964,1.000,0.845
S,0.2975,-0.4938,0.8171,3.93,0.976,0.986,0.996,0.644
S,-0.6322,-0.1876,0.7518,3.42,1.000,0.964,0.864,0.457
S,0.5310,0.0842,0.8432,6.23,0.977,0.987,0.997,0.428
S,-0.7062,0.6490,-0.2832,14.05,0.978,0.988,0.998,0.943
S,0.5776,-0.6614,-0.4785,3.54,0.990,0.950,0.850,0.531
S,0.4926,-0.3206,-0.8091,3.49,0.925,0.955,0.995,0.359
S,0.0673,-0.8619,0.5025,3.49,0.988,0.998,1.000,0.805
S,-0.2247,0.3730,0.9002,3.40,0.974,0.984,0.994,0.924
S,-0.0145,0.9779,-0.2083,4.19,0.999,0.959,0.859,0.600
S,0.8038,-0.4479,0.3915,10.63,0.971,0.981,0.991,0.917
S,-0.1483,-0.9613,0.2323,14.21,0.971,0.981,0.991,0.989
S,0.1389,-0.9891,-0.0486,3.63,0.919,0.949,0.989,0.799
S,0.6581,-0.7522,-0.0313,8.61,0.985,0.995,1.000,0.931
S,-0.8070,-0.5621,-0.1810,8.96,0.979,0.989,0.999,0.561
S,0.3243,-0.6769,-0.6608,3.89,0.812,0.882,0.992,0.778
S,0.3026,0.3544,0.8848,3.40,0.996,0.956,0.856,0.419
S,-0.2653,-0.2010,-0.9430,5.11,0.994,0.954,0.854,0.351
S,-0.2821,-0.9542,-0.0998,4.02,0.825,0.895,1.000,0.392
S,-0.6117,-0.7064,-0.3562,10.84,0.970,0.980,0.990,0.556
S,-0.3161,-0.9460,0.0716,4.72,0.990,1.000,1.000,0.819
S,0.1469,0.0167,-0.9890,3.46,0.991,0.951,0.851,0.453
S,-0.2952,-0.9297,0.2200,3.40,0.981,0.991,1.000,0.515
S,-0.7481,-0.5761,0.3294,4.21,0.981,0.991,1.000,0.437
S,0.8810,-0.4696,-0.0575,3.41,0.970,0.980,0.990,0.864
S,0.4652,-0.7674,0.4413,6.28,1.000,0.967,0.867,0.534
S,0.9081,0.1669,-0.3841,6.02,0.817,0.887,0.997,0.542
S,0.3408,0.5988,-0.7247,4.97,0.983,0.993,1.000,0.935
S,-0.1311,-0.3987,-0.9077,6.99,0.981,0.991,1.000,0.355
S,0.4143,0.3091,0.8560,3.68,0.968,0.978,0.988,0.393
S,0.7091,0.5355,-0.4586,4.39,0.982,0.992,1.000,0.770
S,0.2000,0.5255,-0.8270,3.40,0.999,0.959,0.859,0.470
S,-0.0913,0.1199,-0.9886,3.41,0.979,0.989,0.999,0.377
S,-0.2505,-0.5376,-0.8051,3.40,0.991,0.951,0.851,0.347
S,-0.8096,-0.3551,0.4674,4.44,0.999,0.959,0.859,0.947
S,0.4807,0.2948,-0.8259,6.82,0.920,0.950,0.990,0.814
S,-0.6453,0.6397,0.4176,3.60,0.989,0.999,1.000,0.691
S,-0.7980,0.5789,0.1676,15.15,0.999,0.959,0.859,0.990
S,-0.5604,-0.2742,0.7815,3.41,0.817,0.887,0.997,0.350
S,-0.5878,-0.8000,-0.1206,7.89,0.828,0.898,1.000,0.358
S,-0.5572,-0.7494,0.3578,3.44,0.969,0.979,0.989,0.799
S,-0.2834,0.6159,0.7351,3.40,0.969,0.979,0.989,0.924
S,0.6644,-0.5485,-0.5077,3.40,1.000,0.969,0.869,0.394
S,0.9306,0.2480,-0.2690,3.43,1.000,0.965,0.865,0.520
S,0.4672,-0.8696,0.1598,4.85,0.981,0.991,1.000,0.900
S,0.3312,0.2830,-0.9001,3.40,0.973,0.983,0.993,0.566
S,0.9332,0.1403,0.3308,4.08,0.822,0.892,1.000,0.564
S,-0.2561,0.6763,0.6907,3.40,0.942,0.972,1.000,0.615
S,-0.9595,0.2784,-0.0431,3.40,1.000,0.966,0.866,0.343
S,0.8667,-0.4944,0.0661,3.46,0.817,0.887,0.997,0.342
S,-0.0658,-0.8915,0.4482,5.60,1.000,0.972,0.872,0.890
S,0.9944,0.0351,-0.0998,10.42,1.000,0.968,0.868,0.949
S,0.4960,-0.8065,0.3219,5.01,0.830,0.900,1.000,0.366
S,0.3243,0.8893,-0.3225,4.37,0.993,0.833,0.673,0.991
S,-0.8184,0.5296,0.2230,3.41,0.995,0.955,0.855,0.438
S,-0.5120,0.3626,0.7787,7.94,0.988,0.998,1.000,0.803
S,0.2208,-0.9346,-0.2789,5.71,0.971,0.981,0.991,0.342
S,0.8313,-0.5490,-0.0874,3.48,0.924,0.954,0.994,0.611
S,0.8824,0.2387,-0.4055,3.40,0.990,0.830,0.670,0.601
S,-0.5966,-0.0571,-0.8005,3.40,1.000,0.960,0.860,0.352
S,-0.1149,0.9078,-0.4034,3.44,0.977,0.987,0.997,0.970
S,-0.3518,-0.3526,0.8671,3.69,0.994,0.954,0.854,0.963
S,-0.4731,-0.5691,0.6725,12.72,1.000,0.962,0.862,0.609
S,-0.3771,-0.5093,-0.7736,3.40,0.981,0.991,1.000,0.810
S,-0.8379,-0.4937,-0.2329,9.92,0.817,0.887,0.997,0.974
S,0.7206,-0.3933,0.5710,3.41,0.930,0.960,1.000,0.352
S,0.2831,0.3105,-0.9074,3.41,0.989,0.949,0.849,0.809
S,-0.9469,0.3098,-0.0861,3.91,0.986,0.996,1.000,0.360
S,-0.3145,-0.8181,-0.4814,3.40,0.975,0.985,0.995,0.845
S,0.5249,-0.7014,-0.4822,6.00,1.000,0.960,0.860,0.848
S,0.0345,-0.9898,0.1382,3.40,0.999,0.959,0.859,0.846
S,0.5614,-0.7303,-0.3892,3.48,0.998,0.958,0.858,0.345
S,0.3171,0.9314,0.1788,3.47,0.811,0.881,0.991,0.568
S,0.3274,0.9346,0.1390,3.97,0.991,0.951,0.851,0.495
S,-0.8197,0.5706,0.0511,3.47,0.826,0.896,1.000,0.342
S,-0.4424,-0.4332,-0.7852,12.98,1.000,0.844,0.684,0.375
S,0.1852,0.6552,0.7324,3.40,0.972,0.982,0.992,0.888
S,-0.0897,0.1488,-0.9848,4.23,0.984,0.994,1.000,0.898
S,-0.3169,-0.6202,0.7176,3.41,1.000,0.972,0.872,0.444
S,0.7391,0.2116,0.6395,3.40,1.000,0.970,0.870,0.436
S,0.1630,-0.9858,-0.0407,7.17,0.999,0.959,0.859,0.845
S,0.8007,0.5594,-0.2143,12.62,1.000,0.963,0.863,0.538
S,0.8416,-0.3126,0.4405,6.34,0.983,0.993,1.000,0.978
S,0.0492,0.2312,-0.9717,16.14,1.000,0.842,0.682,0.373
S,0.3781,0.8914,-0.2501,3.40,0.828,0.898,1.000,0.340
S,0.9590,0.1510,-0.2396,3.46,1.000,0.841,0.681,0.834
S,0.9700,-0.2381,-0.0495,3.40,0.977,0.987,0.997,0.813
S,0.5804,-0.7911,-0.1931,3.48,1.000,0.961,0.861,0.991
S,0.4644,0.6507,0.6008,4.40,0.997,0.957,0.857,0.532
S,-0.2418,0.9458,-0.2170,4.27,0.977,0.987,0.997,0.340
S,-0.8822,0.0294,0.4699,3.59,0.991,0.951,0.851,0.440
S,-0.3863,0.9220,-0.0256,8.81,0.995,0.955,0.855,0.610
S,-0.3260,-0.8458,-0.4224,4.04,0.991,1.000,1.000,0.499
S,-0.3761,0.9203,-0.1072,6.63,0.974,0.984,0.994,0.516
S,0.5148,0.1149,0.8496,8.81,0.974,0.984,0.994,0.344
S,0.7011,0.1947,0.6860,8.33,0.978,0.988,0.998,0.809
S,0.4651,0.8636,-0.1947,4.51,0.979,0.989,0.999,0.678
S,-0.5953,-0.6407,-0.4850,3.40,0.990,1.000,1.000,0.363
S,-0.7517,0.5855,0.3035,3.40,0.997,0.957,0.857,0.447
S,0.8418,-0.3038,0.4462,3.40,0.990,1.000,1.000,0.575
S,-0.6204,0.5379,-0.5707,3.43,1.000,0.966,0.866,0.862
S,0.5582,0.0808,0.8257,3.40,0.815,0.885,0.995,0.394
S,-0.6462,0.4684,-0.6025,3.41,1.000,0.968,0.868,0.504
S,-0.2550,0.8704,0.4212,5.96,1.000,0.964,0.864,0.983
S,0.8227,-0.5316,0.2015,5.06,1.000,0.962,0.862,0.516
S,0.0514,0.4653,0.8837,3.86,0.968,0.978,0.988,0.554
S,0.2382,-0.4376,0.8671,4.59,0.991,1.000,1.000,0.958
S,-0.8424,0.4641,-0.2739,3.42,0.992,1.000,1.000,0.934
S,-0.1991,-0.8095,0.5523,4.65,0.973,0.983,0.993,0.874
S,-0.9852,-0.1228,0.1192,3.52,0.814,0.884,0.994,0.939
S,-0.6269,-0.4843,0.6103,5.68,1.000,0.963,0.863,0.646
S,0.4611,-0.7059,0.5377,3.41,0.922,0.952,0.992,0.426
S,0.5459,-0.5861,-0.5988,3.40,0.999,0.959,0.859,0.360
S,0.4132,-0.4238,-0.8060,4.53,0.998,0.958,0.858,0.988
S,0.3645,-0.1446,0.9199,3.41,0.984,0.994,1.000,0.630
S,-0.1153,0.9241,0.3644,3.64,0.980,0.990,1.000,0.692
S,0.6314,0.7686,-0.1027,3.56,1.000,0.965,0.865,0.462
S,0.4181,0.8479,0.3260,3.68,0.989,0.949,0.849,0.527
S,0.9062,-0.3999,-0.1374,3.40,0.985,0.995,1.000,0.355
S,0.6091,-0.7217,-0.3288,3.40,0.937,0.967,1.000,0.685
S,-0.3870,-0.3532,-0.8518,3.57,0.969,0.979,0.989,0.386
S,0.8472,0.4373,0.3017,3.40,0.919,0.949,0.989,0.938
S,0.1132,-0.9909,-0.0732,4.79,0.926,0.956,0.996,0.367
S,0.0479,-0.9785,-0.2006,8.00,1.000,0.971,0.871,0.696
S,0.1881,-0.8608,-0.4729,15.90,0.990,1.000,1.000,0.569
S,0.9323,-0.1125,-0.3437,5.24,0.972,0.982,0.992,0.506
S,-0.4207,-0.6390,0.6440,3.41,0.981,0.991,1.000,0.421
S,0.5809,0.6565,0.4811,4.49,0.817,0.887,0.997,0.611
S,0.5987,-0.7161,0.3588,3.40,0.987,0.997,1.000,0.985
S,-0.5847,0.6347,-0.5052,3.40,0.999,0.959,0.859,0.579
S,-0.9264,0.0759,-0.3688,4.69,0.808,0.878,0.988,0.939
S,-0.0938,-0.2740,0.9571,3.43,0.819,0.889,0.999,0.342
S,0.2205,-0.3211,-0.9210,12.03,0.968,0.978,0.988,0.560
S,0.1148,0.9661,-0.2311,11.82,0.975,0.985,0.995,0.510
S,0.9801,0.1975,0.0172,9.01,1.000,0.844,0.684,0.387
S,-0.0078,0.6241,0.7813,8.18,0.986,0.996,1.000,0.999
S,-0.0817,-0.2146,-0.9733,10.61,1.000,0.967,0.867,0.566
S,0.9541,0.1546,0.2565,3.57,0.974,0.984,0.994,0.626
S,-0.5680,0.5817,-0.5821,3.40,0.988,0.998,1.000,0.483
S,0.6270,0.7058,0.3298,3.40,0.830,0.900,1.000,0.771
S,0.7437,-0.6109,0.2716,3.53,0.993,0.953,0.853,0.593
S,-0.2429,-0.9517,-0.1879,5.02,1.000,0.961,0.861,0.539
S,0.8715,0.1582,0.4642,3.42,1.000,0.961,0.861,0.962
S,-0.2824,0.6089,0.7413,3.44,0.989,0.999,1.000,0.656
S,-0.8250,-0.0406,0.5637,3.95,1.000,0.842,0.682,0.342
S,-0.5798,0.5334,-0.6159,3.47,0.995,0.955,0.855,0.495
S,0.5730,-0.0047,0.8195,3.72,1.000,0.965,0.865,0.485
S,0.9483,0.1071,-0.2987,3.54,1.000,0.970,0.870,0.726
S,-0.7902,0.6090,0.0688,3.42,0.988,0.998,1.000,0.447
S,-0.3085,-0.5869,-0.7486,13.26,0.968,0.978,0.988,0.559
S,-0.9889,0.0545,-0.1379,3.40,0.989,0.999,1.000,0.554
S,0.5266,0.8240,0.2091,3.40,0.825,0.895,1.000,0.437
S,-0.5127,0.5078,-0.6923,10.07,0.809,0.879,0.989,0.405
S,0.9430,-0.0411,0.3304,7.07,0.986,0.996,1.000,0.781
S,-0.5409,-0.7771,0.3219,4.58,1.000,0.965,0.865,0.773
S,-0.5864,-0.7274,-0.3564,13.95,0.972,0.982,0.992,0.344
S,-0.1469,-0.9388,-0.3117,13.84,0.811,0.881,0.991,0.619
S,0.4258,0.8827,-0.1988,15.19,0.985,0.995,1.000,0.495
S,0.0889,0.6009,-0.7944,7.48,0.996,0.956,0.856,0.353
S,-0.0210,-0.9525,-0.3038,5.04,0.970,0.980,0.990,0.594
S,0.9639,-0.0462,-0.2622,13.30,0.988,0.948,0.848,0.660
S,-0.3270,0.3599,-0.8738,4.08,0.982,0.992,1.000,0.974
S,0.4400,-0.0004,-0.8980,3.40,0.997,0.957,0.857,0.358
S,-0.5225,-0.3222,-0.7894,4.04,0.995,0.835,0.675,0.347
S,-0.4139,-0.8638,0.2872,13.93,0.936,0.966,1.000,0.436
S,-0.5066,-0.5052,-0.6987,3.92,0.991,1.000,1.000,0.388
S,-0.7192,0.6418,0.2661,3.40,0.990,0.950,0.850,0.661
S,-0.8574,0.0998,-0.5048,6.58,0.997,0.957,0.857,0.418
S,-0.7962,0.6020,0.0607,16.06,0.999,0.959,0.859,0.460
S,0.7118,-0.3680,-0.5983,4.33,0.816,0.886,0.996,0.995
S,0.2855,-0.6816,0.6738,4.74,1.000,0.960,0.860,0.344
S,0.4527,-0.8735,0.1788,3.46,0.992,0.952,0.852,0.454
S,-0.0597,0.9865,-0.1526,3.41,0.989,0.949,0.849,0.477
S,0.6652,-0.6577,0.3535,7.43,0.819,0.889,0.999,0.469
S,-0.2516,-0.3409,-0.9058,3.40,0.990,0.950,0.850,0.411
S,0.1749,-0.9519,0.2515,6.47,0.972,0.982,0.992,0.836
S,-0.9038,-0.1718,0.3918,3.41,0.827,0.897,1.000,0.950
S,0.0521,-0.9604,-0.2737,5.34,0.989,0.999,1.000,0.445
S,0.1116,0.4642,0.8787,14.68,0.981,0.991,1.000,0.340
S,-0.7095,-0.0849,-0.6996,4.09,0.995,0.955,0.855,0.539
S,-0.4452,-0.5419,-0.7129,13.99,0.981,0.991,1.000,0.590
S,-0.3208,-0.8150,-0.4826,12.74,1.000,0.972,0.872,0.915
S,-0.5104,0.8244,0.2446,10.39,0.968,0.978,0.988,0.727
S,-0.9826,0.0206,-0.1845,3.45,0.979,0.989,0.999,0.920
S,-0.6784,-0.7066,-0.2013,9.06,0.808,0.878,0.988,0.679
S,0.7602,-0.5928,0.2660,7.66,0.996,0.956,0.856,0.978
S,0.5399,0.7427,-0.3961,4.25,1.000,0.849,0.689,0.562
S,-0.4931,-0.8700,0.0015,4.77,0.828,0.898,1.000,0.391
S,-0.8375,-0.4088,-0.3626,12.66,1.000,0.964,0.864,0.370
S,0.5751,-0.7733,0.2668,3.40,0.937,0.967,1.000,0.850
S,0.3722,0.2452,0.8952,8.17,1.000,0.960,0.860,0.751
S,-0.3792,0.9250,-0.0251,10.63,0.988,0.948,0.848,0.425
S,-0.8059,0.5648,-0.1774,7.85,0.969,0.979,0.989,0.881
S,-0.5637,0.8170,0.1218,5.25,0.978,0.988,0.998,0.475
S,0.0856,0.0437,0.9954,3.79,0.982,0.992,1.000,0.340
S,0.4657,-0.8848,0.0133,3.56,1.000,0.967,0.867,0.735
S,-0.3009,0.9334,0.1955,3.40,0.972,0.982,0.992,0.366
S,-0.3142,0.7807,-0.5401,3.54,1.000,0.968,0.868,0.978
S,-0.0160,0.6962,-0.7176,9.57,1.000,0.849,0.689,0.353
S,0.1377,0.0370,-0.9898,10.34,0.987,0.997,1.000,0.768
S,0.4830,0.6098,-0.6284,12.23,0.919,0.949,0.989,0.989
S,0.8656,0.1076,-0.4890,5.75,1.000,0.969,0.869,0.343
S,0.8796,0.3444,0.3282,10.69,0.825,0.895,1.000,0.383
S,0.4962,-0.6453,0.5808,3.40,0.984,0.994,1.000,0.962
S,-0.8534,-0.2647,0.4490,3.45,0.992,0.832,0.672,0.768
S,0.7746,0.3775,-0.5074,3.40,0.823,0.893,1.000,0.428
S,0.5703,-0.2185,0.7919,3.40,1.000,0.961,0.861,0.512
S,-0.9016,0.1282,-0.4131,3.40,0.978,0.988,0.998,0.464
S,-0.1102,0.9628,-0.2468,3.40,0.990,1.000,1.000,0.581
S,-0.9701,-0.2330,-0.0673,3.84,0.992,0.952,0.852,0.375
S,0.4090,0.4888,0.7706,3.40,0.825,0.895,1.000,0.368
S,0.2364,0.8290,0.5069,17.05,0.969,0.979,0.989,0.502
S,0.9769,-0.0943,-0.1916,3.52,0.993,0.953,0.853,0.615
S,0.0161,0.9705,-0.2407,3.40,1.000,0.971,0.871,0.349
S,-0.8028,-0.5297,-0.2736,3.42,0.822,0.892,1.000,0.710
S,-0.4547,0.3904,-0.8005,3.40,0.990,1.000,1.000,0.875
S,0.8702,-0.3649,-0.3310,3.44,1.000,0.962,0.862,0.450
S,-0.5779,0.5087,0.6382,4.39,0.997,0.957,0.857,0.656
S,-0.6070,-0.7946,-0.0139,5.64,0.995,0.955,0.855,0.417
S,0.1888,-0.2148,-0.9582,8.76,0.986,0.996,1.000,0.786
S,0.2368,-0.9597,-0.1510,3.49,0.999,0.839,0.679,0.804
S,0.8128,0.4591,-0.3587,4.56,1.000,0.961,0.861,0.528
S,-0.3332,0.8425,-0.4233,3.45,0.986,0.996,1.000,0.943
S,-0.0628,-0.2005,0.9777,12.25,0.919,0.949,0.989,0.342
S,0.4377,-0.8896,-0.1304,3.40,1.000,0.960,0.860,0.803
S,0.9340,0.2042,-0.2931,5.36,0.985,0.995,1.000,0.455
S,-0.9606,0.1961,-0.1971,4.50,0.992,1.000,1.000,0.483
S,-0.5055,-0.0778,0.8593,3.56,1.000,0.967,0.867,0.383
S,0.1666,-0.7729,0.6123,9.04,1.000,0.972,0.872,0.822
S,-0.4522,0.7340,-0.5067,3.40,1.000,0.960,0.860,0.341
S,0.3443,-0.5427,0.7661,12.15,0.990,1.000,1.000,0.536
S,-0.0369,-0.9819,0.1857,8.91,0.820,0.890,1.000,0.538
S,-0.0114,-0.9171,-0.3986,9.60,0.983,0.993,1.000,0.540
S,0.3155,0.6232,-0.7156,8.71,0.978,0.988,0.998,0.395
S,-0.2452,0.2250,-0.9430,5.63,0.997,0.957,0.857,0.677
S,0.4510,-0.7966,0.4025,3.83,0.986,0.996,1.000,0.626
S,-0.0068,0.6011,-0.7991,10.98,0.996,0.956,0.856,0.381
S,-0.3601,0.6757,0.6432,7.37,0.814,0.884,0.994,0.851
S,-0.9890,0.1219,0.0836,3.41,0.821,0.891,1.000,0.466
S,0.9371,-0.2880,0.1973,10.39,0.992,1.000,1.000,0.658
S,-0.4907,0.6322,-0.5996,5.59,0.987,0.997,1.000,0.466
S,-0.1197,0.0506,-0.9915,11.20,1.000,0.963,0.863,0.356
S,-0.7934,0.4324,-0.4284,14.75,0.990,1.000,1.000,0.375
S,0.4704,0.4747,-0.7438,12.20,0.997,0.957,0.857,0.569
S,0.4971,0.8648,0.0712,6.22,0.969,0.979,0.989,0.970
S,0.1966,0.5192,-0.8317,12.69,1.000,0.962,0.862,0.349
S,-0.2489,-0.8984,-0.3620,3.65,0.980,0.990,1.000,0.641
S,-0.3788,0.8373,-0.3942,4.39,0.989,0.999,1.000,0.615
S,-0.2192,-0.1786,0.9592,6.91,0.979,0.989,0.999,0.670
S,-0.4249,0.8155,-0.3930,8.08,0.984,0.994,1.000,0.344
S,0.9058,-0.3603,-0.2229,3.48,1.000,0.969,0.869,0.391
S,-0.3600,0.4875,-0.7955,6.10,1.000,0.967,0.867,0.454
S,-0.2109,-0.9736,-0.0867,4.73,0.978,0.988,0.998,0.950
S,0.1296,-0.0560,0.9900,3.99,0.992,0.952,0.852,0.743
S,-0.4402,-0.5401,0.7173,12.76,0.968,0.978,0.988,0.692
S,0.5439,0.7565,0.3633,3.40,0.993,0.953,0.853,0.438
S,0.3388,-0.8903,0.3043,4.67,0.991,1.000,1.000,0.359
S,0.7702,-0.5893,-0.2438,5.53,1.000,0.964,0.864,0.438
S,-0.9034,-0.4264,0.0459,15.83,0.982,0.992,1.000,0.864
S,0.1955,-0.4235,0.8846,3.43,0.828,0.898,1.000,0.449
S,0.9648,-0.2148,0.1517,5.22,0.974,0.984,0.994,0.901
S,-0.5533,0.7931,-0.2545,3.47,0.996,0.956,0.856,0.756
S,-0.0245,-0.6222,-0.7824,3.41,0.974,0.984,0.994,0.457
S,-0.3321,-0.6726,0.6613,4.31,1.000,0.965,0.865,0.818
S,0.6480,-0.2747,0.7104,3.51,0.823,0.893,1.000,0.411
S,-0.0787,-0.4796,-0.8740,5.58,1.000,0.967,0.867,0.910
S,0.3245,-0.9345,-0.1467,3.40,0.931,0.961,1.000,0.738
S,-0.4137,0.3488,-0.8409,4.67,1.000,0.971,0.871,0.801
S,0.7565,0.6255,-0.1913,3.40,0.990,0.950,0.850,0.342
S,0.5711,-0.7119,0.4086,13.10,0.923,0.953,0.993,0.525
S,0.8186,0.4198,-0.3921,3.79,0.974,0.984,0.994,0.594
S,-0.6022,-0.7969,-0.0473,3.48,0.987,0.997,1.000,0.726
S,0.0776,-0.8178,0.5702,3.40,1.000,0.965,0.865,0.471
S,0.7071,-0.2110,0.6749,4.17,0.991,0.951,0.851,0.479
S,0.5233,-0.1825,-0.8324,15.56,0.992,1.000,1.000,0.989
S,0.2437,-0.2214,0.9442,3.99,1.000,0.970,0.870,0.877
S,0.0963,-0.8772,0.4703,3.43,1.000,0.967,0.867,0.619
S,0.1679,0.0551,0.9843,6.66,0.940,0.970,1.000,0.537
S,-0.4153,-0.8681,0.2721,3.62,0.982,0.992,1.000,0.405
S,-0.7933,-0.4646,0.3935,8.76,1.000,0.968,0.868,0.377
S,-0.7597,-0.3660,-0.5375,6.38,0.978,0.988,0.998,0.505
S,-0.4796,0.0002,-0.8775,3.40,0.969,0.979,0.989,0.602
S,0.4203,0.1564,-0.8938,3.52,0.988,0.998,1.000,0.518
S,0.6722,-0.4576,0.5820,3.46,0.992,1.000,1.000,0.496
S,-0.2229,-0.5152,0.8276,7.11,0.991,0.831,0.671,0.575
S,-0.3703,-0.3262,-0.8698,8.17,1.000,0.962,0.862,0.634
S,-0.1469,0.7794,-0.6090,3.40,0.978,0.988,0.998,0.725
S,0.0263,0.5289,-0.8483,9.32,0.830,0.900,1.000,0.474
S,-0.7828,0.6064,0.1399,4.67,0.988,0.998,1.000,0.343
S,-0.9852,0.0053,0.1711,3.40,0.809,0.879,0.989,0.949
S,0.2208,-0.9498,0.2215,7.53,1.000,0.971,0.871,0.810
S,0.3390,-0.9326,-0.1237,3.40,0.994,0.954,0.854,0.440
S,0.0164,-0.8317,-0.5550,3.87,0.923,0.953,0.993,0.847
S,0.2938,-0.9500,0.1058,5.90,0.974,0.984,0.994,0.529
S,0.9609,-0.2765,-0.0110,3.42,1.000,0.964,0.864,0.890
S,0.7995,0.4589,-0.3875,11.09,0.986,0.996,1.000,0.737
S,0.3114,0.5539,-0.7721,3.44,0.942,0.972,1.000,0.577
S,-0.9994,-0.0288,0.0181,10.13,0.977,0.987,0.997,0.948
S,-0.1367,-0.8987,-0.4168,6.45,0.975,0.985,0.995,0.342
S,0.2854,-0.6574,0.6974,4.74,1.000,0.964,0.864,0.356
S,-0.4407,0.8666,0.2341,4.08,1.000,0.846,0.686,0.630
S,-0.1384,-0.9671,0.2135,4.12,0.975,0.985,0.995,0.749
S,0.0814,-0.5504,0.8309,3.40,0.829,0.899,1.000,0.436
S,0.9632,0.2091,0.1690,7.02,0.999,0.959,0.859,0.369
S,-0.3527,-0.7388,-0.5743,3.85,1.000,0.962,0.862,0.720
S,-0.1537,0.0352,-0.9875,15.94,0.826,0.896,1.000,0.780
S,0.0652,0.5541,-0.8299,3.59,0.987,0.997,1.000,0.397
S,0.5161,0.8553,0.0450,5.13,0.992,0.952,0.852,0.533
S,0.6029,-0.7978,-0.0024,9.93,0.975,0.985,0.995,0.535
S,0.1520,-0.6895,0.7082,4.27,0.994,0.954,0.854,0.675
S,-0.1151,0.5161,-0.8488,4.10,0.829,0.899,1.000,0.734
S,-0.6980,-0.1143,-0.7070,3.42,1.000,0.961,0.861,0.688
S,-0.2918,-0.2886,-0.9119,7.89,0.992,0.952,0.852,0.367
S,0.6946,-0.6215,-0.3623,12.55,0.985,0.995,1.000,0.568
S,0.1031,-0.5928,-0.7987,3.40,0.986,0.996,1.000,0.421
S,0.1713,0.3182,-0.9324,3.78,0.989,0.949,0.849,0.631
S,-0.0425,0.8245,-0.5642,3.62,0.974,0.984,0.994,0.347
S,0.5463,-0.5889,-0.5957,15.93,0.969,0.979,0.989,0.661
S,-0.3454,-0.9383,0.0145,15.72,1.000,0.961,0.861,0.879
S,-0.2527,0.7888,0.5603,3.43,0.813,0.883,0.993,0.557
S,0.9816,-0.1075,0.1580,4.45,0.969,0.979,0.989,0.881
S,0.6870,0.6853,-0.2414,3.81,0.985,0.995,1.000,0.569
S,-0.1795,-0.2879,0.9407,10.43,0.985,0.995,1.000,0.367
S,0.2481,-0.2270,-0.9418,7.57,0.812,0.882,0.992,0.770
S,0.2706,-0.8936,0.3581,3.53,0.984,0.994,1.000,0.831
S,-0.2560,-0.3827,0.8877,8.03,0.817,0.887,0.997,0.340
S,0.2399,-0.6806,-0.6922,7.12,0.973,0.983,0.993,0.423
S,-0.9224,-0.2492,0.2951,9.14,0.989,0.999,1.000,0.361
S,-0.8901,0.4557,0.0062,4.77,0.985,0.995,1.000,0.355
S,-0.8956,0.0849,-0.4367,3.40,0.996,0.956,0.856,0.930
S,-0.6459,-0.6823,0.3423,4.86,0.936,0.966,1.000,0.677
S,0.8256,-0.4407,0.3523,5.95,0.980,0.990,1.000,0.501
S,0.3386,-0.2965,-0.8930,6.62,0.974,0.984,0.994,0.552
S,-0.2032,-0.4557,0.8666,6.60,1.000,0.962,0.862,0.862
S,0.0018,0.9756,0.2196,4.56,1.000,0.969,0.869,0.441
S,0.8983,-0.4058,0.1686,9.02,0.824,0.894,1.000,0.669
S,0.8770,-0.2738,0.3947,3.40,0.990,0.950,0.850,0.814
S,0.6110,-0.7311,-0.3036,5.94,0.923,0.953,0.993,0.912
S,0.1659,0.8382,0.5196,6.71,0.994,0.954,0.854,0.817
S,0.5873,-0.6764,-0.4444,3.40,1.000,0.962,0.862,0.925
S,-0.0379,-0.8041,-0.5932,3.41,0.918,0.948,0.988,0.824
S,0.8734,0.3798,-0.3047,3.41,0.990,1.000,1.000,0.432
S,-0.6538,0.1079,-0.7489,3.51,1.000,0.962,0.862,0.411
S,-0.0123,0.9191,-0.3939,10.63,0.990,0.950,0.850,0.830
S,0.2546,0.4511,0.8554,4.34,0.987,0.997,1.000,0.742
S,0.6089,-0.6315,-0.4801,13.04,0.987,0.997,1.000,0.385
S,0.4471,-0.0386,-0.8937,5.34,0.991,0.951,0.851,0.440
S,-0.7662,0.6425,-0.0097,3.85,0.998,0.958,0.858,0.931
S,-0.8858,-0.3922,0.2482,3.40,0.809,0.879,0.989,0.733
S,-0.4941,-0.8694,0.0057,3.40,0.812,0.882,0.992,0.529
S,0.1733,-0.9788,0.1092,3.43,1.000,0.843,0.683,0.574
S,0.7362,-0.2393,0.6331,3.51,0.983,0.993,1.000,0.467
S,-0.8328,0.2314,0.5029,4.03,0.927,0.957,0.997,0.579
S,0.9805,-0.0665,0.1847,3.40,0.974,0.984,0.994,0.589
S,0.7901,-0.3666,0.4912,3.50,0.988,0.998,1.000,0.850
S,0.1412,0.7506,-0.6455,8.23,0.976,0.986,0.996,0.355
S,0.3715,0.7381,0.5632,14.27,0.830,0.900,1.000,0.344
S,-0.4655,-0.5559,-0.6887,5.50,0.972,0.982,0.992,0.479
S,-0.2482,-0.9550,-0.1623,6.86,0.817,0.887,0.997,0.521
S,-0.1734,-0.5283,-0.8312,3.63,0.969,0.979,0.989,0.372
S,-0.7479,0.2464,0.6164,3.49,1.000,0.967,0.867,0.475
S,0.9588,-0.2141,0.1867,3.40,0.968,0.978,0.988,0.556
S,0.2368,-0.0150,-0.9714,14.73,1.000,0.972,0.872,0.825
S,-0.4571,-0.8517,0.2561,8.58,0.811,0.881,0.991,0.431
S,-0.3852,0.8812,-0.2740,3.44,0.977,0.987,0.997,0.916
S,-0.2718,0.8037,0.5294,7.82,0.992,0.952,0.852,0.659
S,0.3834,0.2064,0.9002,6.66,0.937,0.967,1.000,0.675
S,-0.2893,-0.9563,0.0428,9.48,0.979,0.989,0.999,0.672
S,0.3861,0.7599,0.5230,6.55,0.988,0.998,1.000,0.353
S,-0.7167,0.5332,-0.4496,3.52,1.000,0.962,0.862,0.349
S,-0.8451,0.3707,0.3852,4.70,0.979,0.989,0.999,0.453
S,0.6587,-0.0003,0.7524,6.76,0.992,0.952,0.852,0.645
S,-0.4045,0.6233,-0.6692,3.40,0.992,1.000,1.000,0.343
S,-0.8927,0.4058,0.1958,6.02,0.979,0.989,0.999,0.344
S,-0.8129,0.4966,-0.3041,14.88,0.978,0.988,0.998,0.415
S,-0.5811,-0.6886,-0.4339,4.01,0.985,0.995,1.000,0.413
S,-0.5942,0.3870,-0.7051,4.47,0.982,0.992,1.000,0.989
S,-0.5325,-0.8045,0.2631,3.42,0.982,0.992,1.000,0.684
S,-0.6654,-0.7084,-0.2356,3.50,0.996,0.836,0.676,0.390
S,0.7463,0.6653,-0.0205,14.51,1.000,0.847,0.687,0.745
S,0.6740,0.5955,-0.4371,3.57,0.825,0.895,1.000,0.713
S,-0.5314,0.8422,0.0910,8.64,1.000,0.970,0.870,0.542
S,0.2491,-0.7767,-0.5786,3.49,0.987,0.997,1.000,0.425
S,0.5514,0.8295,0.0887,3.40,1.000,0.964,0.864,0.734
S,0.6954,0.3420,0.6321,5.19,0.970,0.980,0.990,0.342
S,-0.5263,-0.8455,0.0905,3.59,0.978,0.988,0.998,0.340
S,-0.4862,0.8687,-0.0944,15.97,1.000,0.972,0.872,0.765
S,-0.0492,-0.4072,0.9120,3.40,0.979,0.989,0.999,0.796
S,-0.5827,0.7215,-0.3741,14.48,0.974,0.984,0.994,0.595
S,-0.9313,-0.0953,0.3516,3.42,0.971,0.981,0.991,0.598
S,0.3567,-0.1358,0.9243,6.46,0.929,0.959,0.999,0.640
S,-0.3905,0.8759,0.2834,3.53,0.971,0.981,0.991,0.766
S,-0.3976,0.9002,0.1775,3.41,0.823,0.893,1.000,0.469
S,0.9280,-0.3426,-0.1461,8.34,1.000,0.842,0.682,0.483
S,-0.1484,0.9534,-0.2627,3.45,0.973,0.983,0.993,0.393
S,0.0025,-0.7915,0.6112,6.58,0.821,0.891,1.000,0.895
S,0.3367,-0.5934,-0.7311,3.40,0.825,0.895,1.000,0.878
S,-0.1259,0.5922,0.7959,3.41,0.815,0.885,0.995,0.960
S,0.3199,0.5426,-0.7767,9.64,1.000,0.965,0.865,0.444
S,0.7810,0.6082,-0.1420,3.66,0.977,0.987,0.997,0.432
S,-0.4062,0.8138,0.4156,5.57,0.997,0.957,0.857,0.547
S,0.2725,0.4594,0.8454,4.71,1.000,0.972,0.872,0.935
S,-0.8273,0.1564,0.5396,3.76,0.935,0.965,1.000,0.347
S,-0.7977,-0.1970,0.5700,4.08,0.999,0.959,0.859,0.400
S,0.1552,0.6113,0.7760,3.44,0.981,0.991,1.000,0.346
S,-0.7025,0.6917,-0.1675,15.23,0.831,0.901,1.000,0.851
S,0.9046,0.4188,0.0792,7.83,0.828,0.898,1.000,0.750
S,0.7328,0.0072,0.6805,3.40,0.973,0.983,0.993,0.520
S,0.0415,0.9974,-0.0591,8.47,0.981,0.991,1.000,0.593
S,-0.9161,-0.3238,0.2364,7.11,0.995,0.955,0.855,0.806
S,0.7119,-0.6399,-0.2894,3.41,1.000,0.968,0.868,0.624
S,-0.3322,-0.7904,-0.5147,13.10,0.982,0.992,1.000,0.829
S,0.3831,0.7265,0.5705,3.42,1.000,0.960,0.860,0.451
S,0.8573,-0.2989,0.4192,3.40,0.832,0.902,1.000,0.409
S,-0.5181,0.8469,-0.1197,3.48,1.000,0.962,0.862,0.432
S,0.3980,-0.5128,-0.7607,3.41,0.991,0.951,0.851,0.357
S,-0.6738,-0.4834,-0.5589,3.41,0.930,0.960,1.000,0.434
S,-0.5339,0.6180,0.5770,3.41,0.981,0.991,1.000,0.870
S,0.7766,0.0899,0.6235,3.47,0.981,0.991,1.000,0.402
S,-0.7121,0.5183,0.4736,5.49,0.997,0.957,0.857,0.552
S,0.1002,0.2070,-0.9732,3.42,0.988,0.828,0.668,0.623
S,-0.7912,-0.4939,-0.3607,12.75,0.972,0.982,0.992,0.436
S,0.0421,0.8578,-0.5122,3.51,0.989,0.949,0.849,0.380
S,-0.4522,0.6572,0.6030,7.63,0.830,0.900,1.000,0.651
S,0.2990,-0.0261,-0.9539,3.56,0.812,0.882,0.992,0.640
S,0.3527,0.9152,-0.1951,3.56,0.969,0.979,0.989,0.493
S,-0.5265,0.6049,-0.5974,3.52,0.971,0.981,0.991,0.429
S,-0.3458,0.4299,-0.8341,3.40,0.981,0.991,1.000,0.344
S,0.6588,-0.7523,0.0072,15.06,0.974,0.984,0.994,0.340
S,-0.3718,0.8349,-0.4059,3.48,1.000,0.972,0.872,0.386
S,0.1957,-0.3229,-0.9260,4.44,0.970,0.980,0.990,0.789
S,-0.5644,-0.6896,0.4537,3.79,0.970,0.980,0.990,0.566
S,-0.8984,0.2431,-0.3658,5.67,0.981,0.991,1.000,0.760
S,0.7410,-0.4303,-0.5155,3.40,0.996,0.956,0.856,0.591
S,0.6956,-0.6741,-0.2487,3.40,0.819,0.889,0.999,0.476
S,0.0359,-0.9532,-0.3001,4.76,0.999,0.959,0.859,0.658
S,0.9909,-0.0793,-0.1088,4.13,0.977,0.987,0.997,0.344
S,-0.3294,0.8308,-0.4487,3.43,0.987,0.997,1.000,0.662
S,-0.1602,-0.3288,0.9307,13.66,0.981,0.991,1.000,0.345
S,0.9265,-0.3213,0.1959,7.81,0.978,0.988,0.998,0.748
S,-0.5117,0.7485,0.4218,3.40,0.830,0.900,1.000,0.418
S,0.5738,0.7771,-0.2584,8.06,0.983,0.993,1.000,0.970
S,-0.0046,-0.3242,-0.9460,5.13,0.991,0.951,0.851,0.437
S,-0.5311,-0.7742,0.3444,11.53,1.000,0.846,0.686,0.392
S,0.8039,0.5932,0.0428,5.60,0.974,0.984,0.994,0.830
S,-0.1468,-0.8212,0.5515,3.89,0.977,0.987,0.997,0.341
S,-0.4677,-0.5922,0.6562,3.40,0.995,0.955,0.855,0.738
S,0.6122,-0.4868,-0.6231,3.42,0.938,0.968,1.000,0.475
S,-0.4217,-0.7618,0.4917,3.40,0.968,0.978,0.988,0.568
S,0.1612,0.8714,-0.4633,3.41,0.997,0.957,0.857,0.377
S,0.9212,0.3317,0.2035,4.66,0.940,0.970,1.000,0.714
S,0.1435,-0.6325,-0.7611,3.99,0.928,0.958,0.998,0.572
S,-0.9670,-0.2183,0.1313,13.85,0.973,0.983,0.993,0.420
S,-0.0379,0.0083,-0.9992,3.88,0.992,0.952,0.852,0.860
S,0.6754,0.6840,0.2757,13.27,0.995,0.955,0.855,0.647
S,-0.9522,-0.2940,0.0830,15.56,1.000,0.968,0.868,0.905
S,-0.5070,-0.6370,-0.5806,3.78,0.998,0.958,0.858,0.344
S,-0.7477,-0.5821,0.3196,3.40,0.998,0.958,0.858,0.371
S,-0.3835,0.9027,-0.1949,6.94,0.995,0.955,0.855,0.524
S,-0.7312,0.3585,0.5804,3.58,0.942,0.972,1.000,0.544
S,0.4025,-0.4474,-0.7987,3.45,0.999,0.959,0.859,0.765
S,0.3832,0.4886,-0.7839,3.40,0.925,0.955,0.995,0.532
S,0.1258,0.9759,0.1785,4.05,0.969,0.979,0.989,0.461
S,-0.3707,0.9009,0.2259,7.66,0.813,0.883,0.993,0.581
S,-0.7769,0.5773,0.2514,4.24,0.982,0.992,1.000,0.876
S,-0.8589,0.4543,0.2364,3.40,0.811,0.881,0.991,0.435
S,0.2823,-0.7657,0.5779,4.42,0.985,0.995,1.000,0.374
S,-0.8346,0.3711,-0.4071,6.07,0.982,0.992,1.000,0.850
S,0.3459,-0.1145,-0.9312,8.29,0.992,0.952,0.852,0.446
S,-0.0521,-0.9979,-0.0388,12.49,0.932,0.962,1.000,0.342
S,0.8667,-0.3566,0.3489,3.55,1.000,0.966,0.866,0.400
S,-0.8778,-0.4763,-0.0506,3.73,0.820,0.890,1.000,0.352
S,0.0765,0.4429,0.8933,3.41,0.977,0.987,0.997,0.695
S,0.0864,0.8728,0.4804,3.42,0.922,0.952,0.992,0.977
S,-0.1443,-0.0175,0.9894,4.60,0.999,0.959,0.859,0.730
S,-0.3215,0.0795,-0.9436,6.45,0.920,0.950,0.990,0.502
S,0.8346,0.2421,0.4948,15.93,0.998,0.958,0.858,0.341
S,0.3202,0.1574,0.9342,6.23,1.000,0.851,0.691,0.484
S,-0.8879,0.3163,-0.3341,3.69,0.977,0.987,0.997,0.440
S,-0.2485,-0.3666,-0.8966,3.40,0.831,0.901,1.000,0.645
S,-0.9297,0.1852,0.3185,7.34,0.978,0.988,0.998,0.346
S,0.8318,-0.4937,0.2537,8.97,0.988,0.828,0.668,0.342
S,0.1162,0.5628,0.8184,7.58,0.811,0.881,0.991,0.836
S,0.2515,0.2449,0.9364,6.73,0.970,0.980,0.990,0.358
S,-0.3593,0.9224,-0.1419,4.42,0.934,0.964,1.000,0.925
S,-0.7116,-0.3860,-0.5871,4.31,0.988,0.948,0.848,0.420
S,0.3278,-0.9152,-0.2344,4.35,1.000,0.968,0.868,0.404
S,-0.2936,0.8645,-0.4080,3.87,1.000,0.969,0.869,0.426
S,-0.5671,-0.4497,0.6901,3.44,1.000,0.968,0.868,0.353
S,0.2176,-0.8228,0.5250,7.85,0.992,1.000,1.000,0.741
S,-0.8813,-0.2851,-0.3768,3.54,0.932,0.962,1.000,0.581
S,0.2101,-0.9065,0.3662,3.94,0.969,0.979,0.989,0.431
S,0.1470,0.9030,-0.4037,11.97,0.992,1.000,1.000,0.380
S,-0.8915,-0.4457,0.0808,14.19,0.977,0.987,0.997,0.453
S,0.8037,0.0263,-0.5945,16.23,1.000,0.969,0.869,0.353
S,0.9193,-0.1737,-0.3531,3.41,0.969,0.979,0.989,0.545
S,0.7877,-0.3495,0.5073,3.42,0.825,0.895,1.000,0.806
S,0.6566,0.3132,0.6861,13.38,0.977,0.987,0.997,0.762
S,-0.6446,0.7184,0.2616,16.82,0.975,0.985,0.995,0.723
S,0.5423,-0.7820,-0.3071,9.72,0.974,0.984,0.994,0.378
S,-0.5663,-0.2372,0.7893,3.59,0.815,0.885,0.995,0.355
S,-0.1495,0.8233,0.5475,4.05,1.000,0.966,0.866,0.948
S,0.6192,0.7794,0.0960,3.41,1.000,0.971,0.871,0.413
S,0.8220,-0.2499,0.5117,3.40,0.982,0.992,1.000,0.885
S,0.9847,-0.1369,0.1078,16.61,0.814,0.884,0.994,0.595
S,-0.4151,0.3639,-0.8338,3.40,1.000,0.966,0.866,0.958
S,0.5426,-0.1947,-0.8171,3.76,0.984,0.994,1.000,0.442
S,0.6968,0.1739,0.6958,3.43,0.937,0.967,1.000,0.349
S,-0.0173,0.6301,0.7763,15.15,0.974,0.984,0.994,0.439
S,-0.0488,-0.2110,-0.9763,4.18,1.000,0.966,0.866,0.946
S,0.7816,0.5196,-0.3452,3.50,0.982,0.992,1.000,0.601
S,0.9794,0.2019,-0.0028,8.35,0.814,0.884,0.994,0.441
S,0.3152,0.4127,-0.8546,3.52,0.972,0.982,0.992,0.415
S,0.6769,-0.4433,-0.5876,3.90,1.000,0.969,0.869,0.766
S,-0.2590,-0.0680,0.9635,3.40,0.977,0.987,0.997,0.506
S,0.6918,0.7054,-0.1545,4.66,0.974,0.984,0.994,0.350
S,0.5632,0.7091,0.4241,3.40,1.000,0.968,0.868,0.903
S,-0.8335,0.2809,-0.4758,3.41,0.979,0.989,0.999,0.341
S,0.3527,0.8214,0.4483,4.91,0.992,0.952,0.852,0.585
S,-0.1351,-0.6728,-0.7274,12.26,1.000,0.971,0.871,0.347
S,-0.4278,0.0468,-0.9026,3.42,0.970,0.980,0.990,0.789
S,0.4441,-0.8057,-0.3920,3.48,0.985,0.995,1.000,0.697
S,0.7889,0.3056,0.5331,3.40,0.989,0.949,0.849,0.359
S,0.7272,-0.6406,0.2468,3.54,0.975,0.985,0.995,0.945
S,-0.4645,-0.8315,-0.3049,8.94,0.976,0.986,0.996,0.519
S,0.8292,-0.3436,0.4408,15.47,0.973,0.983,0.993,0.855
S,-0.9187,0.3759,-0.1210,12.74,0.975,0.985,0.995,0.414
S,-0.4275,0.6503,-0.6280,3.40,0.969,0.979,0.989,0.614
S,0.0849,-0.9962,-0.0170,4.52,0.968,0.978,0.988,0.544
S,0.8297,-0.4918,-0.2641,4.43,1.000,0.968,0.868,0.518
S,0.8596,-0.4345,0.2689,3.40,0.976,0.986,0.996,0.780
S,0.7136,0.6764,-0.1822,3.40,0.990,1.000,1.000,0.790
S,-0.8029,-0.2836,-0.5244,7.00,0.811,0.881,0.991,0.380
S,0.3951,0.8647,-0.3102,7.61,0.823,0.893,1.000,0.763
S,-0.8366,0.3572,-0.4154,6.27,0.972,0.982,0.992,0.519
S,0.0522,0.8720,0.4867,3.43,0.991,1.000,1.000,0.817
S,0.1100,0.9729,0.2035,3.57,1.000,0.962,0.862,0.860
S,-0.9962,0.0122,-0.0864,3.59,0.976,0.986,0.996,0.666
S,0.8426,-0.5267,-0.1123,12.82,0.979,0.989,0.999,0.342
S,0.3231,-0.9434,-0.0747,3.40,0.995,0.955,0.855,0.551
S,0.8099,-0.4923,-0.3189,5.26,0.991,0.951,0.851,0.747
S,0.1784,-0.3975,-0.9001,3.43,0.819,0.889,0.999,0.754
S,-0.3131,-0.9473,0.0675,9.78,0.995,0.835,0.675,0.384
S,-0.9738,0.2018,-0.1045,5.08,0.986,0.996,1.000,0.340
S,0.0329,-0.9975,0.0619,3.77,0.971,0.981,0.991,0.871
S,-0.4256,0.8100,-0.4033,16.33,0.993,0.953,0.853,0.902
S,0.3142,0.2026,-0.9275,3.41,0.990,1.000,1.000,0.730
S,-0.2403,-0.9706,0.0142,3.40,1.000,0.965,0.865,0.785
S,0.2133,0.5322,0.8193,6.15,0.997,0.957,0.857,0.350
S,0.7306,0.0261,-0.6823,3.40,0.990,0.830,0.670,0.343
S,-0.9780,0.1212,0.1696,7.64,0.985,0.995,1.000,0.374
S,-0.7371,0.5793,0.3481,3.42,0.982,0.992,1.000,0.965
S,-0.0064,-0.9802,-0.1980,7.68,0.988,0.998,1.000,0.366
S,-0.6660,-0.4407,0.6019,10.20,0.936,0.966,1.000,0.890
S,-0.0847,0.7536,0.6519,5.51,0.986,0.996,1.000,0.548
S,-0.2250,0.9215,-0.3167,4.12,0.977,0.987,0.997,0.398
S,0.7168,-0.2508,-0.6506,5.78,0.970,0.980,0.990,0.952
S,0.5359,-0.1384,0.8328,4.11,0.820,0.890,1.000,0.838
S,-0.7020,0.0231,0.7118,3.41,0.975,0.985,0.995,0.557
S,-0.5297,-0.3564,0.7697,3.59,0.987,0.997,1.000,0.545
S,-0.1945,-0.1872,-0.9629,3.40,0.817,0.887,0.997,0.381
S,0.7303,0.2876,0.6197,4.30,0.971,0.981,0.991,0.362
S,-0.5045,0.5880,0.6323,3.43,0.981,0.991,1.000,0.765
S,-0.0249,0.2322,0.9724,5.16,0.983,0.993,1.000,0.647
S,0.6296,0.7538,0.1883,4.92,0.983,0.993,1.000,0.554
S,0.6664,0.6050,-0.4358,13.29,0.922,0.952,0.992,0.927
S,0.3822,-0.4819,0.7885,3.40,0.974,0.984,0.994,0.376
S,-0.4844,0.8176,0.3113,3.60,0.972,0.982,0.992,0.719
S,-0.4457,0.8760,-0.1845,11.49,0.969,0.979,0.989,0.536
S,0.6296,-0.3838,-0.6755,3.40,0.991,0.951,0.851,0.463
S,-0.4196,-0.7317,-0.5372,4.26,0.988,0.998,1.000,0.924
S,0.0078,0.7316,0.6817,9.62,1.000,0.967,0.867,0.712
S,-0.8833,-0.0536,-0.4657,3.59,0.995,0.955,0.855,0.350
S,0.4913,-0.1807,0.8520,9.33,0.919,0.949,0.989,0.694
S,-0.6565,-0.7217,-0.2195,3.40,0.999,0.959,0.859,0.704
S,0.9565,-0.2826,-0.0722,3.40,0.982,0.992,1.000,0.963
S,0.9731,0.1188,0.1973,3.80,0.991,0.951,0.851,0.400
S,0.7041,-0.4515,0.5480,5.62,1.000,0.968,0.868,0.395
S,0.5114,-0.2888,-0.8094,3.40,0.942,0.972,1.000,0.491
S,0.4369,0.8392,-0.3240,9.83,0.994,0.954,0.854,0.587
S,0.2037,0.4502,-0.8694,7.15,0.823,0.893,1.000,0.340
S,0.1066,0.9143,0.3907,3.50,0.817,0.887,0.997,0.467
S,-0.0984,0.4133,0.9053,3.98,0.968,0.978,0.988,0.908
S,0.5455,-0.6741,-0.4980,3.43,0.975,0.985,0.995,0.567
S,0.7961,-0.5904,0.1332,3.40,0.820,0.890,1.000,0.676
S,0.9146,0.1964,-0.3535,17.37,1.000,0.967,0.867,0.562
S,-0.2063,0.1507,0.9668,3.40,0.925,0.955,0.995,0.686
S,-0.4579,-0.8474,-0.2686,3.40,0.980,0.990,1.000,0.414
S,-0.1541,0.2332,-0.9602,3.42,0.995,0.955,0.855,0.749
S,-0.1712,-0.3423,-0.9239,6.73,0.992,0.952,0.852,0.632
S,-0.4532,0.4046,0.7943,4.67,1.000,0.964,0.864,0.547
S,-0.8157,0.5784,-0.0023,3.40,0.979,0.989,0.999,0.480
S,-0.3894,-0.6927,0.6071,8.04,0.968,0.978,0.988,0.366
S,-0.9240,-0.3244,-0.2024,3.87,0.921,0.951,0.991,0.359
S,0.0901,-0.0268,0.9956,3.40,0.970,0.980,0.990,0.555
S,-0.9326,0.3094,-0.1860,15.61,0.939,0.969,1.000,0.457
S,-0.5862,0.7720,-0.2459,15.76,0.989,0.999,1.000,0.343
S,0.0058,-0.2608,-0.9654,3.56,0.990,0.950,0.850,0.937
S,-0.0536,-0.9022,0.4279,15.50,1.000,0.966,0.866,0.454
S,0.0491,0.1446,0.9883,3.43,0.975,0.985,0.995,0.477
S,0.5377,-0.7727,0.3373,6.16,0.989,0.999,1.000,0.833
S,-0.6628,-0.0915,-0.7432,9.73,0.993,0.953,0.853,0.362
S,-0.5117,0.7620,-0.3969,3.41,0.973,0.983,0.993,0.429
S,0.1869,-0.1721,0.9672,3.47,0.820,0.890,1.000,0.396
S,0.7554,0.6429,-0.1262,5.97,0.971,0.981,0.991,0.975
S,0.4868,-0.7510,-0.4461,15.50,0.988,0.998,1.000,0.415
S,0.8021,-0.4348,-0.4093,3.48,0.920,0.950,0.990,0.795
S,0.3613,-0.7992,-0.4803,9.44,1.000,0.961,0.861,0.862
S,-0.0136,-0.9830,0.1831,3.56,1.000,0.966,0.866,0.683
S,-0.4258,-0.6980,0.5757,6.66,0.978,0.988,0.998,0.340
S,-0.4661,0.2228,-0.8562,3.57,1.000,0.969,0.869,0.716
S,-0.8897,0.2643,0.3723,20.77,0.999,0.959,0.859,0.718
S,0.2405,-0.3802,-0.8931,4.25,0.976,0.986,0.996,0.608
S,-0.0170,-0.4043,0.9145,5.29,1.000,0.960,0.860,0.724
S,0.6967,0.1349,-0.7046,4.80,0.928,0.958,0.998,0.549
S,-0.8431,-0.2210,0.4903,3.40,1.000,0.970,0.870,0.426
S,0.5017,-0.5079,0.7002,7.20,0.980,0.990,1.000,0.340
S,0.2469,-0.2298,0.9414,12.09,0.981,0.991,1.000,0.548
S,-0.1974,-0.8201,-0.5371,3.40,0.974,0.984,0.994,0.358
S,-0.9049,-0.4252,0.0171,4.45,0.998,0.958,0.858,0.630
S,0.4400,0.8013,-0.4053,3.47,0.995,0.955,0.855,0.756
S,-0.8773,-0.1456,-0.4573,12.48,1.000,0.966,0.866,0.896
S,-0.8086,-0.3864,0.4436,4.35,1.000,0.967,0.867,0.848
S,-0.9240,-0.1499,0.3519,4.82,0.815,0.885,0.995,0.712
S,-0.9848,-0.0643,0.1616,7.06,0.969,0.979,0.989,0.412
S,0.1015,-0.1229,-0.9872,3.53,1.000,0.845,0.685,0.504
S,-0.0707,-0.6552,-0.7521,3.43,0.820,0.890,1.000,0.384
S,-0.8284,-0.2727,0.4894,12.29,0.981,0.991,1.000,0.853
S,-0.7635,-0.1623,0.6250,7.07,0.979,0.989,0.999,0.916
S,0.1182,-0.9244,0.3626,3.48,1.000,0.966,0.866,0.415
S,-0.0827,-0.4539,0.8872,4.98,0.824,0.894,1.000,0.385
S,-0.3524,0.3386,0.8725,3.72,0.973,0.983,0.993,0.533
S,-0.9280,-0.3174,-0.1949,4.02,0.934,0.964,1.000,0.449
S,0.2637,-0.9645,-0.0172,3.73,0.994,0.954,0.854,0.911
S,0.9875,-0.0357,-0.1534,3.44,0.986,0.996,1.000,0.536
S,0.7362,-0.0108,0.6767,8.90,0.968,0.978,0.988,0.933
S,-0.3406,0.8921,0.2969,4.20,0.829,0.899,1.000,0.718
S,-0.4700,-0.8792,0.0782,3.93,1.000,0.964,0.864,0.872
S,0.8559,0.4831,-0.1846,3.44,0.985,0.995,1.000,0.584
S,0.2085,0.8137,-0.5426,3.44,0.972,0.982,0.992,0.362
S,0.7321,0.4214,-0.5352,3.66,0.993,0.953,0.853,0.377
S,-0.0448,-0.9161,-0.3984,3.41,0.975,0.985,0.995,0.958
S,-0.6425,-0.1982,0.7402,4.50,0.995,0.955,0.855,0.373
S,0.6970,-0.0050,-0.7170,3.44,0.931,0.961,1.000,0.678
S,0.8079,-0.5272,0.2635,9.01,0.923,0.953,0.993,0.343
S,-0.1246,0.9741,-0.1890,3.55,1.000,0.848,0.688,0.478
S,-0.6829,-0.3496,-0.6414,7.00,0.822,0.892,1.000,0.507
S,-0.2884,-0.5052,0.8134,11.53,0.941,0.971,1.000,0.402
S,-0.4922,0.1140,0.8630,3.73,0.968,0.978,0.988,0.765
S,-0.4727,0.1737,-0.8639,15.50,0.986,0.996,1.000,0.911
S,0.1783,-0.5603,0.8089,10.37,0.986,0.996,1.000,0.446
S,0.7111,-0.6342,-0.3036,7.56,0.970,0.980,0.990,0.606
S,-0.6321,0.7056,0.3203,3.42,0.937,0.967,1.000,0.363
S,0.2057,0.6366,-0.7433,16.50,0.988,0.998,1.000,0.610
S,-0.6262,0.1884,-0.7565,10.57,0.817,0.887,0.997,0.642
S,0.0698,-0.3818,0.9216,3.55,0.975,0.985,0.995,0.469
S,-0.2297,-0.9729,-0.0276,4.82,0.998,0.958,0.858,0.424
S,0.7879,0.6153,0.0274,3.41,1.000,0.961,0.861,0.345
S,0.1089,-0.9671,-0.2300,8.90,0.986,0.996,1.000,0.593
S,0.4649,-0.5759,0.6724,3.40,0.818,0.888,0.998,0.981
S,0.7209,0.1772,-0.6700,7.53,0.989,0.949,0.849,0.747
S,0.4518,0.7921,-0.4105,10.94,0.926,0.956,0.996,0.452
S,-0.6281,0.2122,-0.7487,3.70,0.988,0.828,0.668,0.999
S,-0.8158,-0.2245,-0.5330,4.59,0.982,0.992,1.000,0.643
S,0.5638,0.8170,0.1212,3.40,0.990,1.000,1.000,1.000
S,0.2929,0.9005,0.3215,6.87,0.988,0.998,1.000,0.500
S,-0.9777,-0.0063,-0.2098,9.17,0.991,0.951,0.851,0.343
S,-0.7604,-0.3243,0.5627,14.68,0.968,0.978,0.988,0.399
S,-0.6274,0.7564,0.1850,16.69,0.983,0.993,1.000,0.530
S,-0.5490,-0.7369,0.3945,3.89,0.989,0.949,0.849,0.507
S,0.5643,-0.8227,-0.0689,3.40,1.000,0.964,0.864,0.544
S,-0.6987,-0.0076,0.7153,12.62,0.981,0.991,1.000,0.638
S,0.1085,0.3971,-0.9114,3.43,1.000,0.966,0.866,0.432
S,-0.9048,-0.3869,0.1782,3.40,0.980,0.990,1.000,0.488
S,-0.2550,-0.9035,-0.3445,3.54,0.988,0.998,1.000,0.895
S,-0.5403,-0.4928,-0.6821,3.40,0.975,0.985,0.995,0.374
S,-0.9423,-0.2434,-0.2298,3.51,0.970,0.980,0.990,0.692
S,0.5099,-0.8439,0.1670,3.40,1.000,0.961,0.861,0.606
S,-0.1037,0.2023,-0.9738,4.01,0.984,0.994,1.000,0.375
S,-0.8024,0.3571,0.4781,3.99,0.819,0.889,0.999,0.836
S,0.1424,0.5443,0.8267,10.52,0.988,0.948,0.848,0.387
S,0.0837,0.9558,-0.2819,3.84,0.832,0.902,1.000,0.505
S,-0.6249,0.2358,-0.7442,15.57,0.979,0.989,0.999,0.345
S,-0.3392,-0.4036,0.8497,9.42,0.975,0.985,0.995,0.422
S,0.8757,0.4821,-0.0264,5.88,1.000,0.967,0.867,0.396
S,-0.6572,0.4882,0.5742,3.47,0.970,0.980,0.990,0.515
S,0.7626,-0.3624,-0.5358,5.11,0.812,0.882,0.992,0.391
S,-0.6949,-0.7074,-0.1297,13.43,0.987,0.997,1.000,0.602
S,0.8856,0.2470,0.3932,3.45,0.988,0.828,0.668,0.343
S,-0.5488,-0.6626,0.5097,3.43,1.000,0.969,0.869,0.417
S,-0.6185,-0.7239,-0.3056,9.92,1.000,0.968,0.868,0.638
S,0.2161,-0.9181,-0.3323,3.44,1.000,0.961,0.861,0.815
S,-0.8271,0.2220,0.5164,13.42,0.987,0.997,1.000,0.585
S,0.9669,0.1261,-0.2218,3.66,0.968,0.978,0.988,0.351
S,-0.4759,-0.0544,0.8778,15.48,1.000,0.962,0.862,0.779
S,0.6427,-0.7617,-0.0820,11.93,0.973,0.983,0.993,0.477
S,0.5493,-0.4440,0.7079,17.04,0.992,0.952,0.852,0.837
S,-0.3376,0.1254,0.9329,4.63,1.000,0.844,0.684,0.418
S,0.3590,-0.3840,-0.8507,5.48,0.972,0.982,0.992,0.948
S,-0.1137,-0.9282,-0.3543,21.10,0.992,1.000,1.000,0.382
S,-0.0068,-0.9473,0.3203,4.45,0.829,0.899,1.000,0.533
S,-0.1672,0.9821,-0.0864,4.14,0.813,0.883,0.993,0.342
S,-0.7174,0.6718,-0.1845,12.28,0.990,1.000,1.000,0.408
S,-0.5811,0.5998,0.5501,3.41,0.980,0.990,1.000,0.507
S,0.5586,0.4223,-0.7139,6.68,0.992,0.952,0.852,0.842
S,0.3228,-0.8729,0.3659,5.33,0.980,0.990,1.000,0.780
S,-0.4528,0.6004,0.6592,5.08,0.970,0.980,0.990,0.509
S,0.5387,0.8421,-0.0237,3.42,0.829,0.899,1.000,0.599
S,-0.3103,0.9378,0.1556,4.51,0.975,0.985,0.995,0.982
S,0.2150,0.9756,0.0444,3.42,0.991,1.000,1.000,0.413
S,-0.4829,-0.8382,-0.2534,8.37,0.824,0.894,1.000,0.626
S,0.3137,0.6866,-0.6559,3.42,0.979,0.989,0.999,0.939
S,0.7500,-0.3480,0.5624,6.24,0.987,0.997,1.000,0.465
S,-0.8621,-0.3408,-0.3750,6.95,0.935,0.965,1.000,0.360
S,0.9169,-0.0416,0.3969,3.63,0.988,0.828,0.668,0.675
S,0.1925,-0.9381,-0.2878,13.95,0.976,0.986,0.996,0.715
S,-0.6200,-0.4041,-0.6725,3.40,0.992,1.000,1.000,0.345
S,0.7088,0.5304,-0.4650,3.57,0.976,0.986,0.996,0.382
S,0.9955,-0.0548,0.0768,3.40,0.976,0.986,0.996,0.570
S,-0.7324,-0.2009,-0.6505,4.69,0.831,0.901,1.000,0.539
S,-0.6097,-0.6599,-0.4391,3.48,0.997,0.957,0.857,0.443
S,-0.0633,-0.8567,-0.5119,3.46,1.000,0.963,0.863,0.344
S,0.4890,0.0198,0.8720,4.78,0.988,0.998,1.000,0.868
S,-0.7754,0.0416,-0.6301,4.47,1.000,0.972,0.872,0.591
S,-0.8538,0.4795,-0.2028,4.67,1.000,0.844,0.684,0.384
S,-0.9914,0.1307,0.0035,4.13,0.987,0.997,1.000,0.888
S,-0.5388,0.0678,0.8397,7.07,0.922,0.952,0.992,0.355
S,-0.3229,-0.9072,-0.2698,3.40,0.975,0.985,0.995,0.999
S,-0.2113,-0.2662,0.9405,16.79,0.922,0.952,0.992,0.385
S,0.3407,0.3048,-0.8894,3.40,0.973,0.983,0.993,0.492
S,0.2108,0.1699,-0.9627,10.64,0.976,0.986,0.996,0.418
S,0.2787,0.2492,-0.9275,18.35,0.988,0.948,0.848,0.761
S,0.1077,0.8066,0.5812,7.79,0.978,0.988,0.998,0.558
S,-0.9198,0.2367,0.3130,16.87,1.000,0.967,0.867,0.982
S,0.8471,-0.5287,-0.0542,15.15,0.815,0.885,0.995,0.510
S,0.5463,-0.1899,-0.8157,8.17,0.991,0.831,0.671,0.502
S,-0.5698,-0.1917,-0.7991,4.15,0.982,0.992,1.000,0.354
S,0.1533,-0.8131,0.5616,5.83,0.978,0.988,0.998,0.564
S,-0.3921,0.5805,0.7136,6.41,0.819,0.889,0.999,0.883
S,0.0875,-0.6490,0.7558,3.49,0.938,0.968,1.000,0.378
S,-0.7964,-0.3873,-0.4646,10.05,0.991,1.000,1.000,0.343
S,-0.7458,-0.6657,0.0235,3.42,0.973,0.983,0.993,0.724
S,-0.3214,-0.0960,0.9421,3.52,1.000,0.968,0.868,0.426
S,-0.7911,-0.0859,-0.6056,3.41,0.810,0.880,0.990,0.874
S,0.1496,-0.3033,0.9411,3.40,0.821,0.891,1.000,0.488
S,-0.0355,0.4093,-0.9117,5.19,0.990,1.000,1.000,0.446
S,-0.3335,-0.8370,-0.4339,3.46,0.982,0.992,1.000,0.357
S,0.6415,-0.5211,0.5629,6.82,0.988,0.998,1.000,0.363
S,-0.6073,0.1993,0.7691,10.32,0.999,0.839,0.679,0.962
S,0.5611,0.8037,-0.1980,9.24,0.991,1.000,1.000,0.403
S,0.7670,0.2875,-0.5736,15.76,1.000,0.964,0.864,0.581
S,0.7948,0.1105,0.5968,3.67,0.830,0.900,1.000,0.929
S,-0.5610,0.5894,0.5813,3.56,0.971,0.981,0.991,0.407
S,-0.6990,-0.3524,-0.6223,17.07,0.990,1.000,1.000,0.662
S,-0.1318,0.6209,-0.7727,3.41,0.988,0.998,1.000,0.831
S,0.3471,-0.9133,0.2131,4.49,0.992,1.000,1.000,0.715
S,-0.4820,-0.6197,-0.6194,3.41,0.924,0.954,0.994,0.808
S,-0.2392,-0.6159,0.7506,5.12,0.996,0.836,0.676,0.527
S,-0.8206,-0.2117,-0.5308,3.40,0.975,0.985,0.995,0.512
S,-0.6411,0.5232,-0.5615,7.06,0.973,0.983,0.993,0.892
S,-0.6899,0.6431,-0.3324,16.92,0.972,0.982,0.992,0.364
S,-0.5901,0.0555,0.8054,3.60,0.972,0.982,0.992,0.381
S,0.9248,0.2966,-0.2381,3.46,0.981,0.991,1.000,0.488
S,0.1379,0.2694,0.9531,6.42,0.993,0.833,0.673,0.574
S,-0.5334,-0.2520,0.8075,3.54,0.999,0.959,0.859,0.456
S,-0.7557,0.2876,0.5884,9.40,0.983,0.993,1.000,0.914
S,-0.6281,0.6460,0.4339,4.39,0.811,0.881,0.991,0.415
S,0.0295,0.5729,0.8191,9.79,0.810,0.880,0.990,0.585
S,0.8792,-0.4745,-0.0436,8.48,0.975,0.985,0.995,0.810
S,-0.3541,-0.6269,0.6940,3.46,0.972,0.982,0.992,0.468
S,0.4097,0.3456,0.8442,4.33,0.994,0.954,0.854,0.922
S,-0.5972,0.7819,0.1790,4.09,0.969,0.979,0.989,0.779
S,0.1573,0.1259,-0.9795,3.40,1.000,0.972,0.872,0.379
S,-0.8194,-0.0445,0.5715,3.40,0.978,0.988,0.998,0.372
S,0.5978,0.7930,-0.1177,3.40,0.830,0.900,1.000,0.569
S,0.6162,-0.0278,0.7871,4.75,0.986,0.996,1.000,0.397
S,-0.9063,0.2965,-0.3013,5.43,0.997,0.957,0.857,0.453
S,0.6172,-0.7683,0.1698,11.37,0.995,0.955,0.855,0.359
S,-0.5382,0.5539,-0.6353,3.60,0.976,0.986,0.996,0.915
S,0.3308,0.3636,0.8708,3.53,0.984,0.994,1.000,0.572
S,-0.8704,-0.1435,-0.4709,5.23,0.820,0.890,1.000,0.593
S,-0.6219,0.1292,0.7724,5.64,0.992,1.000,1.000,0.713
S,-0.3887,-0.5911,0.7068,16.21,0.977,0.987,0.997,0.801
S,0.3757,0.8936,-0.2457,3.48,1.000,0.971,0.871,0.858
S,0.8840,-0.0076,0.4675,10.93,1.000,0.966,0.866,0.376
S,-0.6978,0.7157,-0.0289,3.71,0.934,0.964,1.000,0.496
S,0.8689,-0.3327,-0.3665,10.29,0.987,0.997,1.000,0.531
S,0.6108,0.0621,-0.7893,3.54,0.970,0.980,0.990,0.371
S,-0.7647,-0.3470,0.5430,4.89,0.977,0.987,0.997,0.374
S,0.9889,0.1480,-0.0114,4.31,0.992,1.000,1.000,0.475
S,-0.1537,0.9252,0.3471,3.63,0.976,0.986,0.996,0.395
S,-0.3389,-0.9262,-0.1651,3.84,0.971,0.981,0.991,0.894
S,-0.9503,-0.0739,-0.3025,4.07,0.979,0.989,0.999,0.832
S,-0.7774,-0.6278,-0.0383,3.85,0.926,0.956,0.996,0.340
S,-0.0785,0.6860,0.7234,3.96,0.936,0.966,1.000,0.570
S,0.9738,-0.0046,0.2275,5.05,0.992,0.952,0.852,0.401
S,-0.8518,0.0981,0.5146,16.30,0.992,0.952,0.852,0.965
S,-0.5352,-0.3525,-0.7677,7.49,0.991,0.951,0.851,0.781
S,0.2539,0.3217,0.9122,3.41,0.987,0.997,1.000,0.466
S,0.4809,0.7690,-0.4211,3.48,1.000,0.963,0.863,0.706
S,-0.8990,-0.0656,0.4329,10.05,1.000,0.967,0.867,0.748
S,0.5564,-0.7188,0.4167,10.87,0.813,0.883,0.993,0.342
S,-0.5117,-0.7932,-0.3300,3.57,0.808,0.878,0.988,0.982
S,0.6751,-0.3966,-0.6220,8.99,0.970,0.980,0.990,0.992
S,-0.1461,-0.7172,-0.6814,6.24,0.817,0.887,0.997,0.704
S,0.9336,0.2937,-0.2051,3.40,0.999,0.959,0.859,0.487
S,0.7734,0.5439,-0.3257,3.40,0.969,0.979,0.989,0.528
S,0.1908,0.6412,-0.7432,3.40,1.000,0.841,0.681,0.921
S,-0.3118,0.9377,0.1533,4.89,0.987,0.997,1.000,0.434
S,0.1151,-0.8828,0.4554,3.84,0.993,0.953,0.853,0.463
S,-0.0077,-0.8333,0.5527,4.54,0.808,0.878,0.988,0.414
S,-0.4977,0.6599,0.5628,13.74,0.986,0.996,1.000,0.533
S,-0.7447,-0.0645,0.6643,6.84,0.998,0.958,0.858,0.902
S,0.0614,-0.3970,-0.9158,3.40,0.830,0.900,1.000,0.714
S,-0.9655,0.2310,-0.1204,10.27,0.973,0.983,0.993,0.370
S,-0.1139,-0.3594,-0.9262,4.86,1.000,0.967,0.867,0.350
S,0.0671,-0.4797,-0.8748,5.43,0.994,0.954,0.854,0.824
S,0.2759,-0.6125,-0.7407,3.40,0.823,0.893,1.000,0.555
S,-0.5448,-0.4482,-0.7087,3.40,0.926,0.956,0.996,0.864
S,0.9547,0.2141,-0.2066,8.90,0.820,0.890,1.000,0.345
S,-0.4939,-0.5674,0.6589,10.52,0.979,0.989,0.999,0.350
S,0.5958,-0.7998,-0.0734,3.40,0.991,0.831,0.671,0.694
S,-0.3555,-0.0166,0.9345,7.03,0.998,0.838,0.678,0.823
S,-0.0833,0.9885,-0.1259,4.52,0.992,0.952,0.852,0.343
S,0.8940,0.4461,-0.0416,10.50,0.992,0.952,0.852,0.511
S,-0.7266,-0.6660,0.1688,3.61,0.983,0.993,1.000,0.655
S,0.9523,0.1299,0.2762,4.19,0.823,0.893,1.000,0.521
S,0.6428,-0.4280,-0.6353,3.41,1.000,0.972,0.872,0.435
S,0.1922,0.9741,-0.1187,5.23,0.830,0.900,1.000,0.341
S,-0.8179,-0.0343,-0.5743,3.40,0.988,0.998,1.000,0.525
S,-0.2381,0.9673,-0.0878,3.43,0.821,0.891,1.000,0.343
S,0.7835,0.3800,-0.4916,3.51,0.988,0.948,0.848,0.380
S,-0.0683,-0.8855,-0.4596,3.43,0.992,1.000,1.000,0.354
S,-0.3602,0.8839,-0.2983,8.18,0.823,0.893,1.000,0.391
S,0.0867,-0.9458,-0.3129,10.01,0.817,0.887,0.997,0.400
S,0.5204,-0.4253,-0.7405,3.40,0.970,0.980,0.990,0.351
S,-0.1658,-0.9192,-0.3571,4.12,0.996,0.956,0.856,0.345
S,-0.7100,-0.5580,0.4296,3.56,1.000,0.972,0.872,0.362
S,0.7323,-0.0824,-0.6760,3.43,0.980,0.990,1.000,0.357
S,0.8258,-0.3530,0.4399,4.36,0.988,0.998,1.000,0.385
S,0.0590,0.7760,0.6280,9.54,1.000,0.969,0.869,0.352
S,0.6625,-0.6774,-0.3198,3.40,0.939,0.969,1.000,0.793
S,-0.4912,0.6981,0.5209,16.84,0.970,0.980,0.990,0.538
S,-0.5787,-0.3763,0.7235,3.41,1.000,0.964,0.864,0.505
S,0.5663,-0.8115,0.1445,5.95,1.000,0.962,0.862,0.708
S,0.1848,-0.8333,0.5210,4.10,0.982,0.992,1.000,0.493
S,0.5782,-0.4432,-0.6850,3.84,0.969,0.979,0.989,0.524
S,0.4657,-0.0752,-0.8817,4.66,1.000,0.967,0.867,0.557
S,0.3802,-0.9249,0.0019,19.97,0.997,0.957,0.857,0.904
S,0.7465,0.3916,-0.5380,10.33,1.000,0.971,0.871,0.346
S,0.4748,-0.7051,0.5267,5.31,1.000,0.960,0.860,0.503
S,-0.4479,0.8635,-0.2317,4.69,0.981,0.991,1.000,0.599
S,0.7849,0.0941,-0.6124,3.60,0.986,0.996,1.000,0.388
S,0.6706,0.0181,-0.7416,3.40,0.992,1.000,1.000,0.418
S,0.5279,-0.8470,-0.0626,6.69,0.992,1.000,1.000,0.363
S,0.2120,0.7521,0.6240,3.57,1.000,0.968,0.868,0.507
S,0.0178,0.5722,0.8199,5.11,0.992,1.000,1.000,0.948
S,0.8953,0.4018,-0.1922,14.57,0.978,0.988,0.998,0.340
S,0.0670,0.1789,0.9816,3.48,0.969,0.979,0.989,0.433
S,-0.2735,-0.0646,0.9597,8.01,0.995,0.955,0.855,0.442
S,0.1201,-0.9499,0.2885,5.17,0.982,0.992,1.000,0.776
S,-0.3086,-0.8512,-0.4244,3.43,0.975,0.985,0.995,0.777
S,0.3595,0.9260,-0.1149,11.72,0.940,0.970,1.000,0.343
S,0.4970,-0.4492,0.7424,3.91,0.987,0.997,1.000,0.517
S,-0.4266,-0.4870,-0.7621,4.35,0.968,0.978,0.988,0.735
S,-0.5263,0.6759,-0.5159,3.57,0.978,0.988,0.998,0.901
S,-0.5944,-0.6855,0.4204,3.78,1.000,0.971,0.871,0.361
S,-0.1828,-0.4081,-0.8944,5.71,0.995,0.835,0.675,0.362
S,-0.6230,0.7604,0.1835,6.50,0.993,0.953,0.853,0.463
S,-0.8741,0.4036,-0.2703,3.81,0.979,0.989,0.999,0.847
S,-0.5427,-0.7623,-0.3527,3.44,0.997,0.957,0.857,0.904
S,0.0389,-0.9492,-0.3124,14.94,0.931,0.961,1.000,0.381
S,-0.1768,-0.7472,0.6407,15.43,0.971,0.981,0.991,0.477
S,0.5478,-0.0252,-0.8363,3.40,0.930,0.960,1.000,0.740
S,-0.6820,0.6832,0.2608,4.59,0.993,0.953,0.853,0.707
S,0.4247,0.0184,-0.9051,3.56,0.826,0.896,1.000,0.617
S,-0.0917,-0.9751,0.2018,4.75,1.000,0.968,0.868,0.598
S,0.6670,0.6211,-0.4115,6.52,0.992,0.952,0.852,0.938
S,-0.7915,0.2323,0.5654,4.21,0.934,0.964,1.000,0.351
S,0.9738,0.1692,-0.1519,3.40,0.819,0.889,0.999,0.453
S,0.0759,-0.9640,0.2547,3.62,0.979,0.989,0.999,0.805
S,0.6521,-0.1493,-0.7433,3.49,0.814,0.884,0.994,0.692
S,-0.0657,0.0436,-0.9969,5.07,1.000,0.962,0.862,0.386
S,-0.6505,-0.4693,0.5971,3.44,0.819,0.889,0.999,0.637
S,0.2991,0.6786,0.6709,3.40,0.970,0.980,0.990,0.617
S,-0.3164,-0.3128,0.8956,3.47,0.929,0.959,0.999,0.910
S,-0.9260,-0.3602,-0.1131,10.93,0.991,0.951,0.851,0.645
S,-0.0627,0.9617,-0.2670,3.64,0.984,0.994,1.000,0.964
S,0.3427,0.8690,0.3569,3.46,1.000,0.970,0.870,0.343
S,0.9717,-0.0383,-0.2332,5.17,0.820,0.890,1.000,0.944
S,0.1790,-0.8322,-0.5249,3.40,0.821,0.891,1.000,0.643
S,0.6323,0.1952,-0.7497,7.95,1.000,0.962,0.862,0.357
S,0.3378,-0.0642,0.9390,3.41,0.978,0.988,0.998,0.411
S,-0.4940,0.7634,0.4161,3.46,0.994,0.954,0.854,0.356
S,0.5603,-0.7296,0.3921,6.49,0.997,0.957,0.857,0.476
S,0.3970,-0.7591,-0.5160,3.54,0.988,0.998,1.000,0.340
S,-0.6436,0.2385,-0.7272,3.45,0.822,0.892,1.000,0.548
S,0.7552,-0.5938,0.2775,12.52,0.969,0.979,0.989,0.341
S,0.6535,-0.7563,0.0314,3.40,0.995,0.955,0.855,0.593
S,-0.2850,0.3130,-0.9060,10.57,0.825,0.895,1.000,0.853
S,-0.5488,0.3173,-0.7734,3.97,0.968,0.978,0.988,0.904
S,0.3479,0.5146,0.7837,12.33,0.990,0.950,0.850,0.983
S,-0.8535,0.0935,0.5127,3.46,0.987,0.997,1.000,0.383
S,0.1103,0.9934,0.0325,3.46,0.992,0.952,0.852,0.523
S,0.2557,0.9475,-0.1917,3.40,0.997,0.957,0.857,0.352
S,0.9026,-0.4255,-0.0649,4.25,0.978,0.988,0.998,0.886
S,-0.3753,-0.3923,-0.8398,5.54,0.978,0.988,0.998,0.432
S,0.3740,-0.9215,-0.1051,3.40,0.925,0.955,0.995,0.528
S,0.5906,0.8065,-0.0286,3.40,1.000,0.960,0.860,0.499
S,-0.0572,-0.1166,0.9915,3.46,1.000,0.972,0.872,0.445
S,-0.5517,-0.3227,-0.7691,3.99,0.823,0.893,1.000,0.672
S,0.6292,-0.7356,-0.2510,3.40,0.923,0.953,0.993,0.397
S,-0.1996,-0.6860,0.6997,4.03,0.982,0.992,1.000,0.858
S,0.4468,-0.1078,0.8881,10.39,0.969,0.979,0.989,0.761
S,-0.9753,-0.1366,-0.1735,4.82,0.995,0.955,0.855,0.729
S,-0.4684,-0.7897,-0.3961,13.72,0.968,0.978,0.988,0.403
S,-0.9325,-0.3142,-0.1779,7.04,0.990,1.000,1.000,0.862
S,0.3610,-0.4992,0.7877,8.52,0.813,0.883,0.993,0.512
S,-0.0839,-0.8284,-0.5538,4.57,0.972,0.982,0.992,0.362
S,0.8438,-0.1974,0.4991,3.40,1.000,0.962,0.862,0.452
S,0.2198,-0.6159,-0.7565,5.40,1.000,0.968,0.868,0.414
S,-0.5629,-0.2306,-0.7937,13.31,0.992,1.000,1.000,0.660
S,0.1852,-0.2093,0.9602,11.24,0.924,0.954,0.994,0.787
S,0.1759,0.9246,-0.3378,3.40,0.934,0.964,1.000,0.566
S,-0.9448,0.3254,0.0382,5.35,0.985,0.995,1.000,0.342
S,-0.9501,0.1846,0.2514,10.59,0.992,1.000,1.000,0.636
S,-0.3765,0.7244,-0.5774,12.54,0.992,0.952,0.852,0.724
S,-0.9925,-0.0949,0.0773,5.91,1.000,0.969,0.869,0.432
S,-0.3215,0.8999,-0.2945,3.68,0.990,1.000,1.000,0.627
S,0.4999,-0.7678,-0.4007,3.42,1.000,0.962,0.862,0.678
S,0.3168,0.3248,-0.8911,3.70,0.980,0.990,1.000,0.391
S,-0.5913,0.6568,0.4680,3.40,0.972,0.982,0.992,0.733
S,-0.5401,0.1434,0.8293,14.82,0.919,0.949,0.989,0.980
S,-0.0733,0.6791,-0.7304,3.40,0.993,0.953,0.853,0.370
S,0.6920,0.7172,-0.0825,3.40,1.000,0.961,0.861,0.356
S,0.3152,-0.9464,-0.0701,3.40,1.000,0.968,0.868,0.341
S,-0.9802,-0.1071,0.1664,3.40,0.972,0.982,0.992,0.959
S,-0.4537,0.4896,-0.7447,5.43,0.994,0.954,0.854,0.393
S,-0.5282,-0.5942,-0.6065,3.40,0.974,0.984,0.994,0.357
S,-0.1216,-0.8286,-0.5465,3.40,0.999,0.959,0.859,0.375
S,-0.4842,-0.8581,-0.1710,6.85,0.980,0.990,1.000,0.594
S,0.2419,-0.3039,0.9215,4.11,0.826,0.896,1.000,0.516
S,0.7517,-0.5961,-0.2822,3.40,0.939,0.969,1.000,0.346
S,0.6411,0.6631,0.3864,5.96,1.000,0.960,0.860,0.762
S,0.0850,0.3228,-0.9426,4.73,1.000,0.969,0.869,0.538
S,0.5950,-0.4086,0.6921,5.15,1.000,0.963,0.863,0.359
S,0.0808,-0.5019,-0.8612,3.40,0.976,0.986,0.996,0.492
S,0.8322,-0.5544,0.0039,3.47,0.921,0.951,0.991,0.486
S,-0.3140,-0.7754,0.5478,10.74,0.985,0.995,1.000,0.812
S,0.9954,0.0207,-0.0930,8.84,0.999,0.959,0.859,0.689
S,-0.9874,-0.1195,0.1037,5.90,0.974,0.984,0.994,0.353
S,-0.9094,0.3289,0.2547,4.91,0.984,0.994,1.000,0.358
S,0.8781,0.1018,0.4675,8.62,0.986,0.996,1.000,0.467
S,0.5547,-0.1841,0.8114,12.70,0.989,0.999,1.000,0.547
S,-0.7380,0.6734,0.0440,3.79,1.000,0.845,0.685,0.376
S,0.7694,0.6257,0.1286,15.64,1.000,0.962,0.862,0.823
S,-0.4799,-0.5136,-0.7113,7.16,0.993,0.953,0.853,0.959
S,0.6489,-0.6320,0.4236,9.24,0.981,0.991,1.000,0.865
S,-0.1706,-0.3032,0.9376,13.00,0.984,0.994,1.000,0.357
S,0.3276,-0.5940,-0.7348,12.87,0.974,0.984,0.994,0.404
S,-0.8098,0.4130,0.4167,3.40,0.999,0.959,0.859,0.401
S,0.4436,0.5345,-0.7194,4.81,0.986,0.996,1.000,0.374
S,-0.4438,-0.5735,0.6886,13.01,0.972,0.982,0.992,0.502
S,-0.5089,0.3608,0.7816,4.14,0.981,0.991,1.000,0.627
S,-0.6500,-0.3654,-0.6663,3.43,0.981,0.991,1.000,0.415
S,0.1257,-0.0569,-0.9904,3.45,0.934,0.964,1.000,0.409
S,0.9168,0.3342,0.2187,6.94,1.000,0.970,0.870,0.953
S,0.0746,0.9848,-0.1571,4.86,1.000,0.965,0.865,0.557
S,0.5908,0.6326,-0.5007,4.90,0.996,0.836,0.676,0.506
S,-0.2482,0.4776,0.8428,7.73,0.924,0.954,0.994,0.752
S,0.0328,0.9193,0.3922,14.12,0.975,0.985,0.995,0.943
S,-0.3447,-0.8116,0.4717,4.10,0.976,0.986,0.996,0.945
S,0.0766,0.2255,-0.9712,8.78,0.824,0.894,1.000,0.372
S,0.3977,0.2632,0.8790,3.63,0.991,0.831,0.671,0.641
S,-0.6366,-0.7616,-0.1213,4.15,0.990,1.000,1.000,0.341
S,-0.3291,-0.8657,0.3772,8.64,0.975,0.985,0.995,0.906
S,-0.1656,-0.5946,0.7868,14.47,0.822,0.892,1.000,0.589
S,-0.0413,-0.9896,0.1377,4.86,0.828,0.898,1.000,0.407
S,-0.0771,-0.5266,-0.8466,3.40,0.984,0.994,1.000,0.688
S,-0.0469,-0.4839,0.8739,8.42,1.000,0.961,0.861,0.489
S,0.7073,-0.4983,0.5014,4.89,0.972,0.982,0.992,0.812
S,0.3337,0.9427,0.0032,9.91,0.814,0.884,0.994,0.469
S,-0.0366,0.4568,-0.8888,8.44,0.996,0.956,0.856,0.355
S,0.6194,0.0724,-0.7818,8.43,0.998,0.958,0.858,0.390
S,0.1243,0.7398,-0.6613,11.61,1.000,0.966,0.866,0.419
S,0.2584,0.5610,0.7865,9.15,0.809,0.879,0.989,0.762
S,0.0911,0.3782,0.9212,3.40,1.000,0.965,0.865,0.340
S,0.5837,-0.0916,0.8068,3.50,0.993,0.953,0.853,0.572
S,-0.5018,0.5386,-0.6768,14.69,0.824,0.894,1.000,0.763
S,-0.6156,0.6354,-0.4662,3.65,0.992,1.000,1.000,0.452
S,0.1089,0.9416,-0.3188,8.16,1.000,0.964,0.864,0.435
S,0.1605,0.5872,-0.7934,3.85,0.989,0.999,1.000,0.500
S,0.0669,0.0006,0.9978,4.54,0.981,0.991,1.000,0.760
S,0.9283,0.1274,-0.3494,3.90,1.000,0.972,0.872,0.597
S,-0.5649,0.4139,-0.7139,3.40,0.972,0.982,0.992,0.846
S,-0.4444,0.8279,-0.3422,4.42,0.976,0.986,0.996,0.963
S,-0.8719,0.3578,-0.3343,3.40,0.816,0.886,0.996,0.644
S,-0.7363,-0.6765,0.0142,3.41,0.971,0.981,0.991,0.405
S,0.5620,-0.8061,-0.1856,6.09,0.970,0.980,0.990,0.472
S,-0.4378,-0.4314,-0.7888,3.41,0.831,0.901,1.000,0.434
S,0.7212,-0.4966,0.4830,3.40,0.815,0.885,0.995,0.755
S,0.0063,-0.0233,0.9997,11.13,0.983,0.993,1.000,0.452
S,0.0666,-0.9630,-0.2610,14.94,0.990,1.000,1.000,0.576
S,-0.2474,-0.4114,0.8773,4.20,1.000,0.962,0.862,0.656
S,0.6898,0.5208,0.5029,3.47,0.997,0.957,0.857,0.398
S,-0.0274,0.0238,0.9993,5.33,0.976,0.986,0.996,0.487
S,-0.8091,0.1577,-0.5661,3.46,0.970,0.980,0.990,0.419
S,0.1768,-0.2605,0.9492,3.40,0.986,0.996,1.000,0.567
S,-0.1701,0.2404,-0.9557,8.44,0.974,0.984,0.994,0.567
S,0.4172,-0.8772,-0.2376,3.63,0.989,0.999,1.000,0.800
S,-0.7314,-0.1279,-0.6698,3.41,1.000,0.963,0.863,0.915
S,0.5404,-0.8413,0.0130,7.63,0.998,0.958,0.858,0.732
S,0.2288,-0.3095,-0.9230,3.41,1.000,0.963,0.863,0.343
S,-0.3291,-0.1684,0.9292,3.43,0.995,0.955,0.855,0.417
S,0.4801,0.4378,0.7602,4.31,1.000,0.961,0.861,0.883
S,0.0865,-0.0694,-0.9938,18.89,0.818,0.888,0.998,0.373
S,0.4126,-0.1464,-0.8991,5.31,0.925,0.955,0.995,0.945
S,0.9556,0.2795,-0.0936,3.89,0.969,0.979,0.989,0.440
S,-0.6746,0.5389,-0.5045,3.41,0.976,0.986,0.996,0.787
S,0.8005,-0.2367,0.5507,3.54,0.987,0.997,1.000,0.875
S,0.5556,-0.5396,-0.6326,14.26,0.975,0.985,0.995,0.748
S,-0.2819,0.8973,-0.3398,4.56,0.974,0.984,0.994,0.712
S,0.5417,0.1232,0.8315,3.45,0.992,0.952,0.852,0.639
S,-0.4742,0.3821,-0.7932,7.04,0.828,0.898,1.000,0.986
S,-0.0640,-0.7364,0.6735,3.63,0.974,0.984,0.994,0.844
S,0.0739,-0.6105,0.7886,9.17,0.980,0.990,1.000,0.371
S,0.2426,0.2180,0.9453,7.02,0.980,0.990,1.000,0.575
S,0.7082,0.7047,0.0444,3.53,0.998,0.958,0.858,0.928
S,-0.6418,0.0738,-0.7633,13.03,0.925,0.955,0.995,0.361
S,0.6364,-0.7543,0.1614,6.36,0.981,0.991,1.000,0.469
S,-0.9943,0.0954,-0.0466,4.84,0.987,0.997,1.000,0.601
S,-0.3342,-0.7969,0.5032,3.44,0.992,1.000,1.000,0.794
S,0.9546,0.2683,0.1293,3.40,0.829,0.899,1.000,0.345
S,0.0816,-0.8761,0.4751,3.41,0.934,0.964,1.000,0.728
S,0.9397,0.3072,-0.1501,14.59,0.969,0.979,0.989,0.962
S,0.2777,-0.9401,-0.1977,5.65,0.978,0.988,0.998,0.925
S,-0.9257,0.0917,-0.3670,4.19,1.000,0.972,0.872,0.465
S,0.3857,-0.0770,0.9194,3.40,1.000,0.961,0.861,0.427
S,0.2612,0.1398,0.9551,9.16,0.924,0.954,0.994,0.353
S,0.5388,0.0093,0.8424,3.40,0.918,0.948,0.988,0.773
S,0.1279,-0.6245,-0.7705,12.61,1.000,0.965,0.865,0.373
S,0.6817,-0.4736,0.5577,3.43,0.822,0.892,1.000,0.385
S,0.8816,-0.0055,-0.4719,4.18,0.971,0.981,0.991,0.360
S,0.6284,0.2986,-0.7183,4.94,0.970,0.980,0.990,0.996
S,-0.6378,-0.3312,0.6954,6.08,0.979,0.989,0.999,0.488
S,-0.4569,-0.5537,0.6961,5.12,0.996,0.956,0.856,0.461
S,0.0687,-0.6205,0.7812,10.91,1.000,0.848,0.688,0.551
S,-0.7349,0.6600,0.1563,3.52,0.808,0.878,0.988,0.462
S,-0.2151,-0.0306,0.9761,3.40,0.989,0.949,0.849,0.681
S,0.0337,-0.6192,-0.7845,6.72,1.000,0.965,0.865,0.803
S,0.3900,-0.4253,-0.8167,7.59,0.980,0.990,1.000,0.606
S,0.3930,0.6371,-0.6631,12.45,0.971,0.981,0.991,0.663
S,-0.6347,0.7015,0.3242,10.77,0.996,0.956,0.856,0.528
S,-0.1922,0.2209,-0.9562,3.53,0.992,1.000,1.000,0.364
S,-0.4262,0.7004,-0.5726,8.48,0.919,0.949,0.989,0.610
S,-0.9730,0.1812,-0.1430,3.40,0.989,0.999,1.000,0.847
S,0.4788,0.8649,0.1506,7.54,0.926,0.956,0.996,0.741
S,0.1581,-0.4854,-0.8599,3.84,0.969,0.979,0.989,0.543
S,0.0370,-0.1750,0.9839,3.42,0.985,0.995,1.000,0.966
S,-0.7538,-0.4224,-0.5033,16.18,1.000,0.962,0.862,0.344
S,-0.5831,-0.8073,-0.0907,20.65,0.990,1.000,1.000,0.684
S,-0.7880,-0.0477,-0.6138,3.64,0.922,0.952,0.992,0.507
S,0.5480,0.5215,-0.6539,3.40,0.936,0.966,1.000,0.554
S,-0.2483,-0.7741,0.5824,3.61,1.000,0.971,0.871,0.944
S,-0.3205,0.9328,0.1648,5.32,0.938,0.968,1.000,0.423
S,-0.9736,-0.0857,-0.2115,3.41,0.821,0.891,1.000,0.587
S,-0.3010,-0.6514,0.6964,3.81,0.825,0.895,1.000,0.771
S,0.4359,-0.8970,-0.0735,5.00,0.975,0.985,0.995,0.636
S,-0.3957,0.9120,-0.1080,5.94,0.829,0.899,1.000,0.897
S,0.6711,0.0675,-0.7382,3.48,0.999,0.959,0.859,0.940
S,-0.8918,-0.3700,-0.2604,5.17,1.000,0.843,0.683,0.627
S,0.3019,-0.7892,0.5349,4.20,0.974,0.984,0.994,0.368
S,-0.6646,0.7213,0.1948,3.40,0.986,0.996,1.000,0.358
S,-0.2789,0.6533,-0.7038,5.42,0.991,1.000,1.000,0.644
S,-0.6041,-0.5041,-0.6172,5.50,0.816,0.886,0.996,0.359
S,-0.0095,-0.8405,-0.5417,3.87,0.969,0.979,0.989,0.784
S,0.2828,-0.5995,-0.7488,3.46,0.994,0.954,0.854,0.383
S,-0.1317,0.9209,0.3668,3.94,1.000,0.972,0.872,0.397
S,-0.8186,-0.3464,-0.4582,3.41,0.990,0.830,0.670,0.847
S,0.6496,0.3961,-0.6489,3.40,0.935,0.965,1.000,0.365
S,0.8922,-0.1634,0.4211,7.62,1.000,0.966,0.866,0.404
S,0.0001,0.1284,-0.9917,7.43,1.000,0.852,0.692,0.449
S,-0.3005,-0.8815,-0.3643,5.87,0.990,1.000,1.000,0.691
S,-0.7645,0.4377,0.4732,12.21,0.970,0.980,0.990,0.835
S,-0.4284,0.5524,0.7151,5.03,0.998,0.958,0.858,0.590
S,-0.0405,-0.8889,0.4562,4.66,0.976,0.986,0.996,0.409
S,0.5351,-0.1998,-0.8208,3.41,0.992,0.952,0.852,0.466
S,0.0658,0.9054,0.4194,3.71,0.995,0.955,0.855,0.690
S,-0.3750,0.9236,0.0792,3.91,0.968,0.978,0.988,0.561
S,0.6550,0.7449,0.1272,6.41,0.986,0.996,1.000,0.348
S,0.9216,-0.1067,0.3733,3.40,0.992,1.000,1.000,0.456
S,0.7397,0.5052,0.4445,9.23,0.979,0.989,0.999,0.860
S,-0.8829,0.0312,-0.4685,3.65,0.822,0.892,1.000,0.342
S,-0.8897,-0.1481,-0.4319,3.40,0.971,0.981,0.991,0.489
S,0.9861,-0.1149,0.1202,3.41,0.978,0.988,0.998,0.355
S,-0.4505,-0.8840,-0.1244,10.66,0.988,0.998,1.000,0.704
S,-0.1122,0.8799,-0.4617,5.51,0.988,0.998,1.000,0.625
S,-0.7533,-0.2224,0.6189,12.05,0.820,0.890,1.000,0.632
S,-0.8992,-0.0461,0.4352,4.97,0.975,0.985,0.995,0.804
S,0.7742,-0.2071,-0.5981,4.24,1.000,0.960,0.860,0.564
S,0.6177,0.7662,-0.1770,3.49,0.988,0.998,1.000,0.524
S,0.6417,0.3557,0.6795,10.69,0.991,0.951,0.851,0.964
S,-0.3064,-0.2614,-0.9153,3.47,0.990,1.000,1.000,0.574
S,-0.0792,-0.7753,0.6266,5.70,1.000,0.971,0.871,0.613
S,0.1532,0.1855,-0.9706,7.71,0.984,0.994,1.000,0.397
S,0.9801,-0.1978,-0.0151,14.91,1.000,0.972,0.872,0.546
S,0.3288,-0.8629,-0.3837,11.79,1.000,0.965,0.865,0.342
S,-0.2487,-0.4150,-0.8752,7.46,0.988,0.948,0.848,0.574
S,0.8011,-0.5743,-0.1685,7.81,0.969,0.979,0.989,0.699
S,0.7985,-0.3910,0.4577,3.63,0.990,1.000,1.000,0.835
S,-0.0435,-0.3488,-0.9362,4.13,0.824,0.894,1.000,0.435
S,-0.4886,0.6828,-0.5431,3.40,0.988,0.948,0.848,0.375
S,-0.3526,0.7996,0.4861,10.91,0.993,0.953,0.853,0.807
S,0.1106,-0.6935,-0.7119,5.39,0.826,0.896,1.000,0.438
S,-0.3894,-0.1857,-0.9022,3.41,0.973,0.983,0.993,0.356
S,-0.2731,-0.9423,0.1937,5.79,0.989,0.999,1.000,0.958
S,0.7513,0.1107,0.6506,3.47,0.991,1.000,1.000,0.446
S,0.0597,-0.8174,-0.5730,7.14,0.969,0.979,0.989,0.906
S,0.2831,0.9095,0.3044,8.26,0.808,0.878,0.988,0.398
S,0.6012,0.6339,-0.4866,16.91,1.000,0.966,0.866,0.373
S,-0.1825,0.6643,0.7248,7.06,1.000,0.967,0.867,0.661
S,-0.7164,-0.5683,-0.4048,5.07,0.989,0.999,1.000,0.967
S,0.1572,-0.9125,0.3777,4.98,0.992,0.952,0.852,0.566
S,-0.5516,0.1754,0.8154,9.74,0.988,0.948,0.848,0.818
S,0.8174,0.1503,-0.5561,4.97,0.937,0.967,1.000,0.593
S,-0.1227,0.6973,0.7062,13.43,0.814,0.884,0.994,0.975
S,0.1876,0.6139,0.7668,6.34,0.921,0.951,0.991,0.364
S,0.0352,0.2216,0.9745,3.54,0.831,0.901,1.000,0.683
S,-0.9248,-0.0340,-0.3790,5.78,0.971,0.981,0.991,0.973
S,-0.0996,-0.9622,0.2535,6.53,1.000,0.971,0.871,0.891
S,0.3911,0.1874,0.9010,3.40,0.832,0.902,1.000,0.572
S,-0.2298,-0.9494,-0.2142,3.40,0.990,1.000,1.000,0.794
S,-0.8470,-0.5299,-0.0419,3.42,1.000,0.850,0.690,0.877
S,0.2603,0.2100,-0.9424,11.93,0.991,0.951,0.851,0.780
S,-0.9449,-0.2905,-0.1508,3.40,1.000,0.969,0.869,0.639
S,0.1478,0.1714,-0.9741,3.57,0.926,0.956,0.996,0.599
S,-0.2365,0.7637,0.6007,4.23,0.991,1.000,1.000,0.784
S,-0.0952,-0.8972,-0.4312,4.95,0.832,0.902,1.000,0.655
S,0.1124,0.9780,0.1757,17.27,0.993,0.833,0.673,0.879
S,0.4850,-0.0216,0.8743,3.43,0.989,0.999,1.000,0.365
S,-0.7614,-0.4001,0.5101,8.63,0.989,0.999,1.000,0.474
S,-0.3382,-0.2851,-0.8969,13.03,0.992,0.952,0.852,0.363
S,0.7072,0.5990,0.3755,14.62,0.984,0.994,1.000,0.646
S,-0.4277,-0.9034,-0.0308,3.82,1.000,0.965,0.865,0.348
S,0.9766,-0.1752,0.1247,3.40,1.000,0.961,0.861,0.373
S,0.4121,0.9104,-0.0365,5.33,1.000,0.963,0.863,0.744
S,-0.6699,0.0824,-0.7379,4.79,0.990,0.950,0.850,0.656
S,0.1345,0.4205,-0.8973,11.51,0.983,0.993,1.000,0.341
S,0.3784,-0.9069,0.1853,12.29,0.820,0.890,1.000,0.505
S,-0.9080,-0.0179,0.4186,5.61,0.991,0.831,0.671,0.360
S,0.2051,0.7372,-0.6438,5.44,0.974,0.984,0.994,0.354
S,-0.9258,-0.3257,-0.1919,3.40,1.000,0.961,0.861,0.769
S,0.5376,-0.8419,-0.0466,8.16,0.982,0.992,1.000,0.950
S,0.0608,-0.9667,0.2485,6.26,1.000,0.972,0.872,0.364
S,-0.4223,-0.9062,0.0189,8.25,0.978,0.988,0.998,0.372
S,-0.2976,-0.0382,0.9539,4.46,0.974,0.984,0.994,0.350
S,0.5454,-0.0406,-0.8372,16.29,0.970,0.980,0.990,0.365
S,0.3268,0.1228,-0.9371,3.56,0.992,0.952,0.852,0.755
S,0.6746,0.3843,0.6302,7.44,0.989,0.999,1.000,0.385
S,-0.5134,-0.4460,0.7331,3.65,0.977,0.987,0.997,0.353
S,0.8374,0.1772,-0.5170,3.41,0.977,0.987,0.997,0.542
S,-0.9229,0.0401,-0.3830,3.47,1.000,0.964,0.864,0.363
S,-0.4897,-0.0352,0.8712,4.85,0.818,0.888,0.998,0.622
S,-0.7221,0.3361,0.6047,9.00,0.987,0.997,1.000,0.363
S,0.1166,-0.9932,-0.0044,3.41,0.818,0.888,0.998,0.657
S,0.2285,0.0183,0.9734,6.77,0.931,0.961,1.000,0.812
S,-0.8173,-0.5745,-0.0450,3.41,0.999,0.959,0.859,0.851
S,0.6874,0.5953,0.4160,3.48,0.984,0.994,1.000,0.725
S,0.2593,-0.7166,-0.6475,6.80,1.000,0.966,0.866,0.514
S,0.1625,0.4354,0.8855,3.42,1.000,0.962,0.862,0.594
S,-0.8374,0.2557,0.4830,16.82,0.989,0.949,0.849,0.383
S,0.2028,-0.9759,0.0808,4.79,0.981,0.991,1.000,0.721
S,0.2332,-0.2724,0.9335,3.40,0.983,0.993,1.000,0.447
S,-0.0808,0.9018,0.4246,16.61,0.820,0.890,1.000,0.980
S,-0.9761,0.0135,-0.2167,3.77,1.000,0.961,0.861,0.446
S,0.1107,-0.9415,-0.3183,3.40,0.992,1.000,1.000,0.845
S,-0.5742,0.3717,-0.7295,5.28,0.977,0.987,0.997,0.849
S,-0.5095,0.8119,-0.2851,8.21,0.984,0.994,1.000,0.375
S,0.1970,-0.4262,-0.8829,6.88,0.997,0.957,0.857,0.792
S,-0.2651,-0.8411,0.4715,13.25,0.976,0.986,0.996,0.722
S,-0.8893,-0.2496,0.3832,3.40,1.000,0.960,0.860,0.547
S,-0.6435,0.2653,-0.7180,3.42,0.971,0.981,0.991,0.340
S,0.9357,0.3460,-0.0693,3.80,0.983,0.993,1.000,0.341
S,-0.3881,0.8372,0.3853,13.88,0.824,0.894,1.000,0.350
S,-0.3648,0.4230,0.8294,5.50,0.997,0.957,0.857,0.389
S,-0.3385,0.5167,0.7864,3.40,0.990,1.000,1.000,0.356
S,0.3753,-0.4227,-0.8249,3.46,0.989,0.949,0.849,0.438
S,-0.1882,-0.4117,0.8917,7.11,0.981,0.991,1.000,0.591
S,0.1741,-0.5177,-0.8377,14.17,0.974,0.984,0.994,0.402
S,-0.3335,-0.0863,-0.9388,4.42,1.000,0.969,0.869,0.677
S,-0.5394,-0.8367,-0.0946,4.61,1.000,0.963,0.863,0.986
S,0.4952,0.6757,-0.5461,4.00,0.976,0.986,0.996,0.442
S,0.0480,0.4990,0.8653,5.00,0.998,0.958,0.858,0.633
S,-0.1618,-0.5373,-0.8277,4.40,0.984,0.994,1.000,0.610
S,0.2739,-0.8646,-0.4212,3.47,0.983,0.993,1.000,0.354
S,0.9288,-0.3467,-0.1313,3.40,0.988,0.998,1.000,0.394
S,-0.2267,-0.9156,-0.3320,3.40,0.977,0.987,0.997,0.344
S,-0.2494,-0.8467,-0.4700,3.52,0.830,0.900,1.000,0.464
S,-0.1439,-0.9224,0.3584,10.12,0.987,0.997,1.000,0.946
S,-0.8357,0.5483,-0.0327,6.19,0.816,0.886,0.996,0.861
S,0.0100,-0.7515,-0.6596,8.70,1.000,0.972,0.872,0.780
S,-0.4559,0.2662,-0.8493,12.21,1.000,0.961,0.861,0.709
S,0.4871,0.4777,0.7311,6.54,0.976,0.986,0.996,0.849
S,-0.6311,0.7641,0.1334,5.72,0.923,0.953,0.993,0.572
S,0.1270,0.9577,-0.2581,5.26,0.968,0.978,0.988,0.823
S,-0.2855,-0.2400,0.9278,3.69,0.822,0.892,1.000,0.434
S,-0.8197,-0.5182,-0.2441,4.13,0.998,0.958,0.858,0.361
S,0.4826,0.3847,0.7868,3.49,0.815,0.885,0.995,0.468
S,-0.7050,-0.7092,0.0070,4.14,0.991,1.000,1.000,0.914
S,-0.3167,0.9378,0.1419,9.39,1.000,0.844,0.684,0.347
S,-0.6839,-0.5208,0.5110,4.05,0.985,0.995,1.000,0.451
S,-0.8395,-0.1293,-0.5278,3.40,0.982,0.992,1.000,0.360
S,0.5098,0.6738,-0.5349,15.20,0.830,0.900,1.000,0.353
S,0.9035,-0.3768,0.2044,3.42,0.997,0.957,0.857,0.463
S,-0.3910,0.9014,-0.1861,5.64,0.992,1.000,1.000,0.443
S,0.8822,-0.4708,-0.0057,8.61,0.825,0.895,1.000,0.658
S,0.5513,-0.3402,-0.7618,3.46,0.808,0.878,0.988,0.396
S,0.5644,0.4235,0.7086,3.41,0.969,0.979,0.989,0.345
S,-0.2973,0.6399,0.7086,3.52,0.986,0.996,1.000,0.607
S,-0.9546,0.2270,0.1931,3.44,1.000,0.964,0.864,0.393
S,0.3272,-0.4482,-0.8319,8.57,1.000,0.843,0.683,0.751
S,0.3614,0.4551,-0.8138,13.71,1.000,0.965,0.865,0.780
S,-0.5313,0.4978,0.6855,3.66,0.974,0.984,0.994,0.845
S,-0.6745,0.4519,0.5839,15.93,0.981,0.991,1.000,0.812
S,0.2958,-0.5370,-0.7900,8.50,1.000,0.846,0.686,0.393
S,-0.4675,0.8839,0.0157,13.98,1.000,0.961,0.861,0.401
S,-0.8167,-0.1021,0.5679,3.87,0.817,0.887,0.997,0.377
S,-0.5240,0.2557,-0.8125,8.07,0.991,0.951,0.851,0.358
S,-0.7269,0.6542,-0.2091,4.63,0.976,0.986,0.996,0.377
S,0.9241,0.2432,-0.2949,3.40,0.991,1.000,1.000,0.540
S,0.5379,-0.6792,-0.4994,3.46,0.981,0.991,1.000,0.344
S,-0.7126,0.7007,-0.0337,7.76,0.942,0.972,1.000,0.831
S,0.5106,-0.5133,-0.6898,3.40,0.998,0.958,0.858,0.379
S,0.6113,0.0444,-0.7902,6.50,0.812,0.882,0.992,0.567
S,-0.0086,0.8346,-0.5509,3.53,0.998,0.838,0.678,0.440
S,0.1393,0.9842,-0.1095,4.10,0.823,0.893,1.000,0.398
S,0.3364,0.2655,-0.9035,3.48,1.000,0.843,0.683,0.531
S,0.5435,-0.8063,0.2335,7.22,0.996,0.956,0.856,0.532
S,-0.3900,0.6537,-0.6485,11.94,0.931,0.961,1.000,0.403
S,0.6975,-0.7163,-0.0213,15.16,0.979,0.989,0.999,0.656
S,-0.3647,-0.8650,-0.3445,8.55,0.973,0.983,0.993,0.740
S,0.0328,0.5993,0.7998,5.20,0.991,0.831,0.671,0.360
S,0.4756,-0.2892,0.8308,3.40,0.989,0.999,1.000,0.813
S,0.5028,0.8523,0.1443,5.73,0.997,0.837,0.677,0.972
S,-0.6899,-0.4542,-0.5637,4.45,0.976,0.986,0.996,0.704
S,-0.1858,0.9409,0.2831,3.40,0.824,0.894,1.000,0.412
S,0.2228,-0.9018,0.3704,9.41,0.981,0.991,1.000,0.688
S,0.2798,-0.8422,-0.4609,6.51,1.000,0.966,0.866,0.351
S,0.3109,-0.7943,0.5220,3.40,0.976,0.986,0.996,0.967
S,0.8932,0.3659,-0.2612,5.06,0.982,0.992,1.000,0.779
S,-0.2482,-0.2567,0.9341,3.40,1.000,0.850,0.690,0.514
S,-0.6018,-0.7235,0.3383,5.69,0.924,0.954,0.994,0.606
S,-0.4312,-0.8511,-0.2995,3.72,0.992,1.000,1.000,0.447
S,-0.9712,-0.2305,0.0606,5.40,0.820,0.890,1.000,0.372
S,0.0560,0.9970,-0.0532,7.04,0.987,0.997,1.000,0.860
S,0.8297,0.5437,0.1269,15.78,0.982,0.992,1.000,0.396
S,0.9691,-0.1059,0.2226,14.54,0.978,0.988,0.998,0.348
S,0.1233,-0.9334,-0.3370,5.47,0.971,0.981,0.991,0.346
S,-0.5192,0.7804,0.3483,10.45,0.995,0.955,0.855,0.739
S,0.5826,0.8088,-0.0798,5.39,0.983,0.993,1.000,0.686
S,0.6751,-0.5608,0.4793,3.42,0.992,1.000,1.000,0.375
S,0.2687,0.9134,0.3057,14.09,1.000,0.964,0.864,0.626
S,0.5365,-0.8364,-0.1120,3.42,0.812,0.882,0.992,0.666
S,-0.6951,0.7117,0.1012,7.93,0.997,0.957,0.857,0.972
S,-0.4049,-0.5443,0.7347,3.86,0.991,1.000,1.000,0.408
S,-0.4794,0.5100,-0.7142,6.68,0.824,0.894,1.000,0.557
S,0.5953,0.0722,0.8003,6.42,0.831,0.901,1.000,0.353
S,0.1932,-0.9639,0.1830,8.87,0.985,0.995,1.000,0.815
S,0.0679,-0.9581,-0.2784,4.46,0.975,0.985,0.995,0.524
S,-0.3209,0.4097,-0.8539,7.33,0.990,1.000,1.000,0.366
S,-0.8401,0.4679,-0.2745,3.61,0.981,0.991,1.000,0.840
S,-0.4747,0.0231,-0.8798,3.42,1.000,0.969,0.869,0.985
S,-0.3520,0.8188,-0.4535,7.57,1.000,0.964,0.864,0.766
S,0.6929,0.5757,-0.4342,7.16,0.981,0.991,1.000,0.911
S,-0.4822,-0.8740,0.0600,3.41,1.000,0.970,0.870,0.537
S,-0.7985,0.1183,-0.5903,3.40,0.985,0.995,1.000,0.847
S,-0.3256,-0.7801,-0.5342,4.74,0.818,0.888,0.998,0.351
S,0.8027,0.0746,-0.5917,7.99,0.998,0.958,0.858,0.399
S,-0.5464,0.5812,0.6030,3.40,0.981,0.991,1.000,0.872
S,0.3286,-0.8266,-0.4570,7.97,0.991,1.000,1.000,0.803
S,-0.0190,0.9455,0.3252,3.57,0.924,0.954,0.994,0.541
S,-0.0170,0.6598,0.7513,4.65,0.995,0.955,0.855,0.442
S,-0.2247,-0.7581,-0.6122,3.49,0.989,0.999,1.000,0.636
S,0.2781,0.8411,-0.4639,3.42,0.992,0.952,0.852,0.973
S,-0.2450,-0.1205,0.9620,4.73,0.815,0.885,0.995,0.899
S,0.9304,-0.3057,0.2021,3.48,0.994,0.954,0.854,0.492
S,-0.0296,-0.5215,-0.8527,3.45,0.977,0.987,0.997,0.778
S,-0.9939,-0.0708,0.0840,3.40,0.990,0.950,0.850,0.974
S,0.6325,-0.4604,0.6229,8.36,0.821,0.891,1.000,0.683
S,-0.3981,-0.5223,0.7541,4.25,0.814,0.884,0.994,0.498
S,0.6386,0.2839,0.7153,11.65,0.933,0.963,1.000,0.514
S,0.9363,-0.1031,-0.3359,4.02,0.817,0.887,0.997,0.432
S,-0.6745,-0.4404,0.5926,3.56,0.995,0.955,0.855,0.367
S,-0.3399,-0.7333,0.5888,3.41,0.996,0.956,0.856,0.451
S,0.4986,0.5239,-0.6906,3.70,0.939,0.969,1.000,0.802
S,0.9826,0.0390,0.1818,3.70,0.985,0.995,1.000,0.510
S,0.0876,-0.7745,-0.6265,3.51,0.992,0.952,0.852,0.947
S,0.9889,-0.0943,-0.1150,3.41,0.993,0.833,0.673,0.682
S,-0.9250,-0.0403,-0.3778,8.86,0.827,0.897,1.000,0.853
S,0.5216,0.6125,0.5939,8.15,0.819,0.889,0.999,0.341
S,0.4439,-0.7925,0.4183,3.93,0.977,0.987,0.997,0.981
S,0.8972,-0.0685,-0.4364,3.40,0.981,0.991,1.000,0.342
S,-0.5918,-0.4136,0.6919,4.80,0.984,0.994,1.000,0.759
S,0.3837,0.9160,-0.1169,4.12,0.990,0.950,0.850,0.652
S,-0.3744,-0.3718,-0.8495,3.53,1.000,0.972,0.872,0.366
S,0.4046,-0.7281,-0.5533,3.42,0.996,0.956,0.856,0.538
S,0.7096,-0.5753,0.4069,3.42,1.000,0.966,0.866,0.785
S,0.8647,0.4969,0.0739,3.74,0.928,0.958,0.998,0.394
S,0.8457,-0.5118,0.1515,14.65,0.940,0.970,1.000,0.373
S,-0.6026,0.7047,0.3745,3.72,0.972,0.982,0.992,0.344
S,-0.5851,0.8003,-0.1312,5.94,0.989,0.949,0.849,0.498
S,0.9686,0.2225,0.1108,17.71,1.000,0.961,0.861,0.776
S,0.3447,0.9376,0.0444,3.41,0.970,0.980,0.990,0.681
S,0.5938,-0.1176,-0.7960,4.96,0.993,0.953,0.853,0.968
S,0.2595,-0.7790,-0.5709,3.48,0.999,0.959,0.859,0.375
S,-0.8911,0.4297,0.1461,3.43,0.812,0.882,0.992,0.505
S,0.7950,-0.4739,-0.3787,3.40,1.000,0.968,0.868,0.377
S,0.9280,-0.2096,0.3080,8.87,1.000,0.966,0.866,0.595
S,0.0694,0.9919,0.1067,4.61,1.000,0.964,0.864,0.373
S,0.6698,0.3055,-0.6768,4.47,0.988,0.998,1.000,0.615
S,0.8120,0.4356,-0.3884,7.24,0.999,0.959,0.859,0.516
S,-0.5363,0.2601,0.8030,3.40,0.939,0.969,1.000,0.512
S,-0.2776,0.0897,-0.9565,16.60,0.812,0.882,0.992,0.750
S,0.7729,-0.1608,-0.6138,6.45,0.990,1.000,1.000,0.986
S,0.9985,0.0553,0.0036,5.06,0.999,0.959,0.859,0.914
S,-0.1845,0.7660,-0.6158,5.47,1.000,0.961,0.861,0.482
S,0.3785,0.8958,0.2331,6.98,0.990,0.950,0.850,0.352
S,-0.2318,-0.9565,-0.1771,3.62,0.813,0.883,0.993,0.481
S,-0.9858,-0.0906,0.1415,3.40,0.981,0.991,1.000,0.347
S,0.1423,-0.9826,0.1194,3.41,0.968,0.978,0.988,0.864
S,0.1512,-0.9700,0.1904,5.22,0.828,0.898,1.000,0.682
S,0.4468,-0.7094,0.5452,13.78,0.919,0.949,0.989,0.731
S,-0.8265,-0.0750,-0.5579,4.99,0.987,0.997,1.000,0.456
S,-0.2980,-0.6508,-0.6983,4.72,0.993,0.953,0.853,0.710
S,0.5826,0.2753,-0.7647,3.41,1.000,0.970,0.870,0.917
S,-0.2440,0.2255,-0.9432,3.74,1.000,0.967,0.867,0.992
S,-0.8650,-0.0882,0.4940,11.57,0.997,0.957,0.857,0.341
S,0.2815,0.9244,0.2573,5.02,0.971,0.981,0.991,0.870
S,-0.4461,0.2875,-0.8476,7.47,1.000,0.972,0.872,0.928
S,-0.2674,-0.5038,0.8214,10.01,0.990,0.950,0.850,0.432
S,0.9271,0.3401,-0.1573,3.41,0.973,0.983,0.993,0.399
S,-0.0694,0.9567,-0.2826,13.05,0.968,0.978,0.988,0.368
S,-0.4696,0.5589,0.6835,13.21,1.000,0.961,0.861,0.842
S,-0.1572,-0.8933,-0.4211,13.39,1.000,0.962,0.862,0.678
S,0.0284,-0.9982,-0.0528,3.40,0.818,0.888,0.998,0.953
S,0.7462,0.5578,-0.3635,3.41,0.815,0.885,0.995,0.720
S,-0.6529,-0.5485,-0.5224,12.87,0.831,0.901,1.000,0.861
S,-0.7020,0.4927,0.5143,3.62,0.972,0.982,0.992,0.496
S,-0.7510,-0.2420,-0.6144,3.85,0.982,0.992,1.000,0.363
S,0.8547,-0.1945,-0.4814,3.74,0.990,1.000,1.000,0.404
S,0.1707,0.9602,-0.2210,3.70,0.922,0.952,0.992,0.734
S,-0.1906,-0.5141,0.8363,3.68,0.819,0.889,0.999,0.475
S,-0.1808,0.8204,-0.5425,3.40,0.990,1.000,1.000,0.842
S,0.8700,0.4572,-0.1845,9.80,1.000,0.970,0.870,0.554
S,-0.3289,-0.0438,0.9433,3.44,0.983,0.993,1.000,0.657
S,-0.7135,-0.2780,0.6432,4.72,0.996,0.956,0.856,0.683
S,0.0448,-0.0672,-0.9967,7.69,1.000,0.966,0.866,0.573
S,-0.9650,0.0598,0.2553,3.40,0.998,0.958,0.858,0.412
S,-0.6038,-0.3210,0.7297,4.15,0.972,0.982,0.992,0.381
S,-0.5458,-0.7157,-0.4358,9.11,0.998,0.958,0.858,0.902
S,-0.1412,-0.6191,-0.7725,8.09,0.991,0.951,0.851,0.661
S,0.3520,-0.4363,0.8281,3.64,1.000,0.968,0.868,0.422
S,-0.2822,-0.9182,0.2778,3.85,0.975,0.985,0.995,0.352
S,-0.8468,-0.2483,-0.4704,5.54,0.825,0.895,1.000,0.434
S,-0.9329,0.3534,0.0690,8.29,0.829,0.899,1.000,0.502
S,-0.4662,-0.8790,-0.1001,4.86,1.000,0.961,0.861,0.367
S,0.1367,-0.9151,0.3792,3.49,0.969,0.979,0.989,0.812
S,-0.9470,-0.0752,-0.3125,3.46,0.822,0.892,1.000,0.794
S,0.9520,0.2777,-0.1290,5.58,0.974,0.984,0.994,0.562
S,0.6160,-0.6328,-0.4692,9.33,0.971,0.981,0.991,0.596
S,0.5969,0.3375,0.7279,3.40,0.988,0.948,0.848,0.908
S,-0.6570,0.0271,-0.7534,16.84,0.981,0.991,1.000,0.900
S,0.2167,0.9578,0.1888,3.64,0.985,0.995,1.000,0.345
S,0.7983,0.1457,-0.5844,5.22,0.981,0.991,1.000,0.372
S,0.2259,-0.7130,-0.6638,12.62,0.972,0.982,0.992,0.539
S,0.0191,-0.6608,-0.7503,4.28,0.927,0.957,0.997,0.582
S,-0.9318,-0.1984,0.3039,9.83,0.818,0.888,0.998,0.401
S,0.0993,-0.8364,-0.5391,4.08,0.980,0.990,1.000,0.355
S,0.5753,-0.8101,0.1133,6.19,0.990,1.000,1.000,0.520
S,0.3418,0.9226,-0.1786,7.47,0.989,0.949,0.849,0.914
S,0.6410,-0.5092,-0.5743,3.52,0.827,0.897,1.000,0.486
S,-0.9999,-0.0061,0.0104,3.67,0.972,0.982,0.992,0.355
S,-0.9260,-0.3104,0.2149,3.40,0.993,0.953,0.853,0.557
S,-0.4531,-0.6400,0.6205,6.56,0.975,0.985,0.995,0.342
S,-0.6973,0.1883,-0.6916,8.74,0.994,0.954,0.854,0.926
S,-0.8126,0.3201,0.4870,6.54,0.973,0.983,0.993,0.682
S,-0.3893,-0.2860,0.8756,3.40,1.000,0.969,0.869,0.901
S,0.7903,0.0066,-0.6127,14.13,0.982,0.992,1.000,0.345
S,-0.8119,-0.1694,0.5587,3.67,1.000,0.960,0.860,0.831
S,-0.0831,-0.0190,-0.9964,3.40,0.972,0.982,0.992,0.858
S,-0.7727,-0.6265,-0.1020,3.40,0.988,0.948,0.848,0.381
S,0.4785,-0.4159,0.7733,5.39,0.991,1.000,1.000,0.879
S,0.1279,-0.5230,0.8427,3.40,0.978,0.988,0.998,0.911
S,-0.4200,0.8094,0.4104,12.21,1.000,0.966,0.866,0.720
S,-0.7446,-0.3501,-0.5684,3.63,0.969,0.979,0.989,0.342
S,0.5367,-0.6025,0.5907,13.67,0.984,0.994,1.000,0.413
S,0.6800,0.3552,0.6414,12.19,0.979,0.989,0.999,0.536
S,-0.8543,0.4134,-0.3152,3.41,0.987,0.997,1.000,0.388
S,0.5015,-0.8495,-0.1641,7.76,0.982,0.992,1.000,0.517
S,-0.6656,0.5777,-0.4726,3.69,0.826,0.896,1.000,0.608
S,-0.4055,-0.9137,0.0260,3.46,0.981,0.991,1.000,0.398
S,-0.1390,-0.8193,-0.5562,3.53,0.823,0.893,1.000,0.727
S,0.3275,0.4603,-0.8252,5.69,0.991,1.000,1.000,0.651
S,-0.0577,0.2622,0.9633,3.40,0.981,0.991,1.000,0.713
S,-0.3608,-0.9158,0.1765,15.05,0.973,0.983,0.993,0.364
S,0.3339,-0.9328,-0.1353,3.50,1.000,0.969,0.869,0.498
S,-0.0496,-0.4329,0.9001,3.44,0.991,1.000,1.000,0.714
S,-0.6654,0.7094,0.2325,3.43,1.000,0.962,0.862,0.783
S,-0.6641,-0.2519,0.7040,6.39,0.996,0.956,0.856,0.600
S,0.6330,0.7235,-0.2752,10.17,0.985,0.995,1.000,0.977
S,0.6029,0.6515,0.4604,4.24,0.978,0.988,0.998,0.341
S,-0.6177,0.3540,0.7022,3.97,0.988,0.998,1.000,0.551
S,0.8620,0.4188,-0.2856,3.41,0.973,0.983,0.993,0.592
S,0.5715,-0.7451,-0.3439,3.69,1.000,0.849,0.689,0.355
S,0.9048,-0.4001,0.1455,16.71,0.987,0.997,1.000,0.394
S,-0.5889,0.7441,-0.3154,7.23,0.829,0.899,1.000,0.350
S,-0.5834,-0.0301,0.8116,3.62,0.984,0.994,1.000,0.707
S,-0.9999,-0.0142,-0.0003,5.22,0.930,0.960,1.000,0.353
S,0.3665,-0.7649,-0.5297,3.42,0.981,0.991,1.000,0.520
S,0.5228,-0.0849,0.8482,3.40,0.988,0.998,1.000,0.343
S,0.6252,0.7392,-0.2503,5.88,0.981,0.991,1.000,0.435
S,0.3326,0.6811,0.6523,4.01,0.968,0.978,0.988,0.950
S,0.8875,-0.0381,0.4591,13.01,0.977,0.987,0.997,0.864
S,-0.2378,0.8423,0.4838,4.32,0.982,0.992,1.000,0.696
S,0.2996,-0.8939,0.3335,3.94,0.990,1.000,1.000,0.522
S,0.0514,-0.9541,-0.2950,3.46,0.969,0.979,0.989,0.648
S,-0.2199,-0.8514,0.4762,3.91,0.973,0.983,0.993,0.340
S,0.0730,0.9947,0.0722,3.40,0.978,0.988,0.998,0.684
S,-0.3332,-0.8366,-0.4348,3.42,0.989,0.999,1.000,0.552
S,-0.4504,-0.8728,-0.1881,3.80,0.980,0.990,1.000,0.515
S,-0.5089,0.8583,-0.0654,3.52,1.000,0.968,0.868,0.788
S,0.8825,-0.0509,-0.4675,3.56,0.811,0.881,0.991,0.886
S,0.6661,0.5387,0.5159,3.46,0.981,0.991,1.000,0.496
S,-0.2399,0.7697,-0.5916,8.38,0.813,0.883,0.993,0.546
S,0.2244,-0.6368,-0.7376,3.40,0.991,1.000,1.000,0.907
S,0.2207,-0.5115,-0.8304,15.89,0.997,0.957,0.857,0.677
S,0.0466,0.2200,0.9744,5.50,0.926,0.956,0.996,0.889
S,0.8675,0.0883,-0.4896,3.70,1.000,0.963,0.863,0.678
S,-0.9335,0.0043,0.3584,10.15,0.990,1.000,1.000,0.517
S,-0.6277,0.6864,0.3673,3.71,1.000,0.969,0.869,0.389
S,-0.2006,-0.5283,0.8250,3.40,1.000,0.961,0.861,0.785
S,0.4824,0.2129,0.8497,10.81,0.992,1.000,1.000,0.533
S,-0.9700,-0.1032,-0.2202,3.61,0.918,0.948,0.988,0.768
S,0.2948,0.4071,0.8645,9.93,0.984,0.994,1.000,0.367
S,0.4575,-0.8674,-0.1956,3.40,0.996,0.956,0.856,0.558
S,0.7530,0.0660,-0.6547,12.01,0.972,0.982,0.992,0.552
S,0.4024,-0.8987,0.1742,3.42,1.000,0.964,0.864,0.768
S,0.9401,-0.3146,-0.1316,3.40,0.815,0.885,0.995,0.428
S,0.4061,0.7915,0.4569,6.16,0.930,0.960,1.000,0.725
S,0.0529,-0.7725,-0.6329,3.95,0.988,0.948,0.848,0.371
S,0.5849,-0.4456,0.6777,8.80,0.968,0.978,0.988,0.593
S,0.5541,-0.1423,-0.8202,10.51,0.981,0.991,1.000,0.672
S,0.4466,0.8374,0.3152,15.19,0.831,0.901,1.000,0.871
S,0.3865,0.9159,-0.1085,3.43,0.987,0.997,1.000,0.402
S,-0.9037,-0.2766,-0.3268,16.17,1.000,0.967,0.867,0.434
S,0.9046,-0.3524,0.2397,3.40,0.990,1.000,1.000,0.955
S,-0.7747,0.1373,0.6172,3.41,0.988,0.948,0.848,0.567
S,-0.0391,0.3757,-0.9259,8.34,0.923,0.953,0.993,0.445
S,-0.4577,-0.8173,0.3500,10.59,0.969,0.979,0.989,0.477
S,0.4245,-0.4662,0.7762,3.75,0.980,0.990,1.000,0.619
S,-0.3108,0.7636,-0.5659,4.59,0.983,0.993,1.000,0.667
S,-0.6222,0.1215,0.7734,7.03,0.989,0.999,1.000,0.788
S,0.1992,0.5598,-0.8044,5.09,0.983,0.993,1.000,0.518
S,0.5320,0.7805,-0.3284,5.37,1.000,0.841,0.681,0.771
S,-0.4015,0.5139,-0.7581,3.61,0.981,0.991,1.000,0.880
S,0.0454,-0.2009,-0.9786,7.07,0.993,0.953,0.853,0.780
S,-0.6270,0.2621,0.7336,4.36,0.937,0.967,1.000,0.447
S,-0.0952,0.3192,0.9429,4.23,0.986,0.996,1.000,0.985
S,-0.8083,0.3723,-0.4560,8.61,0.968,0.978,0.988,0.641
S,0.9110,0.2881,-0.2951,4.08,0.988,0.998,1.000,0.822
S,-0.2354,-0.4493,0.8618,6.32,0.969,0.979,0.989,0.386
S,-0.0356,-0.9993,0.0070,7.87,0.998,0.958,0.858,0.394
S,0.6847,-0.5438,-0.4852,5.41,0.816,0.886,0.996,0.734
S,0.3091,0.6251,0.7167,3.40,0.831,0.901,1.000,0.463
S,0.0774,-0.9648,-0.2513,3.45,0.990,0.950,0.850,0.481
S,-0.4013,-0.9001,0.1695,17.24,0.970,0.980,0.990,0.769
S,-0.8944,-0.1835,-0.4079,4.03,0.925,0.955,0.995,0.449
S,-0.7380,0.1402,0.6601,3.41,1.000,0.968,0.868,0.790
S,0.1312,0.9280,0.3487,7.86,1.000,0.961,0.861,0.402
S,-0.3056,0.7111,0.6332,5.14,0.815,0.885,0.995,0.507
S,-0.4089,0.3292,-0.8511,5.42,0.918,0.948,0.988,0.564
S,-0.5061,0.4276,-0.7490,3.40,1.000,0.967,0.867,0.641
S,-0.5149,-0.1907,-0.8358,6.89,0.979,0.989,0.999,0.445
S,0.7784,-0.2972,-0.5530,4.50,0.973,0.983,0.993,0.727
S,0.5020,0.4938,0.7100,6.25,0.969,0.979,0.989,0.661
S,-0.7316,-0.0495,-0.6799,14.48,0.983,0.993,1.000,0.813
S,-0.4328,0.6855,-0.5854,4.24,0.995,0.955,0.855,0.588
S,-0.5333,-0.8458,-0.0108,4.20,1.000,0.842,0.682,0.383
S,-0.2045,-0.7149,0.6686,3.40,0.983,0.993,1.000,0.679
S,-0.8313,0.2988,0.4686,4.71,0.977,0.987,0.997,0.714
S,0.5649,0.0792,-0.8214,3.43,0.808,0.878,0.988,0.647
S,-0.6228,-0.7487,0.2271,8.41,0.976,0.986,0.996,0.878
S,-0.8846,-0.1565,-0.4393,8.20,0.984,0.994,1.000,0.340
S,0.7656,-0.1222,-0.6316,3.87,1.000,0.968,0.868,0.912
S,0.8794,0.0303,-0.4751,3.41,0.816,0.886,0.996,0.677
S,0.5702,-0.7701,0.2861,3.44,1.000,0.965,0.865,0.922
S,-0.6274,0.5015,-0.5957,4.50,0.815,0.885,0.995,0.425
S,0.6213,-0.6515,-0.4353,3.41,1.000,0.967,0.867,0.353
S,0.3026,0.4319,-0.8496,3.68,0.935,0.965,1.000,0.400
S,0.1873,-0.4229,-0.8866,7.24,0.819,0.889,0.999,0.532
S,0.2613,0.0395,-0.9645,3.76,0.973,0.983,0.993,0.898
S,0.5794,0.6029,0.5485,3.40,0.994,0.834,0.674,0.780
S,0.4692,0.8705,0.1485,4.95,0.977,0.987,0.997,0.378
S,0.4722,-0.8649,0.1703,3.40,0.994,0.954,0.854,0.469
S,0.9988,0.0210,0.0440,15.14,0.970,0.980,0.990,0.414
S,0.3986,-0.8630,0.3105,5.47,1.000,0.963,0.863,0.472
S,-0.0492,-0.7339,-0.6774,3.41,1.000,0.972,0.872,0.410
S,0.8105,-0.4967,-0.3106,11.19,0.976,0.986,0.996,0.726
S,0.5165,-0.5895,0.6211,3.40,0.829,0.899,1.000,0.404
S,0.7271,-0.6417,0.2441,15.61,0.971,0.981,0.991,0.342
S,0.1357,-0.9342,0.3299,3.40,1.000,0.842,0.682,0.553
S,-0.7134,0.1642,-0.6812,3.42,0.942,0.972,1.000,0.480
S,0.4385,0.0311,-0.8982,5.34,0.942,0.972,1.000,0.359
S,0.1566,-0.4227,0.8926,3.40,1.000,0.969,0.869,0.707
S,0.8687,-0.4454,0.2168,5.45,0.984,0.994,1.000,0.445
S,-0.7474,-0.1406,-0.6493,3.40,0.934,0.964,1.000,0.656
S,0.4955,0.1594,0.8538,3.43,0.974,0.984,0.994,0.555
S,-0.0641,-0.6451,-0.7614,3.40,0.972,0.982,0.992,0.495
S,0.5225,0.7874,-0.3272,4.59,0.982,0.992,1.000,0.346
S,-0.6497,-0.3935,-0.6504,3.96,0.994,0.954,0.854,0.370
S,-0.9118,0.3757,0.1660,5.44,0.919,0.949,0.989,0.354
S,-0.7362,-0.6744,-0.0566,10.97,1.000,0.960,0.860,0.595
S,-0.1220,0.8575,0.4997,3.40,1.000,0.971,0.871,0.949
S,-0.1676,0.5482,0.8194,4.99,0.975,0.985,0.995,0.348
S,0.5293,0.2858,0.7989,3.57,0.978,0.988,0.998,0.703
S,-0.6791,0.7156,0.1633,5.29,0.925,0.955,0.995,0.722
S,0.2770,0.9109,0.3058,16.82,0.985,0.995,1.000,0.628
S,0.6347,-0.1019,-0.7660,10.26,0.988,0.998,1.000,0.357
S,-0.3335,0.4461,-0.8305,4.64,1.000,0.962,0.862,0.479
S,0.1327,-0.4940,0.8593,10.87,0.974,0.984,0.994,0.573
S,0.4939,-0.6897,0.5295,5.23,0.821,0.891,1.000,0.961
S,-0.3930,0.7835,-0.4814,6.74,0.980,0.990,1.000,0.514
S,0.2017,0.8018,-0.5625,3.62,0.936,0.966,1.000,0.900
S,0.1334,0.6081,0.7826,12.64,0.992,1.000,1.000,0.775
S,0.8913,0.4529,0.0241,4.55,1.000,0.841,0.681,0.834
S,0.5241,-0.5072,-0.6841,5.67,0.820,0.890,1.000,0.458
S,-0.3562,-0.3386,0.8709,10.84,0.819,0.889,0.999,0.374
S,-0.0972,0.9851,0.1421,3.40,0.819,0.889,0.999,0.533
S,-0.2631,0.4151,0.8709,3.41,0.993,0.953,0.853,0.679
S,-0.8313,-0.0113,-0.5557,4.59,0.977,0.987,0.997,0.575
S,-0.1972,-0.4917,0.8481,3.40,1.000,0.970,0.870,0.365
S,0.7557,-0.4552,0.4709,9.50,0.830,0.900,1.000,0.436
S,0.7842,0.5250,-0.3306,3.40,0.988,0.948,0.848,0.679
S,0.0511,0.5295,0.8468,3.64,1.000,0.967,0.867,0.634
S,0.5226,0.5610,-0.6420,4.00,0.980,0.990,1.000,0.945
S,0.7774,-0.4883,-0.3966,3.59,0.832,0.902,1.000,0.418
S,0.3999,0.9046,-0.1473,8.92,0.811,0.881,0.991,0.387
S,0.5823,-0.3780,0.7197,6.75,0.815,0.885,0.995,0.515
S,-0.3029,0.7642,0.5695,3.43,0.995,0.955,0.855,0.789
S,0.8501,-0.2225,0.4772,6.30,0.983,0.993,1.000,0.858
S,-0.0739,-0.5908,-0.8035,4.24,0.808,0.878,0.988,0.607
S,0.6686,0.7008,-0.2488,6.20,0.986,0.996,1.000,0.779
S,-0.3312,-0.8977,-0.2907,10.81,0.993,0.953,0.853,0.470
S,-0.7713,0.1011,-0.6284,13.06,0.975,0.985,0.995,0.762
S,-0.9565,-0.1964,0.2157,3.41,0.922,0.952,0.992,0.619
S,-0.7975,-0.2289,-0.5583,4.58,0.989,0.999,1.000,0.358
S,0.0856,-0.9327,-0.3504,13.48,0.822,0.892,1.000,0.758
S,-0.4071,0.7052,0.5804,5.65,0.978,0.988,0.998,0.907
S,-0.2530,-0.0006,-0.9675,3.91,0.993,0.833,0.673,0.340
S,-0.2498,0.5060,0.8256,10.24,0.923,0.953,0.993,0.626
S,0.2690,-0.4607,0.8458,5.53,1.000,0.852,0.692,0.364
S,0.4444,0.8903,-0.0995,6.95,0.989,0.949,0.849,0.443
S,0.4775,0.5077,0.7171,3.46,0.976,0.986,0.996,0.379
S,0.0086,-0.9988,0.0473,4.30,0.995,0.955,0.855,0.429
S,-0.0694,0.9199,-0.3859,3.40,0.983,0.993,1.000,0.537
S,0.7746,-0.3394,-0.5337,3.41,0.980,0.990,1.000,0.414
S,-0.5783,0.8154,-0.0264,3.40,0.973,0.983,0.993,0.461
S,-0.0897,-0.6506,-0.7541,3.40,0.997,0.957,0.857,0.771
S,-0.1846,-0.7300,-0.6581,4.27,0.999,0.959,0.859,0.684
S,0.7789,-0.5875,-0.2194,3.57,0.991,0.951,0.851,0.579
S,0.1302,0.7062,-0.6959,3.40,0.976,0.986,0.996,0.507
S,-0.9568,0.2792,0.0809,3.40,0.993,0.953,0.853,0.675
S,-0.6662,0.1040,-0.7384,3.50,0.992,0.952,0.852,0.646
S,-0.0489,0.7423,-0.6683,10.73,1.000,0.962,0.862,0.546
S,0.4817,0.1648,-0.8607,3.69,0.815,0.885,0.995,0.373
S,-0.0191,0.9750,0.2215,6.72,0.973,0.983,0.993,0.572
S,0.6635,-0.5214,0.5366,4.80,0.812,0.882,0.992,0.627
S,0.4208,0.8943,0.1521,3.42,1.000,0.965,0.865,0.445
S,-0.8063,-0.5412,-0.2385,9.84,0.821,0.891,1.000,0.678
S,0.2367,0.7197,0.6527,3.40,1.000,0.962,0.862,0.455
S,-0.4453,0.8650,0.2314,4.03,0.993,0.953,0.853,0.484
S,-0.3361,-0.6843,0.6472,3.82,0.985,0.995,1.000,0.365
S,-0.9864,0.1617,0.0288,5.02,1.000,0.972,0.872,0.602
S,0.8331,-0.5507,0.0518,17.33,0.826,0.896,1.000,0.787
S,0.8921,0.0520,0.4488,3.40,0.985,0.995,1.000,0.363
S,-0.2840,-0.1134,0.9521,3.46,0.983,0.993,1.000,0.692
S,0.8796,0.3165,-0.3551,3.40,0.985,0.995,1.000,0.477
S,-0.4785,0.3116,-0.8210,16.89,0.970,0.980,0.990,0.447
S,0.2862,0.9579,-0.0228,11.40,0.923,0.953,0.993,0.869
S,0.8270,0.5617,-0.0230,14.52,1.000,0.968,0.868,0.697
S,-0.5710,-0.5705,-0.5903,6.41,0.992,1.000,1.000,0.381
S,-0.4550,0.2959,0.8399,3.40,0.969,0.979,0.989,0.455
S,0.3545,-0.8134,-0.4612,3.86,0.975,0.985,0.995,0.366
S,0.7575,0.3560,-0.5473,5.05,0.985,0.995,1.000,0.555
S,-0.3671,-0.1511,-0.9178,3.64,0.989,0.949,0.849,0.567
S,-0.7957,0.5383,0.2777,3.59,0.932,0.962,1.000,0.399
S,-0.0024,0.7836,0.6213,6.42,0.980,0.990,1.000,0.353
S,0.1765,0.3867,-0.9051,3.80,0.827,0.897,1.000,0.661
S,0.0885,0.9086,-0.4082,5.04,1.000,0.970,0.870,0.735
S,0.5604,0.7545,-0.3415,3.40,0.832,0.902,1.000,0.969
S,-0.5046,-0.8549,-0.1202,8.00,0.937,0.967,1.000,0.506
S,0.6961,0.6904,0.1967,3.40,0.988,0.998,1.000,0.671
S,-0.5262,-0.3215,0.7872,6.59,0.968,0.978,0.988,0.548
S,0.5437,-0.4576,-0.7036,3.40,0.922,0.952,0.992,0.972
S,0.3021,-0.8932,0.3330,13.05,0.998,0.958,0.858,0.487
S,-0.0479,-0.9719,-0.2303,10.62,0.978,0.988,0.998,0.778
S,-0.4834,-0.3997,-0.7789,3.74,1.000,0.965,0.865,0.937
S,0.1820,0.8544,-0.4866,3.84,0.986,0.996,1.000,0.828
S,-0.2905,-0.8537,0.4323,3.42,0.972,0.982,0.992,0.708
S,-0.0595,-0.8213,-0.5674,3.54,1.000,0.967,0.867,0.463
S,-0.3222,0.3740,0.8697,3.44,0.968,0.978,0.988,0.960
S,-0.0403,0.9800,0.1947,3.44,0.979,0.989,0.999,0.441
S,-0.9130,0.0510,-0.4048,4.08,1.000,0.967,0.867,0.762
S,-0.1508,0.4099,0.8996,6.38,0.992,0.952,0.852,0.790
S,0.8189,0.4559,-0.3486,10.26,0.990,0.830,0.670,0.388
S,0.2868,0.7756,0.5622,4.02,0.999,0.959,0.859,0.636
S,-0.2194,-0.0305,0.9752,3.40,0.968,0.978,0.988,0.988
S,-0.1200,0.4973,0.8592,4.22,0.978,0.988,0.998,0.889
S,-0.2406,0.0937,-0.9661,3.72,0.973,0.983,0.993,0.408
S,-0.5580,0.8184,-0.1377,6.61,1.000,0.969,0.869,0.753
S,-0.7441,-0.6666,-0.0444,6.69,1.000,0.962,0.862,0.349
S,0.7952,0.3325,-0.5070,6.53,1.000,0.965,0.865,0.508
S,-0.4752,-0.8424,0.2539,4.63,0.992,1.000,1.000,0.566
S,0.9184,0.0035,0.3957,9.97,0.984,0.994,1.000,0.340
S,0.6866,0.6703,-0.2815,3.65,0.984,0.994,1.000,0.434
S,0.8926,0.2721,0.3595,4.83,1.000,0.963,0.863,0.727
S,0.1306,0.8184,-0.5595,4.15,0.970,0.980,0.990,0.764
S,0.6875,-0.6915,-0.2218,3.40,0.972,0.982,0.992,0.420
S,-0.4944,0.2773,0.8238,3.85,0.823,0.893,1.000,0.400
S,0.4288,0.4143,0.8028,14.13,1.000,0.970,0.870,0.538
S,0.7448,0.6244,0.2354,14.36,0.989,0.949,0.849,0.438
S,0.9017,0.4147,-0.1227,10.46,0.990,0.950,0.850,0.349
S,0.9070,-0.3064,0.2889,17.04,1.000,0.966,0.866,0.341
S,-0.4071,0.5200,0.7509,3.62,0.992,0.952,0.852,0.860
S,0.9696,0.1630,-0.1823,3.67,1.000,0.968,0.868,0.462
S,-0.0680,0.6213,0.7806,10.10,0.985,0.995,1.000,0.750
S,-0.1801,-0.9007,0.3953,6.11,0.985,0.995,1.000,0.805
S,-0.1483,0.6528,-0.7429,3.40,0.972,0.982,0.992,0.892
S,-0.6901,0.6670,0.2808,14.13,0.988,0.998,1.000,0.508
S,-0.8132,0.0832,-0.5760,7.54,0.996,0.956,0.856,0.401
S,-0.8911,-0.3332,-0.3080,3.57,0.971,0.981,0.991,0.496
S,-0.9202,-0.2995,-0.2519,5.27,0.985,0.995,1.000,0.847
S,-0.0114,0.9881,0.1533,4.35,0.997,0.957,0.857,0.619
S,0.3580,0.9318,0.0602,3.45,0.978,0.988,0.998,0.356
S,0.8611,0.0138,0.5083,3.40,0.933,0.963,1.000,0.445
S,0.1008,-0.6305,0.7696,3.41,0.984,0.994,1.000,0.690
S,0.0289,0.9543,-0.2973,6.33,0.979,0.989,0.999,0.582
S,-0.3061,-0.8034,-0.5108,9.07,0.978,0.988,0.998,0.937
S,0.9253,0.3402,0.1675,3.41,0.940,0.970,1.000,0.368
S,0.7444,-0.4384,0.5037,3.43,0.970,0.980,0.990,0.348
S,0.2127,-0.9088,0.3588,3.84,0.811,0.881,0.991,0.405
S,-0.0122,0.0453,0.9989,7.70,0.810,0.880,0.990,0.965
S,0.6913,-0.0393,-0.7215,6.07,1.000,0.960,0.860,0.829
S,0.9646,-0.1749,0.1973,4.00,0.826,0.896,1.000,0.645
S,-0.5862,-0.6521,-0.4808,4.98,0.983,0.993,1.000,0.890
S,-0.7720,0.2911,0.5650,10.41,0.998,0.958,0.858,0.557
S,0.4527,-0.3836,0.8049,9.26,0.979,0.989,0.999,0.678
S,0.0785,0.9952,-0.0589,10.90,0.992,1.000,1.000,0.646
S,-0.4604,-0.1848,-0.8682,3.79,0.996,0.956,0.856,0.934
S,0.7430,0.0184,0.6690,4.71,0.928,0.958,0.998,0.348
S,0.4246,0.2657,0.8655,4.90,0.994,0.954,0.854,0.383
S,0.0485,-0.4938,0.8682,3.41,0.932,0.962,1.000,0.344
S,0.5780,0.2131,-0.7877,13.33,1.000,0.971,0.871,0.723
S,-0.7464,-0.6157,0.2525,4.35,0.992,0.952,0.852,0.821
S,-0.8664,0.0101,0.4992,3.40,1.000,0.847,0.687,0.459
S,0.7529,0.2688,-0.6008,10.87,0.985,0.995,1.000,0.577
S,-0.6553,-0.3291,0.6800,3.40,0.972,0.982,0.992,0.899
S,-0.9347,0.1520,0.3213,11.85,1.000,0.960,0.860,0.649
S,0.3305,-0.9206,-0.2082,7.12,0.828,0.898,1.000,0.449
S,0.8515,0.1326,0.5073,4.41,0.984,0.994,1.000,0.634
S,0.0799,0.9438,-0.3207,3.49,0.985,0.995,1.000,0.371
S,-0.4367,-0.3212,0.8403,3.47,0.980,0.990,1.000,0.665
S,-0.4456,0.8397,-0.3103,6.92,0.925,0.955,0.995,0.561
S,-0.8408,0.4345,-0.3229,13.77,1.000,0.846,0.686,0.672
S,-0.6658,-0.7461,-0.0078,12.73,0.994,0.954,0.854,0.506
S,-0.2707,0.1631,-0.9488,3.99,0.990,1.000,1.000,0.363
S,-0.7023,0.2141,0.6789,16.86,0.970,0.980,0.990,0.648
S,0.1294,-0.0883,-0.9877,3.67,1.000,0.962,0.862,0.440
S,-0.2865,0.5018,0.8161,10.88,0.827,0.897,1.000,0.854
S,-0.6454,-0.0581,0.7616,5.00,1.000,0.968,0.868,0.838
S,-0.6345,0.5596,-0.5331,3.70,1.000,0.972,0.872,0.452
S,-0.9654,-0.1446,0.2170,6.97,0.992,1.000,1.000,0.341
S,-0.7454,0.3126,-0.5888,12.66,0.986,0.996,1.000,0.344
S,0.8327,-0.2726,0.4819,4.06,1.000,0.963,0.863,0.450
S,0.1822,-0.6713,-0.7185,10.32,1.000,0.961,0.861,0.429
S,0.0040,-0.5420,-0.8404,17.14,1.000,0.972,0.872,0.438
S,0.0568,-0.3774,0.9243,3.51,0.992,1.000,1.000,0.471
S,-0.8667,0.3312,0.3731,4.23,1.000,0.967,0.867,0.347
S,-0.2355,-0.9575,-0.1666,7.17,0.979,0.989,0.999,0.534
S,0.4362,0.8977,-0.0616,7.22,1.000,0.848,0.688,0.500
S,0.8252,-0.4939,-0.2739,3.41,0.971,0.981,0.991,0.340
S,0.9000,-0.4359,0.0045,16.64,0.975,0.985,0.995,0.537
S,0.7777,-0.2618,-0.5716,3.41,0.991,0.951,0.851,0.653
S,-0.7076,-0.2595,0.6573,3.40,0.971,0.981,0.991,0.387
S,0.0880,-0.0545,-0.9946,13.60,0.989,0.949,0.849,0.533
S,-0.4537,0.2733,0.8482,3.40,0.923,0.953,0.993,0.446
S,-0.5669,-0.5903,-0.5745,3.82,1.000,0.970,0.870,0.861
S,-0.0419,-0.9692,-0.2426,8.74,0.989,0.829,0.669,0.615
S,-0.6390,-0.1400,-0.7563,4.06,1.000,0.971,0.871,0.778
S,0.7403,-0.5733,0.3510,10.75,0.929,0.959,0.999,0.906
S,-0.6628,0.2180,-0.7164,3.40,0.975,0.985,0.995,0.508
S,0.3040,0.8717,-0.3842,4.38,0.919,0.949,0.989,0.351
S,-0.6582,-0.1817,-0.7306,9.10,1.000,0.966,0.866,0.790
S,0.0518,-0.7621,0.6454,4.27,0.972,0.982,0.992,0.673
S,-0.1161,0.2834,-0.9520,3.43,1.000,0.963,0.863,0.618
S,-0.0808,-0.7868,0.6119,6.65,0.998,0.838,0.678,0.343
S,0.4469,0.4702,-0.7611,3.81,0.989,0.949,0.849,0.563
S,0.1686,-0.7457,-0.6446,14.77,0.830,0.900,1.000,0.846
S,-0.1660,-0.5619,-0.8104,6.78,0.994,0.954,0.854,0.355
S,-0.6481,-0.7574,0.0798,3.46,0.968,0.978,0.988,0.752
S,-0.2573,0.8961,-0.3617,4.07,0.831,0.901,1.000,0.486
S,0.0394,-0.5348,-0.8441,3.40,0.970,0.980,0.990,0.639
S,0.6905,-0.7213,-0.0542,10.76,0.978,0.988,0.998,0.582
S,-0.6096,0.7358,0.2949,3.40,0.993,0.953,0.853,0.902
S,0.3109,-0.8766,0.3672,12.88,0.986,0.996,1.000,0.990
S,-0.4283,0.7745,0.4655,3.80,0.975,0.985,0.995,0.632
S,-0.6091,0.0296,-0.7925,3.40,1.000,0.960,0.860,0.757
S,-0.4067,0.5215,0.7501,3.40,0.813,0.883,0.993,0.377
S,0.4424,0.8937,0.0749,4.14,0.988,0.948,0.848,0.688
S,0.1923,-0.4197,-0.8871,16.19,0.825,0.895,1.000,0.381
S,0.1437,-0.9787,-0.1464,3.70,1.000,0.841,0.681,0.561
S,-0.1320,-0.9104,-0.3921,3.40,0.998,0.958,0.858,0.865
S,0.7554,0.5469,-0.3608,6.90,0.972,0.982,0.992,0.832
S,-0.0179,-0.0744,-0.9971,6.32,0.939,0.969,1.000,0.636
S,0.6179,0.2380,0.7494,6.86,0.980,0.990,1.000,0.401
S,0.6867,0.6164,0.3854,3.43,0.969,0.979,0.989,0.342
S,-0.3466,0.1223,-0.9300,3.83,0.824,0.894,1.000,0.544
S,-0.1977,-0.5813,0.7893,9.23,1.000,0.969,0.869,0.915
S,0.6184,-0.0191,0.7856,3.81,0.981,0.991,1.000,0.439
S,0.7187,-0.4337,-0.5434,3.40,0.934,0.964,1.000,0.816
S,-0.7756,-0.5044,-0.3796,16.21,0.939,0.969,1.000,0.479
S,0.3812,0.6312,0.6755,4.23,0.991,0.951,0.851,0.380
S,0.0277,-0.7501,-0.6608,4.38,0.987,0.997,1.000,0.512
S,-0.9724,0.0190,-0.2324,4.01,0.926,0.956,0.996,0.887
S,0.8695,0.1518,0.4701,7.99,1.000,0.845,0.685,0.714
S,-0.9381,-0.3360,-0.0838,3.40,1.000,0.963,0.863,0.834
S,0.4173,0.2561,-0.8720,3.51,0.969,0.979,0.989,0.681
S,0.8813,-0.2193,0.4185,3.53,0.968,0.978,0.988,0.731
S,0.5322,0.0149,-0.8465,6.63,0.982,0.992,1.000,0.904
S,-0.3123,-0.5207,0.7946,4.43,0.988,0.948,0.848,0.741
S,0.9530,-0.2812,-0.1124,11.89,0.979,0.989,0.999,0.735
S,-0.4131,-0.0417,0.9097,14.17,0.979,0.989,0.999,0.419
S,-0.0021,-0.0928,0.9957,4.48,1.000,0.972,0.872,0.714
S,-0.4669,-0.2752,-0.8404,7.38,1.000,0.964,0.864,0.410
S,-0.9948,0.0488,0.0898,3.42,0.934,0.964,1.000,0.639
S,0.6293,0.4553,-0.6298,6.39,1.000,0.969,0.869,0.376
S,-0.8541,0.5006,-0.1414,3.48,1.000,0.968,0.868,0.653
S,-0.6276,0.0535,0.7767,8.83,0.971,0.981,0.991,0.942
S,-0.9312,0.1189,-0.3445,13.41,1.000,0.963,0.863,0.725
S,0.7048,0.6515,-0.2807,3.70,0.972,0.982,0.992,0.375
S,0.0863,-0.1170,-0.9894,7.57,1.000,0.970,0.870,0.375
S,0.2329,0.1721,-0.9571,7.74,0.984,0.994,1.000,0.727
S,-0.6035,0.7252,-0.3315,3.63,1.000,0.962,0.862,0.623
S,-0.7420,0.0801,-0.6656,4.18,0.979,0.989,0.999,0.451
S,-0.6938,0.0023,-0.7202,3.59,0.976,0.986,0.996,0.818
S,-0.5556,-0.5398,-0.6324,9.92,0.982,0.992,1.000,0.354
S,0.5896,-0.5385,-0.6020,10.96,0.978,0.988,0.998,0.661
S,-0.3528,-0.9350,0.0349,6.00,0.988,0.998,1.000,0.440
S,-0.8287,0.2679,-0.4915,4.07,0.972,0.982,0.992,0.857
S,0.8448,-0.2572,0.4693,4.93,1.000,0.969,0.869,0.908
S,-0.5833,0.6026,-0.5447,3.41,0.985,0.995,1.000,0.662
S,0.2225,0.4316,-0.8742,12.72,0.989,0.999,1.000,0.580
S,-0.6603,0.0190,-0.7508,3.40,0.971,0.981,0.991,0.471
S,-0.6369,-0.2542,-0.7278,5.32,1.000,0.961,0.861,0.487
S,-0.6577,0.7493,-0.0775,7.17,0.988,0.948,0.848,0.637
S,-0.3709,0.7616,0.5314,9.75,1.000,0.966,0.866,0.663
S,0.2726,0.9591,-0.0764,3.40,0.978,0.988,0.998,0.443
S,0.5136,-0.7551,0.4074,5.57,0.991,1.000,1.000,0.845
S,-0.9356,-0.2919,0.1986,3.58,1.000,0.963,0.863,0.967
S,0.2569,0.9458,-0.1984,9.48,0.976,0.986,0.996,0.428
S,-0.9154,0.2890,0.2804,3.47,0.992,1.000,1.000,0.758
S,-0.3455,0.9045,0.2502,3.40,0.999,0.959,0.859,0.650
S,-0.5013,0.4804,0.7197,3.45,0.830,0.900,1.000,0.704
S,0.9209,0.0842,0.3806,3.96,0.992,1.000,1.000,0.522
S,-0.9061,0.3824,0.1810,16.66,0.968,0.978,0.988,0.377
S,-0.9663,0.0732,0.2467,14.98,1.000,0.964,0.864,0.467
S,-0.6747,-0.6048,0.4230,7.97,0.989,0.999,1.000,0.701
S,-0.0065,0.9590,0.2834,3.42,0.926,0.956,0.996,0.584
S,0.8988,-0.4315,0.0774,4.31,0.983,0.993,1.000,0.895
S,-0.3103,-0.8815,-0.3558,3.43,0.986,0.996,1.000,0.863
S,0.2289,-0.1741,0.9578,3.40,1.000,0.969,0.869,0.914
S,-0.8266,0.3614,-0.4315,5.03,1.000,0.962,0.862,0.388
S,0.6816,0.6651,0.3049,3.93,0.831,0.901,1.000,0.838
S,-0.2757,0.6593,-0.6995,3.47,1.000,0.967,0.867,0.536
S,-0.3033,-0.1713,-0.9374,9.45,0.986,0.996,1.000,0.497
S,0.1608,0.9796,0.1205,3.43,1.000,0.843,0.683,0.781
S,0.4867,0.6456,-0.5885,3.45,0.828,0.898,1.000,0.803
S,-0.5857,0.4723,-0.6587,3.40,0.993,0.953,0.853,0.668
S,-0.3305,-0.9386,0.0992,3.40,0.818,0.888,0.998,0.406
S,-0.0147,0.9571,0.2893,11.17,1.000,0.962,0.862,0.457
S,-0.8406,-0.4129,0.3504,5.10,0.982,0.992,1.000,0.396
S,-0.9412,0.3028,-0.1502,3.60,0.970,0.980,0.990,0.508
S,0.1473,-0.6145,0.7751,6.74,0.811,0.881,0.991,0.780
S,-0.1762,-0.9696,-0.1696,12.72,0.971,0.981,0.991,0.982
S,0.0538,-0.9925,-0.1096,3.45,0.815,0.885,0.995,0.482
S,-0.6796,-0.4410,-0.5863,10.22,1.000,0.843,0.683,0.645
S,-0.3352,0.4156,0.8455,3.48,0.985,0.995,1.000,0.455
S,0.5497,-0.0563,-0.8335,3.53,0.983,0.993,1.000,0.506
S,0.9895,0.1444,-0.0075,15.76,0.976,0.986,0.996,0.387
S,0.9317,-0.3507,0.0945,4.51,0.979,0.989,0.999,0.500
S,0.8522,-0.3096,0.4217,5.17,0.828,0.898,1.000,0.500
S,0.3685,0.1001,-0.9242,9.43,0.993,0.953,0.853,0.843
S,-0.3068,-0.1075,0.9457,3.47,0.984,0.994,1.000,0.851
S,-0.4008,-0.8999,-0.1717,15.22,0.979,0.989,0.999,0.716
S,0.8957,-0.2536,-0.3653,4.70,1.000,0.966,0.866,0.837
S,0.2064,-0.7708,0.6027,3.40,0.831,0.901,1.000,0.791
S,-0.4871,0.0240,-0.8730,3.82,0.927,0.957,0.997,0.535
S,0.4642,0.5432,-0.6996,7.72,0.982,0.992,1.000,0.343
S,0.3417,0.4410,0.8299,7.85,0.975,0.985,0.995,0.378
S,-0.7672,-0.4441,0.4628,16.01,1.000,0.841,0.681,0.738
S,0.4970,0.7780,0.3845,3.40,0.990,0.950,0.850,0.871
S,0.5055,-0.3712,0.7789,15.15,0.809,0.879,0.989,0.493
S,-0.2570,0.7867,0.5613,16.43,0.940,0.970,1.000,0.847
S,0.9809,-0.1734,-0.0876,3.47,0.991,0.951,0.851,0.544
S,-0.7050,0.7065,-0.0627,5.60,1.000,0.968,0.868,0.801
S,-0.7809,-0.4444,0.4390,4.70,0.968,0.978,0.988,0.407
S,0.0746,0.8119,0.5789,7.61,1.000,0.844,0.684,0.708
S,0.3761,0.9264,-0.0184,10.87,0.988,0.828,0.668,0.716
S,0.6251,0.1989,0.7547,14.81,0.988,0.948,0.848,0.643
S,0.1141,-0.7146,-0.6902,7.47,0.993,0.953,0.853,0.601
S,-0.4061,-0.8262,0.3904,4.64,0.992,0.952,0.852,0.523
S,-0.2377,-0.2151,-0.9472,6.01,0.982,0.992,1.000,0.609
S,-0.2754,-0.9073,0.3176,11.08,0.998,0.958,0.858,0.381
S,0.4787,0.2107,-0.8523,6.33,0.989,0.999,1.000,0.598
S,0.6316,0.3772,-0.6774,3.58,0.989,0.999,1.000,0.574
S,0.3141,-0.0271,-0.9490,11.32,1.000,0.966,0.866,0.409
S,0.4276,-0.1593,0.8898,3.54,0.973,0.983,0.993,0.384
S,0.6769,-0.3362,-0.6548,9.25,0.975,0.985,0.995,0.868
S,0.8487,0.2313,0.4756,3.73,0.989,0.949,0.849,0.507
S,0.5026,0.6056,0.6169,4.57,1.000,0.967,0.867,0.768
S,-0.3109,0.3794,0.8714,5.21,0.978,0.988,0.998,0.509
S,0.9229,0.1280,-0.3631,3.87,0.986,0.996,1.000,0.929
S,-0.4220,-0.3813,0.8225,3.40,1.000,0.969,0.869,0.829
S,-0.3257,-0.0662,-0.9432,4.12,0.992,1.000,1.000,0.929
S,0.6105,-0.7322,-0.3018,4.23,0.936,0.966,1.000,0.958
S,0.9887,0.1455,0.0373,3.40,1.000,0.967,0.867,0.880
S,0.4962,-0.4775,-0.7251,3.68,0.990,0.830,0.670,0.883
S,0.8624,-0.2382,-0.4467,5.98,0.818,0.888,0.998,0.887
S,0.4639,0.3339,0.8206,15.29,1.000,0.961,0.861,0.435
S,-0.9617,0.2743,0.0010,7.29,1.000,0.969,0.869,0.728
S,0.3623,-0.4141,-0.8350,3.74,0.810,0.880,0.990,0.906
S,0.3510,0.3323,-0.8754,8.95,0.970,0.980,0.990,0.536
S,0.7732,-0.5337,0.3427,3.96,0.986,0.996,1.000,0.839
S,0.8103,-0.0153,-0.5858,10.77,0.988,0.998,1.000,0.689
S,0.9905,-0.0216,-0.1355,9.98,0.995,0.955,0.855,0.372
S,-0.3830,0.4658,-0.7977,3.43,0.825,0.895,1.000,0.366
S,0.0945,0.4052,-0.9093,4.44,0.816,0.886,0.996,0.471
S,-0.3506,-0.6770,-0.6471,3.64,0.828,0.898,1.000,0.736
S,0.1221,0.5675,0.8142,3.40,0.991,0.951,0.851,0.739
S,0.9019,0.3167,-0.2938,8.57,0.987,0.997,1.000,0.624
S,0.6681,0.2196,0.7110,3.40,0.821,0.891,1.000,0.408
S,-0.5373,0.4252,-0.7283,4.55,1.000,0.971,0.871,0.417
S,0.1148,0.1407,-0.9834,3.54,0.991,0.951,0.851,0.750
S,0.8809,-0.4549,-0.1309,6.89,0.984,0.994,1.000,0.405
S,0.4031,-0.7792,0.4800,3.40,0.992,1.000,1.000,0.554
S,0.3661,-0.1759,0.9138,3.80,0.989,0.999,1.000,0.494
S,0.9805,0.0591,-0.1872,3.41,1.000,0.968,0.868,0.626
S,-0.1554,-0.5498,0.8208,3.41,0.985,0.995,1.000,0.500
S,-0.7631,-0.5668,-0.3106,3.40,0.828,0.898,1.000,0.341
S,-0.1165,0.7594,0.6401,12.88,0.985,0.995,1.000,0.394
S,-0.8339,-0.1647,-0.5267,3.42,1.000,0.847,0.687,0.385
S,-0.9780,0.0752,-0.1944,3.82,0.998,0.838,0.678,0.426
S,0.0002,0.6359,-0.7718,4.59,0.990,0.950,0.850,0.831
S,-0.2269,-0.4066,-0.8850,5.68,0.972,0.982,0.992,0.627
S,-0.8516,-0.4210,-0.3123,3.40,0.990,0.950,0.850,0.688
S,0.7049,0.1021,-0.7019,4.09,0.978,0.988,0.998,0.832
S,-0.1520,0.4796,0.8642,5.60,0.985,0.995,1.000,0.688
S,0.1263,0.9919,-0.0097,3.40,0.937,0.967,1.000,0.370
S,0.9373,-0.3106,-0.1583,3.50,0.822,0.892,1.000,0.433
S,-0.5701,-0.5988,0.5625,3.91,0.940,0.970,1.000,0.357
S,0.1832,0.9831,-0.0050,5.89,0.819,0.889,0.999,0.992
S,-0.1166,-0.8914,-0.4380,10.14,1.000,0.960,0.860,0.482
S,0.1355,-0.1937,0.9717,3.40,0.980,0.990,1.000,0.524
S,-0.9782,-0.1029,0.1804,6.03,0.822,0.892,1.000,0.487
S,0.2978,0.2285,-0.9269,9.00,0.823,0.893,1.000,0.994
S,-0.1320,-0.9194,0.3705,3.45,1.000,0.961,0.861,0.509
S,0.8092,-0.5849,0.0560,7.93,0.998,0.958,0.858,0.344
S,-0.6204,-0.2949,-0.7267,10.44,0.992,0.832,0.672,0.362
S,0.2543,-0.2721,-0.9281,3.52,0.978,0.988,0.998,0.420
S,0.0189,0.9954,-0.0940,10.79,0.991,0.951,0.851,0.378
S,-0.7677,0.5444,0.3380,4.43,0.831,0.901,1.000,0.710
S,-0.2993,0.8989,-0.3200,3.99,0.821,0.891,1.000,0.559
S,0.6581,0.7478,0.0874,3.66,0.971,0.981,0.991,0.343
S,-0.5049,0.3506,-0.7888,3.47,0.998,0.838,0.678,0.736
S,-0.3597,0.9306,-0.0675,13.00,0.972,0.982,0.992,0.360
S,0.7475,-0.6643,-0.0056,5.38,0.977,0.987,0.997,0.724
S,-0.4473,0.7947,0.4105,3.43,0.933,0.963,1.000,0.347
S,-0.8498,-0.2968,0.4357,6.60,0.926,0.956,0.996,0.413
S,0.4011,0.3436,0.8492,5.20,0.991,1.000,1.000,0.863
S,-0.1848,0.8342,0.5196,3.46,0.825,0.895,1.000,0.744
S,0.6068,-0.5746,-0.5492,16.67,0.831,0.901,1.000,0.940
S,0.4384,0.0999,-0.8932,16.67,0.977,0.987,0.997,0.382
S,0.0009,-0.0461,-0.9989,15.57,0.984,0.994,1.000,0.397
S,0.7150,0.4187,0.5599,3.40,0.985,0.995,1.000,0.943
S,-0.3697,0.9283,-0.0395,12.46,0.996,0.956,0.856,0.548
S,0.6443,-0.7313,-0.2236,3.41,1.000,0.963,0.863,0.343
S,-0.8201,-0.2779,-0.5002,3.40,1.000,0.971,0.871,0.489
S,-0.3202,-0.1512,0.9352,3.79,0.994,0.954,0.854,0.968
S,-0.4918,0.8429,0.2183,3.63,0.989,0.999,1.000,0.934
S,0.4029,-0.8565,-0.3228,5.69,0.991,1.000,1.000,0.491
S,-0.5813,-0.0538,0.8119,6.24,0.992,1.000,1.000,0.425
S,0.6484,-0.6989,0.3019,4.38,0.993,0.953,0.853,0.390
S,-0.3730,-0.5452,0.7508,10.72,0.994,0.954,0.854,0.362
S,-0.5189,0.0278,0.8544,3.52,0.981,0.991,1.000,0.671
S,0.7883,0.4194,-0.4502,14.23,0.980,0.990,1.000,0.671
S,0.3308,-0.6523,0.6820,3.85,0.925,0.955,0.995,0.342
S,-0.3839,-0.6821,-0.6223,5.60,0.981,0.991,1.000,0.383
S,0.9244,-0.0286,-0.3804,3.41,0.985,0.995,1.000,0.639
S,0.0644,-0.0219,-0.9977,10.56,0.982,0.992,1.000,0.838
S,0.3933,0.2208,0.8925,3.43,0.997,0.957,0.857,0.722
S,0.5478,0.7678,0.3322,3.70,0.986,0.996,1.000,0.732
S,-0.7429,-0.2457,0.6227,3.48,1.000,0.972,0.872,0.358
S,-0.3421,-0.6783,-0.6503,14.46,0.977,0.987,0.997,0.468
S,0.1728,0.5536,-0.8147,4.20,0.982,0.992,1.000,0.343
S,-0.1872,-0.9823,-0.0099,3.49,1.000,0.965,0.865,0.856
S,-0.0728,-0.0223,0.9971,3.48,1.000,0.960,0.860,0.718
S,0.5099,0.8177,0.2672,3.40,0.983,0.993,1.000,0.511
S,0.7669,-0.5475,0.3349,3.51,0.989,0.949,0.849,0.835
S,-0.3540,-0.4542,-0.8175,4.66,0.920,0.950,0.990,0.823
S,-0.4070,-0.0819,-0.9097,3.81,0.991,0.831,0.671,0.413
S,0.5680,0.2101,-0.7957,13.02,0.977,0.987,0.997,0.807
S,0.5958,0.2322,-0.7688,4.08,0.824,0.894,1.000,0.668
S,-0.6520,-0.0676,0.7552,4.63,0.811,0.881,0.991,0.700
S,-0.3284,-0.0477,0.9433,3.44,0.996,0.956,0.856,0.518
S,-0.6414,0.4952,-0.5860,19.05,0.981,0.991,1.000,0.491
S,-0.4546,-0.7587,-0.4666,6.21,0.989,0.999,1.000,0.359
S,0.6588,-0.5189,0.5447,3.50,0.919,0.949,0.989,0.605
S,0.2714,-0.7509,-0.6020,8.49,0.991,1.000,1.000,0.426
S,0.2945,-0.4508,-0.8427,12.65,0.832,0.902,1.000,0.463
S,0.8716,-0.4829,-0.0837,3.43,0.971,0.981,0.991,0.778
S,-0.6256,-0.1327,-0.7688,7.30,1.000,0.969,0.869,0.881
S,0.3938,-0.6048,0.6922,4.30,0.819,0.889,0.999,0.406
S,0.5792,0.4836,-0.6562,5.04,1.000,0.970,0.870,0.744
S,0.5937,-0.2593,-0.7618,4.56,0.829,0.899,1.000,0.355
S,-0.7311,-0.2320,0.6416,3.40,0.994,0.954,0.854,0.933
S,-0.0881,0.9427,-0.3219,3.40,0.825,0.895,1.000,0.409
S,0.6447,0.2610,0.7185,5.15,0.829,0.899,1.000,0.412
S,-0.1022,0.0524,0.9934,3.41,0.938,0.968,1.000,0.624
S,0.5548,0.2006,0.8074,3.44,0.977,0.987,0.997,0.477
S,-0.5060,0.7670,-0.3945,12.82,0.991,1.000,1.000,0.347
S,0.1886,-0.9754,0.1144,3.50,1.000,0.965,0.865,0.388
S,-0.6762,0.5158,0.5260,3.68,0.973,0.983,0.993,0.345
S,0.9867,0.1622,0.0138,3.40,1.000,0.961,0.861,0.446
S,-0.9765,-0.2157,0.0050,3.41,0.990,0.950,0.850,0.710
S,-0.3911,0.9179,0.0674,7.71,0.996,0.956,0.856,0.392
S,0.8620,-0.3953,0.3172,3.40,0.985,0.995,1.000,0.952
S,-0.8266,0.1141,0.5511,3.51,0.930,0.960,1.000,0.484
S,0.3942,-0.2435,0.8862,8.08,0.941,0.971,1.000,0.408
S,-0.1932,-0.0213,-0.9809,3.62,1.000,0.963,0.863,0.390
S,0.4937,0.6730,-0.5508,14.11,0.977,0.987,0.997,0.397
S,0.0726,-0.9148,0.3974,6.58,0.973,0.983,0.993,0.537
S,0.6070,-0.7443,-0.2784,4.39,0.933,0.963,1.000,0.341
S,-0.6490,0.6913,-0.3177,10.75,0.991,1.000,1.000,0.863
S,-0.0031,0.3203,0.9473,4.99,1.000,0.961,0.861,0.468
S,0.5795,-0.4581,0.6740,3.40,0.972,0.982,0.992,0.813
S,0.4854,-0.5293,0.6958,9.97,0.978,0.988,0.998,0.350
S,0.2430,-0.9689,-0.0472,3.75,0.828,0.898,1.000,0.462
S,-0.9766,-0.0849,-0.1976,3.89,0.998,0.958,0.858,0.447
S,-0.0837,-0.7648,0.6389,16.17,0.996,0.836,0.676,0.394
S,0.9465,-0.2544,0.1983,16.94,0.973,0.983,0.993,0.953
S,0.2554,-0.7789,-0.5728,4.10,1.000,0.967,0.867,0.573
S,0.0682,-0.9910,0.1150,3.42,0.831,0.901,1.000,0.938
S,-0.2648,0.9446,0.1940,4.50,1.000,0.965,0.865,0.785
S,-0.9361,0.3498,-0.0353,3.40,0.974,0.984,0.994,0.540
S,-0.5620,0.5934,-0.5762,16.41,0.993,0.833,0.673,0.834
S,-0.0717,0.2492,-0.9658,4.10,0.931,0.961,1.000,0.737
S,0.3838,0.2776,0.8807,7.27,0.936,0.966,1.000,0.765
S,-0.5583,-0.1584,-0.8144,11.29,0.985,0.995,1.000,0.925
S,-0.7145,0.4229,-0.5573,10.29,1.000,0.967,0.867,0.605
S,-0.3916,0.8879,0.2413,7.27,0.941,0.971,1.000,0.639
S,-0.1530,-0.5497,-0.8212,4.88,0.996,0.956,0.856,0.944
S,0.7518,0.1303,0.6464,4.65,0.981,0.991,1.000,0.818
S,0.7547,-0.5371,-0.3767,16.93,0.981,0.991,1.000,0.728
S,0.2502,-0.9436,-0.2170,3.40,1.000,0.963,0.863,0.845
S,-0.3553,-0.7373,-0.5745,5.41,0.970,0.980,0.990,0.666
S,0.0454,-0.6391,-0.7678,3.41,0.994,0.954,0.854,0.431
S,0.9369,0.1008,0.3347,3.87,0.933,0.963,1.000,0.672
S,0.9902,-0.0197,-0.1384,6.51,0.993,0.953,0.853,0.340
S,0.8950,0.4357,-0.0958,16.09,0.823,0.893,1.000,0.345
S,-0.6226,-0.6065,0.4946,16.14,0.991,1.000,1.000,0.667
S,0.0556,0.9936,-0.0980,4.88,0.981,0.991,1.000,0.878
S,-0.2684,0.8418,0.4683,3.40,0.920,0.950,0.990,0.966
S,0.1255,0.1938,0.9730,5.61,0.972,0.982,0.992,0.502
S,-0.9850,-0.1726,-0.0028,3.68,0.972,0.982,0.992,0.535
S,-0.7676,-0.4191,0.4850,3.40,0.813,0.883,0.993,0.937
S,0.6870,-0.7208,-0.0916,3.40,0.996,0.956,0.856,0.540
S,-0.3970,-0.2484,-0.8835,3.91,1.000,0.961,0.861,0.449
S,0.8694,0.4168,-0.2655,3.40,0.988,0.948,0.848,0.564
S,-0.1203,-0.0569,-0.9911,3.40,0.968,0.978,0.988,0.821
S,-0.0087,0.1272,0.9918,3.50,0.939,0.969,1.000,0.954
S,-0.1596,-0.6029,0.7817,3.40,0.976,0.986,0.996,0.900
S,-0.4713,-0.7744,-0.4220,3.40,0.980,0.990,1.000,0.887
S,-0.7131,-0.0847,-0.6959,12.93,1.000,0.971,0.871,0.590
S,-0.6120,0.2889,0.7362,3.68,0.987,0.997,1.000,0.556
S,0.3126,-0.0149,-0.9498,3.54,0.999,0.959,0.859,0.372
S,0.3469,-0.0873,-0.9338,3.40,0.808,0.878,0.988,0.409
S,0.7690,-0.5876,-0.2517,7.30,0.988,0.998,1.000,0.506
S,-0.2525,0.7942,0.5528,3.40,0.990,1.000,1.000,0.876
S,-0.2436,0.4951,0.8340,16.27,0.972,0.982,0.992,0.739
S,0.4737,0.6464,-0.5981,3.42,1.000,0.966,0.866,0.708
S,-0.5169,0.7545,-0.4043,3.76,0.988,0.998,1.000,0.579
S,0.4290,0.7399,-0.5182,3.75,0.996,0.956,0.856,0.371
S,0.3286,-0.8973,-0.2948,13.44,0.930,0.960,1.000,0.661
S,-0.0946,-0.9613,0.2587,16.14,0.970,0.980,0.990,0.355
S,-0.2814,-0.9561,-0.0813,6.72,0.984,0.994,1.000,0.460
S,-0.2451,-0.3246,0.9136,3.92,0.982,0.992,1.000,0.692
S,0.2745,0.8713,0.4067,6.04,1.000,0.840,0.680,0.587
S,-0.6766,-0.3425,0.6519,7.78,0.971,0.981,0.991,0.401
S,0.4795,0.8351,0.2698,16.20,0.986,0.996,1.000,0.874
S,-0.1793,0.3623,0.9146,6.81,0.983,0.993,1.000,0.346
S,-0.4390,-0.8690,-0.2284,3.40,0.989,0.949,0.849,0.423
S,0.5821,0.7653,0.2747,17.27,0.977,0.987,0.997,0.688
S,0.3625,-0.8471,-0.3886,6.76,0.989,0.949,0.849,0.386
S,-0.9133,-0.0826,0.3988,7.66,0.821,0.891,1.000,0.354
S,-0.1141,0.5199,-0.8466,10.63,0.999,0.959,0.859,0.475
S,0.1290,0.2269,-0.9653,4.39,0.987,0.997,1.000,0.779
S,0.7186,-0.1436,0.6804,3.76,0.980,0.990,1.000,0.351
S,-0.9059,-0.1002,-0.4114,3.43,1.000,0.960,0.860,0.343
S,-0.8034,0.5786,0.1408,3.64,1.000,0.964,0.864,0.965
S,-0.6954,0.7185,0.0153,14.04,0.988,0.828,0.668,0.525
S,0.1785,-0.9329,-0.3128,3.87,0.971,0.981,0.991,0.389
S,-0.4767,-0.4414,0.7602,3.81,1.000,0.970,0.870,0.405
S,-0.8438,-0.1750,0.5073,6.38,0.983,0.993,1.000,0.583
S,-0.8190,0.5738,-0.0003,4.19,0.929,0.959,0.999,0.422
S,-0.8078,-0.1888,0.5585,3.40,0.933,0.963,1.000,0.697
S,0.8459,-0.3501,-0.4024,3.58,0.981,0.991,1.000,0.353
S,0.9416,0.0540,0.3323,7.16,1.000,0.966,0.866,0.674
S,0.1275,0.9576,0.2585,16.59,0.978,0.988,0.998,0.483
S,0.5646,0.7849,-0.2551,7.31,0.995,0.955,0.855,0.391
S,-0.1662,0.9772,0.1318,3.48,1.000,0.846,0.686,1.000
S,0.5822,-0.3317,0.7423,4.07,0.810,0.880,0.990,0.499
S,-0.7547,-0.2759,0.5952,4.55,1.000,0.970,0.870,0.495
S,-0.8656,-0.3556,-0.3524,3.41,0.979,0.989,0.999,0.887
S,-0.5876,0.5609,0.5832,9.79,0.981,0.991,1.000,0.342
S,-0.2007,-0.9772,0.0693,3.69,0.991,1.000,1.000,0.783
S,0.7398,-0.1179,0.6624,3.41,1.000,0.966,0.866,0.699
S,0.6432,-0.6260,0.4409,15.41,0.935,0.965,1.000,0.810
S,-0.0842,0.4457,0.8912,3.40,0.977,0.987,0.997,0.534
S,-0.2343,0.7636,-0.6017,4.60,0.972,0.982,0.992,0.534
S,-0.2858,0.6908,0.6642,4.30,0.976,0.986,0.996,0.771
S,0.9049,0.3773,-0.1972,3.93,0.981,0.991,1.000,0.847
S,-0.9985,0.0347,0.0423,13.28,1.000,0.966,0.866,0.734
S,-0.4243,-0.7547,-0.5004,5.77,0.968,0.978,0.988,0.348
S,0.4580,0.4472,0.7683,3.40,0.812,0.882,0.992,0.387
S,-0.7011,-0.0470,0.7115,16.85,0.970,0.980,0.990,0.349
S,-0.7144,0.6918,-0.1050,3.72,1.000,0.970,0.870,0.864
S,-0.9598,0.0427,0.2775,4.48,0.988,0.948,0.848,0.474
S,0.5642,0.8068,-0.1756,14.67,0.990,0.950,0.850,0.732
S,0.7186,0.6028,-0.3466,14.47,0.812,0.882,0.992,0.380
S,0.4624,-0.5915,0.6606,4.07,0.824,0.894,1.000,0.766
S,-0.9196,-0.1676,-0.3553,3.84,0.812,0.882,0.992,0.920
S,0.1687,0.8118,-0.5590,8.99,1.000,0.966,0.866,0.760
S,0.1196,0.0005,-0.9928,3.43,0.970,0.980,0.990,0.475
S,0.6531,0.6945,0.3019,10.15,0.991,1.000,1.000,0.956
S,-0.6516,0.5645,-0.5068,3.85,0.977,0.987,0.997,0.416
S,0.4923,-0.4255,-0.7594,5.56,1.000,0.970,0.870,0.942
S,-0.9625,0.2640,0.0624,3.40,0.826,0.896,1.000,0.707
S,0.1919,-0.9776,-0.0865,3.82,0.997,0.957,0.857,0.346
S,0.9093,0.4091,0.0765,4.98,1.000,0.968,0.868,0.497
S,0.5077,-0.8564,-0.0937,3.40,0.813,0.883,0.993,0.503
S,-0.4121,-0.0670,-0.9087,6.38,1.000,0.840,0.680,0.922
S,0.1811,0.7776,0.6021,6.58,0.988,0.948,0.848,0.414
S,0.9091,0.1359,-0.3938,3.48,0.923,0.953,0.993,0.386
S,-0.1111,0.9937,0.0112,3.45,0.968,0.978,0.988,0.530
S,-0.2034,-0.6136,-0.7630,10.91,0.968,0.978,0.988,0.419
S,0.7147,-0.3676,0.5951,3.97,0.811,0.881,0.991,0.494
S,0.2738,0.2568,0.9269,14.34,0.971,0.981,0.991,0.454
S,0.5986,-0.7954,-0.0954,3.72,0.992,0.952,0.852,0.865
S,-0.9685,-0.1694,-0.1827,5.09,0.996,0.956,0.856,0.713
S,-0.4717,0.0436,-0.8807,13.32,0.980,0.990,1.000,0.668
S,-0.6209,-0.3464,0.7031,3.52,0.969,0.979,0.989,0.397
S,-0.2744,-0.0793,-0.9583,3.40,1.000,0.967,0.867,0.363
S,0.6747,-0.5899,-0.4435,13.77,0.998,0.958,0.858,0.471
S,0.0295,-0.0396,0.9988,11.26,0.821,0.891,1.000,0.586
S,-0.2129,0.1023,0.9717,12.32,0.985,0.995,1.000,0.567
S,0.7111,-0.1144,-0.6937,4.17,0.986,0.996,1.000,0.956
S,0.5488,-0.7926,-0.2657,13.02,0.983,0.993,1.000,0.449
S,-0.6945,-0.0142,0.7194,20.98,0.986,0.996,1.000,0.347
S,-0.4010,0.9118,-0.0889,5.73,0.992,1.000,1.000,0.703
S,0.5086,0.7634,-0.3981,10.70,0.999,0.959,0.859,0.438
S,0.9103,-0.4023,0.0975,12.80,1.000,0.961,0.861,0.535
S,0.1817,0.8501,0.4944,11.31,0.978,0.988,0.998,0.344
S,-0.1834,0.9025,0.3897,3.49,0.970,0.980,0.990,0.889
S,0.7433,0.6676,-0.0429,12.61,0.991,1.000,1.000,0.560
S,-0.0900,0.5534,0.8281,6.15,0.988,0.948,0.848,0.378
S,-0.3151,-0.2786,-0.9072,3.90,0.823,0.893,1.000,0.568
S,0.9779,-0.0396,-0.2053,9.49,0.984,0.994,1.000,0.888
S,-0.7368,-0.2333,0.6345,3.41,0.969,0.979,0.989,0.648
S,0.4162,-0.3851,0.8237,3.98,0.995,0.955,0.855,0.416
S,0.5498,-0.4497,-0.7039,3.40,0.974,0.984,0.994,0.513
S,-0.4057,0.2153,-0.8883,3.63,0.975,0.985,0.995,0.383
S,0.9198,0.3506,0.1762,4.69,0.826,0.896,1.000,0.641
S,-0.2647,0.7651,-0.5869,16.57,0.990,1.000,1.000,0.869
S,-0.8199,0.5430,-0.1813,9.65,0.996,0.956,0.856,0.601
S,0.8474,0.3762,0.3747,7.95,0.975,0.985,0.995,0.438
S,0.0656,0.1738,0.9826,3.55,0.980,0.990,1.000,0.672
S,0.3363,-0.3705,0.8658,13.37,1.000,0.966,0.866,0.725
S,0.8670,-0.2445,0.4341,3.40,1.000,0.968,0.868,0.981
S,0.4294,0.5951,-0.6793,3.42,1.000,0.970,0.870,0.340
S,-0.1490,-0.5356,-0.8312,4.67,1.000,0.962,0.862,0.370
S,-0.5761,-0.6167,0.5365,3.40,1.000,0.962,0.862,0.607
S,-0.2035,-0.8840,0.4209,3.40,0.975,0.985,0.995,0.852
S,0.5500,0.4861,-0.6791,3.42,0.973,0.983,0.993,0.792
S,0.1558,0.8260,-0.5417,3.70,0.827,0.897,1.000,0.884
S,-0.4470,-0.7623,0.4680,16.54,0.968,0.978,0.988,0.623
S,0.2977,-0.1186,-0.9473,3.58,0.971,0.981,0.991,0.367
S,0.5134,-0.8119,0.2779,15.45,0.986,0.996,1.000,0.769
S,-0.4171,0.0042,0.9089,14.79,0.979,0.989,0.999,0.719
S,-0.0084,-0.8275,-0.5613,9.49,0.974,0.984,0.994,0.894
S,0.6577,0.7278,0.1943,3.40,0.974,0.984,0.994,0.587
S,0.4394,-0.2319,-0.8679,3.40,0.969,0.979,0.989,0.726
S,0.3809,-0.9010,0.2078,3.40,0.978,0.988,0.998,0.642
S,0.4855,0.8115,-0.3252,12.98,0.972,0.982,0.992,0.382
S,0.7555,0.6043,-0.2531,5.94,0.985,0.995,1.000,0.372
S,-0.7316,0.1066,-0.6734,3.41,0.992,0.952,0.852,0.545
S,-0.2247,-0.4012,0.8880,4.85,0.997,0.957,0.857,0.342
S,-0.8568,0.3710,0.3582,3.40,0.969,0.979,0.989,0.562
S,-0.2986,0.5032,-0.8110,3.43,1.000,0.961,0.861,0.344
S,-0.0281,-0.6652,-0.7461,4.05,0.933,0.963,1.000,0.934
S,-0.8806,0.2127,-0.4234,3.40,0.979,0.989,0.999,0.349
S,0.6341,-0.7526,-0.1778,4.42,0.933,0.963,1.000,0.396
S,-0.4943,-0.7889,-0.3650,3.45,0.974,0.984,0.994,0.372
S,-0.6342,0.1183,-0.7641,17.18,1.000,0.850,0.690,0.453
S,0.4272,0.8956,0.1240,6.46,0.993,0.833,0.673,0.533
S,-0.3094,-0.7682,0.5604,13.33,0.973,0.983,0.993,0.456
S,0.8311,-0.2538,-0.4948,5.23,0.978,0.988,0.998,0.705
S,0.7940,0.4650,0.3917,3.40,0.968,0.978,0.988,0.940
S,0.2341,0.9191,-0.3169,6.16,0.974,0.984,0.994,0.568
S,0.8132,-0.5011,0.2959,5.22,0.922,0.952,0.992,0.875
S,0.0148,0.9972,-0.0730,8.65,0.985,0.995,1.000,0.425
S,-0.9085,-0.4065,0.0973,3.42,0.985,0.995,1.000,0.760
S,0.1165,0.9926,-0.0347,4.76,1.000,0.971,0.871,0.404
S,-0.5530,-0.5258,0.6464,3.59,0.970,0.980,0.990,0.546
S,0.0000,0.5969,-0.8023,3.51,0.984,0.994,1.000,0.353
S,0.5037,0.8615,-0.0642,3.47,0.935,0.965,1.000,0.345
S,0.8559,-0.5019,-0.1248,3.41,0.977,0.987,0.997,0.850
S,-0.6703,0.0907,0.7365,4.18,0.984,0.994,1.000,0.844
S,-0.0217,0.9687,0.2471,13.69,1.000,0.963,0.863,0.509
S,-0.5229,0.3182,-0.7908,17.28,0.813,0.883,0.993,0.894
S,-0.0570,-0.9193,-0.3893,6.99,0.989,0.999,1.000,0.821
S,0.1567,-0.4558,0.8762,11.87,0.808,0.878,0.988,0.621
S,-0.4461,-0.1312,0.8853,4.75,0.824,0.894,1.000,0.646
S,0.2068,-0.2826,0.9367,3.52,0.827,0.897,1.000,0.578
S,0.9353,0.3536,-0.0169,3.53,0.825,0.895,1.000,0.499
S,0.6556,0.5737,-0.4909,9.22,0.984,0.994,1.000,0.936
S,-0.8640,-0.2525,-0.4355,15.99,0.991,0.951,0.851,0.365
S,-0.6894,-0.7179,-0.0971,3.93,0.923,0.953,0.993,0.611
S,0.5003,0.6340,-0.5897,3.40,0.990,0.830,0.670,0.341
S,0.3638,-0.1426,0.9205,3.48,0.827,0.897,1.000,0.656
S,-0.8356,-0.4938,0.2409,3.41,1.000,0.965,0.865,0.598
S,0.6747,-0.3194,0.6654,3.50,0.970,0.980,0.990,0.368
S,-0.0797,-0.2141,-0.9736,6.78,0.979,0.989,0.999,0.790
S,0.7173,0.6879,-0.1111,11.19,0.818,0.888,0.998,0.710
S,0.3936,-0.8686,0.3008,3.57,0.979,0.989,0.999,0.447
S,-0.7414,0.6514,-0.1612,3.40,1.000,0.960,0.860,0.572
S,0.6687,0.5842,0.4600,11.90,1.000,0.840,0.680,0.384
S,-0.5363,-0.3870,0.7501,3.40,0.990,0.950,0.850,0.601
S,0.0161,-0.3442,0.9388,10.19,0.989,0.999,1.000,0.701
S,0.6715,0.4753,-0.5685,3.48,0.977,0.987,0.997,0.361
S,-0.7491,0.5720,0.3343,3.43,0.809,0.879,0.989,0.350
S,0.2120,-0.4030,-0.8903,5.04,0.986,0.996,1.000,0.816
S,-0.2614,-0.2164,-0.9407,17.36,0.812,0.882,0.992,0.992
S,0.3264,-0.8962,0.3004,16.03,0.988,0.948,0.848,0.549
S,-0.7706,0.2264,-0.5958,3.41,0.973,0.983,0.993,0.346
S,0.8321,-0.0972,-0.5461,4.19,1.000,0.969,0.869,0.579
S,0.5993,0.7436,-0.2966,7.83,0.823,0.893,1.000,0.655
S,-0.7024,0.1287,-0.7000,5.83,0.989,0.999,1.000,0.945
S,0.9163,0.3888,-0.0964,3.53,0.970,0.980,0.990,0.573
S,0.1183,0.9229,-0.3665,5.76,0.926,0.956,0.996,0.623
S,0.3727,-0.8768,-0.3040,3.58,0.819,0.889,0.999,0.661
S,-0.4673,-0.6683,0.5788,3.40,0.936,0.966,1.000,0.349
S,0.4299,-0.4160,0.8013,7.15,0.813,0.883,0.993,0.915
S,0.5796,-0.7294,-0.3634,9.35,0.989,0.949,0.849,0.348
S,0.4153,0.4692,0.7794,9.50,0.976,0.986,0.996,0.996
S,0.2232,0.8705,0.4387,3.40,0.932,0.962,1.000,0.707
S,0.8779,0.4261,-0.2184,5.02,0.994,0.954,0.854,0.867
S,-0.9432,0.3290,0.0465,16.41,0.974,0.984,0.994,0.744
S,0.5505,0.4174,-0.7230,11.67,0.974,0.984,0.994,0.343
S,-0.7744,0.3981,0.4918,15.49,0.968,0.978,0.988,0.711
S,-0.7195,-0.6779,0.1507,13.98,0.986,0.996,1.000,0.767
S,-0.1082,0.8678,0.4850,3.40,0.808,0.878,0.988,0.366
S,-0.3101,0.4343,0.8457,11.35,0.823,0.893,1.000,0.341
S,0.2258,-0.9252,0.3050,4.97,0.974,0.984,0.994,0.366
S,0.1543,-0.0995,0.9830,3.40,0.976,0.986,0.996,0.949
S,0.3630,-0.4595,-0.8106,11.74,0.975,0.985,0.995,0.346
S,-0.0158,0.9694,-0.2448,7.46,0.997,0.957,0.857,0.381
S,-0.3745,0.1851,-0.9086,10.44,0.994,0.954,0.854,0.369
S,-0.5069,0.1703,-0.8450,3.54,0.988,0.998,1.000,0.658
S,-0.7739,0.6185,0.1357,3.90,0.826,0.896,1.000,0.456
S,0.9149,-0.4013,-0.0440,8.41,0.930,0.960,1.000,0.790
S,0.3117,0.1767,0.9336,3.40,0.978,0.988,0.998,0.656
S,0.4880,-0.7554,-0.4373,3.40,0.931,0.961,1.000,0.574
S,0.1483,0.7525,-0.6417,3.40,0.975,0.985,0.995,0.781
S,-0.5651,0.8217,-0.0744,3.87,0.997,0.957,0.857,0.436
S,0.1237,0.5316,-0.8379,15.57,0.982,0.992,1.000,0.506
S,-0.8281,-0.4841,-0.2825,3.40,0.829,0.899,1.000,0.451
S,0.5013,0.8123,0.2980,3.42,0.981,0.991,1.000,0.441
S,-0.8910,0.4085,0.1982,3.40,0.924,0.954,0.994,0.350
S,-0.9761,0.1512,-0.1559,9.44,0.977,0.987,0.997,0.692
S,-0.3236,-0.9428,0.0798,3.91,0.937,0.967,1.000,0.934
S,-0.4457,-0.8929,0.0634,5.22,0.826,0.896,1.000,0.611
S,-0.4658,-0.3065,-0.8301,3.85,0.978,0.988,0.998,0.564
S,-0.5504,-0.3256,0.7688,5.53,1.000,0.841,0.681,0.612
S,-0.5298,-0.7624,-0.3715,4.53,0.968,0.978,0.988,0.755
S,-0.9582,-0.2848,0.0278,15.72,0.819,0.889,0.999,0.508
S,0.2417,-0.8420,-0.4824,7.88,0.990,1.000,1.000,0.380
S,0.8502,0.3499,0.3934,3.61,0.980,0.990,1.000,0.682
S,0.9726,0.2325,0.0076,5.92,0.933,0.963,1.000,0.535
S,-0.5543,-0.7636,-0.3312,6.12,0.992,0.952,0.852,0.528
S,0.3925,-0.5485,0.7383,3.40,0.989,0.999,1.000,0.486
S,0.8183,-0.3454,-0.4595,3.40,0.827,0.897,1.000,0.653
S,-0.5382,-0.1256,0.8334,3.40,0.985,0.995,1.000,0.985
S,0.1155,0.9639,0.2400,3.46,0.981,0.991,1.000,0.701
S,-0.2254,0.1952,-0.9545,3.40,0.977,0.987,0.997,0.370
S,0.0260,-0.4390,-0.8981,9.51,1.000,0.963,0.863,0.619
S,0.3804,-0.5708,-0.7276,3.40,0.987,0.997,1.000,0.723
S,-0.5391,-0.5634,0.6261,5.60,1.000,0.966,0.866,0.620
S,0.3889,0.5824,-0.7139,9.38,0.989,0.949,0.849,0.863
S,0.2547,0.8474,-0.4659,3.50,0.988,0.998,1.000,0.403
S,-0.3969,-0.3100,-0.8639,3.40,0.815,0.885,0.995,0.377
S,0.1937,-0.2556,-0.9472,3.40,0.828,0.898,1.000,0.499
S,-0.2632,-0.8976,-0.3536,5.08,1.000,0.962,0.862,0.418
S,0.4180,-0.2964,0.8587,4.33,0.987,0.997,1.000,0.615
S,-0.8283,-0.5580,0.0507,3.47,0.976,0.986,0.996,0.866
S,0.4362,-0.2617,0.8610,6.40,1.000,0.968,0.868,0.417
S,-0.8355,0.3609,-0.4144,3.41,0.989,0.999,1.000,0.789
S,-0.2908,-0.8891,0.3534,4.18,0.980,0.990,1.000,0.495
S,0.3854,-0.6304,0.6739,3.41,0.968,0.978,0.988,0.438
S,-0.8568,-0.2972,0.4214,15.20,0.972,0.982,0.992,0.980
S,0.8049,-0.3327,-0.4913,3.44,0.998,0.958,0.858,0.774
S,0.5907,-0.3943,0.7039,3.45,0.974,0.984,0.994,0.996
S,-0.4293,0.8231,0.3718,10.04,0.815,0.885,0.995,0.517
S,-0.9159,0.1772,0.3603,8.51,0.988,0.998,1.000,0.343
S,-0.8623,0.4220,-0.2799,3.40,0.969,0.979,0.989,0.473
S,-0.7606,-0.3213,-0.5641,3.54,1.000,0.965,0.865,0.481
S,0.6167,-0.6099,-0.4977,3.40,0.982,0.992,1.000,0.397
S,-0.5939,-0.0226,0.8042,4.43,0.970,0.980,0.990,0.574
S,-0.4623,-0.8193,-0.3390,4.22,1.000,0.960,0.860,0.517
S,0.7287,0.2013,-0.6546,3.40,0.820,0.890,1.000,0.375
S,-0.9677,0.2225,-0.1185,3.71,1.000,0.848,0.688,0.579
S,-0.5280,0.7137,0.4602,5.85,0.930,0.960,1.000,0.378
S,0.2292,0.5437,-0.8074,3.43,1.000,0.963,0.863,0.380
S,-0.2554,0.7854,0.5639,12.94,0.985,0.995,1.000,0.618
S,0.3084,0.9197,0.2430,15.36,0.975,0.985,0.995,0.812
S,0.6188,-0.7689,-0.1610,3.40,0.984,0.994,1.000,0.498
S,0.7017,0.0808,0.7079,6.67,1.000,0.963,0.863,0.592
S,0.8907,-0.1903,-0.4129,3.84,0.927,0.957,0.997,0.619
S,-0.2201,0.3822,-0.8975,4.24,0.982,0.992,1.000,0.412
S,0.1505,0.1026,-0.9833,15.87,0.929,0.959,0.999,0.543
S,-0.3428,0.9131,0.2209,16.59,1.000,0.971,0.871,0.433
S,0.4698,0.3509,0.8100,14.96,1.000,0.962,0.862,0.623
S,0.0311,-0.2213,0.9747,3.52,0.998,0.958,0.858,0.700
S,0.5939,0.7790,-0.2011,17.35,0.979,0.989,0.999,0.672
S,-0.5392,-0.6375,0.5502,11.25,1.000,0.968,0.868,0.604
S,-0.8100,0.0340,0.5855,3.63,0.971,0.981,0.991,0.715
S,-0.2355,-0.8132,-0.5322,5.39,0.811,0.881,0.991,0.344
S,-0.9456,0.1675,0.2789,5.03,0.975,0.985,0.995,0.453
S,0.3033,-0.7798,0.5477,11.60,0.970,0.980,0.990,0.600
S,0.7704,0.5873,-0.2481,3.42,0.941,0.971,1.000,0.527
S,-0.3669,-0.1223,0.9222,4.01,0.977,0.987,0.997,0.349
S,-0.6752,-0.1814,0.7150,3.45,0.830,0.900,1.000,0.778
S,-0.5725,-0.3402,-0.7460,3.67,1.000,0.962,0.862,0.954
S,0.8335,-0.4838,0.2668,8.11,0.828,0.898,1.000,0.920
S,-0.2840,0.6747,-0.6813,3.40,0.996,0.956,0.856,0.802
S,0.3287,-0.9441,-0.0230,3.67,0.975,0.985,0.995,0.764
S,0.2602,-0.9608,-0.0961,3.40,0.929,0.959,0.999,0.399
S,-0.3617,-0.5772,-0.7321,3.99,1.000,0.963,0.863,0.414
S,0.6506,0.4992,-0.5723,3.67,0.991,1.000,1.000,0.767
S,-0.0326,0.6561,0.7539,12.80,0.971,0.981,0.991,0.343
S,0.3490,-0.8844,-0.3099,3.53,0.941,0.971,1.000,0.935
S,0.6283,-0.7653,0.1401,8.56,1.000,0.848,0.688,0.417
S,0.3499,0.4745,0.8077,13.93,0.983,0.993,1.000,0.702
S,0.1259,-0.9920,-0.0028,3.51,0.993,0.953,0.853,0.342
S,-0.5546,0.7641,-0.3295,9.21,0.932,0.962,1.000,0.375
S,0.1832,-0.8490,0.4956,12.25,0.994,0.834,0.674,0.552
S,-0.2998,-0.6710,-0.6781,5.29,0.978,0.988,0.998,0.697
S,0.4468,-0.4764,-0.7572,8.50,0.992,1.000,1.000,0.864
S,0.9667,-0.1857,-0.1761,3.61,0.978,0.988,0.998,0.716
S,0.7344,0.1810,0.6541,3.99,0.970,0.980,0.990,0.736
S,-0.9689,-0.0753,0.2358,5.16,0.980,0.990,1.000,0.434
S,-0.2019,-0.5125,-0.8346,3.49,1.000,0.962,0.862,0.791
S,0.6936,0.7152,0.0857,3.42,0.921,0.951,0.991,0.342
S,-0.7988,-0.5514,0.2405,9.38,0.976,0.986,0.996,0.365
S,-0.4550,-0.8491,0.2686,4.04,0.972,0.982,0.992,0.511
S,0.5953,-0.2047,0.7770,3.40,0.994,0.954,0.854,0.375
S,0.8443,-0.4182,-0.3351,3.40,0.810,0.880,0.990,0.578
S,0.3210,-0.4192,-0.8493,13.14,0.976,0.986,0.996,0.686
S,0.9469,-0.2551,0.1957,3.48,0.973,0.983,0.993,0.721
S,-0.4998,0.8658,0.0224,13.28,0.973,0.983,0.993,0.675
S,-0.8060,0.3262,0.4940,3.40,0.991,1.000,1.000,0.703
S,-0.4092,-0.5758,0.7079,3.49,0.938,0.968,1.000,0.852
S,0.8755,-0.0607,0.4795,5.30,0.980,0.990,1.000,0.719
S,-0.9972,-0.0192,-0.0719,5.76,1.000,0.841,0.681,0.843
S,-0.1862,-0.3698,0.9103,3.42,0.993,0.953,0.853,0.606
S,-0.0218,0.1311,-0.9911,4.17,0.931,0.961,1.000,0.875
S,0.4101,-0.3116,-0.8571,4.14,1.000,0.971,0.871,0.745
S,0.9418,-0.3331,-0.0447,3.87,1.000,0.842,0.682,0.628
S,0.2172,-0.0799,-0.9729,11.18,0.973,0.983,0.993,0.916
S,0.1523,-0.7743,-0.6143,3.50,0.812,0.882,0.992,0.394
S,0.3518,0.3759,0.8573,11.81,0.935,0.965,1.000,0.892
S,-0.8264,0.2422,0.5083,3.44,1.000,0.960,0.860,0.605
S,0.6959,0.7073,0.1247,3.40,0.995,0.955,0.855,0.534
S,0.3374,-0.3272,0.8827,3.41,0.982,0.992,1.000,0.614
S,0.2127,-0.5495,-0.8079,17.00,0.970,0.980,0.990,0.486
S,-0.0468,-0.8144,0.5784,3.40,0.981,0.991,1.000,0.929
S,-0.9749,-0.2220,0.0154,3.41,0.975,0.985,0.995,0.552
S,-0.0006,0.6302,-0.7764,9.41,0.815,0.885,0.995,0.436
S,0.7193,0.0439,0.6933,4.65,0.812,0.882,0.992,0.812
S,-0.0785,0.2679,0.9602,3.53,0.976,0.986,0.996,0.953
S,0.2642,-0.2214,0.9387,3.49,0.813,0.883,0.993,0.755
S,-0.8656,-0.0577,0.4973,7.97,0.976,0.986,0.996,0.677
S,0.2723,-0.9318,0.2398,4.94,0.981,0.991,1.000,0.698
S,0.7235,0.4658,0.5096,6.04,0.978,0.988,0.998,0.386
S,-0.4683,-0.8637,-0.1862,3.40,0.973,0.983,0.993,0.340
S,-0.6292,0.6469,0.4308,3.41,0.926,0.956,0.996,0.792
S,0.5410,-0.7346,-0.4095,3.57,0.824,0.894,1.000,0.376
S,0.3528,-0.5163,-0.7804,3.61,0.811,0.881,0.991,0.977
S,-0.8288,0.0204,0.5591,3.58,0.820,0.890,1.000,0.342
S,0.5778,-0.2439,0.7789,15.94,1.000,0.972,0.872,0.343
S,-0.2650,-0.4589,0.8480,16.89,0.975,0.985,0.995,0.378
S,-0.9535,0.1399,-0.2669,4.10,0.984,0.994,1.000,0.342
S,0.5880,-0.4132,0.6954,12.08,0.997,0.957,0.857,0.456
S,0.0377,-0.7456,0.6653,7.42,0.988,0.998,1.000,0.704
S,-0.2984,0.8508,0.4326,6.29,0.988,0.998,1.000,0.364
S,-0.4373,-0.8302,0.3456,3.47,0.989,0.999,1.000,0.799
S,-0.2586,-0.0594,-0.9642,3.40,0.995,0.955,0.855,0.793
S,-0.1875,0.8228,0.5365,7.41,0.927,0.957,0.997,0.358
S,-0.5781,-0.3850,0.7194,10.15,0.999,0.959,0.859,0.964
S,0.5759,-0.6763,0.4593,3.40,1.000,0.967,0.867,0.698
S,-0.4745,-0.0696,0.8775,3.44,0.992,1.000,1.000,0.506
S,-0.1889,0.4475,0.8741,5.91,1.000,0.967,0.867,0.969
S,0.1190,-0.2718,0.9550,3.68,0.975,0.985,0.995,0.881
S,0.7295,0.6671,-0.1507,3.40,0.993,0.953,0.853,0.671
S,-0.1412,0.2725,-0.9517,3.41,0.989,0.949,0.849,0.341
S,-0.7233,-0.3176,-0.6131,4.20,0.982,0.992,1.000,0.572
S,-0.2525,-0.9663,-0.0492,11.75,0.989,0.999,1.000,0.918
S,-0.8086,0.5264,-0.2628,3.44,0.987,0.997,1.000,0.472
S,-0.4592,0.2386,-0.8557,12.35,0.813,0.883,0.993,0.584
S,-0.2166,-0.8336,-0.5081,15.71,0.976,0.986,0.996,0.856
S,0.8078,0.0225,0.5890,3.40,0.970,0.980,0.990,0.775
S,-0.5189,-0.8280,-0.2126,3.40,0.992,1.000,1.000,0.428
S,0.6661,0.4879,0.5641,3.70,0.997,0.957,0.857,0.592
S,0.4908,-0.8140,-0.3108,3.47,0.929,0.959,0.999,0.856
S,0.1587,-0.4865,0.8592,5.92,0.977,0.987,0.997,0.910
S,0.8379,0.4818,-0.2566,15.01,1.000,0.960,0.860,0.420
S,-0.3343,0.9127,0.2349,11.69,0.973,0.983,0.993,0.452
S,0.4896,-0.8370,-0.2446,3.40,0.980,0.990,1.000,0.911
S,-0.7723,0.0409,0.6339,3.65,0.997,0.957,0.857,0.830
S,-0.2689,0.9610,-0.0644,3.41,0.920,0.950,0.990,0.393
S,0.9326,0.3051,0.1930,3.41,0.992,0.952,0.852,0.486
S,0.9457,-0.3090,0.1006,14.18,0.970,0.980,0.990,0.350
S,0.4333,-0.3016,0.8493,15.27,0.992,0.832,0.672,0.616
S,-0.3592,0.5751,-0.7350,9.06,0.981,0.991,1.000,0.737
S,-0.0307,0.6518,0.7578,4.80,1.000,0.961,0.861,0.680
S,0.6261,0.4509,-0.6361,14.49,0.987,0.997,1.000,0.386
S,-0.7865,0.5985,-0.1524,15.26,0.970,0.980,0.990,0.670
S,0.8350,0.2233,-0.5028,4.50,1.000,0.965,0.865,0.454
S,0.4738,0.3573,-0.8049,3.43,0.990,0.950,0.850,0.689
S,0.4795,0.8730,-0.0894,13.58,0.991,1.000,1.000,0.386
S,-0.4777,0.0560,0.8767,8.28,0.980,0.990,1.000,0.446
S,-0.3904,-0.4068,0.8259,7.32,1.000,0.971,0.871,0.436
S,0.8331,-0.3774,-0.4044,3.57,1.000,0.960,0.860,0.340
S,0.4464,0.3175,-0.8366,3.40,0.922,0.952,0.992,0.402
S,0.1513,0.6702,0.7266,3.97,0.969,0.979,0.989,0.951
S,0.6730,-0.4720,-0.5695,4.08,0.985,0.995,1.000,0.504
S,-0.8064,0.0366,-0.5903,3.52,0.992,1.000,1.000,0.358
S,0.4410,0.8939,0.0809,3.59,0.821,0.891,1.000,0.429
S,0.4247,0.0012,0.9053,5.03,0.983,0.993,1.000,0.438
S,0.6482,-0.1638,-0.7437,9.71,0.983,0.993,1.000,0.518
S,0.9403,0.0452,0.3373,18.34,0.968,0.978,0.988,0.381
S,0.6644,0.7473,-0.0114,3.60,0.976,0.986,0.996,0.795
S,0.7413,0.6566,-0.1391,12.69,0.968,0.978,0.988,0.341
S,-0.4446,-0.3440,0.8271,5.31,0.813,0.883,0.993,0.657
S,-0.8468,0.4577,0.2710,3.69,1.000,0.962,0.862,0.565
S,0.6886,0.1710,-0.7047,4.69,1.000,0.962,0.862,0.342
S,-0.1357,-0.7938,-0.5929,6.17,0.986,0.996,1.000,0.955
S,-0.4328,0.3826,-0.8163,3.40,0.981,0.991,1.000,0.369
S,0.2024,-0.6806,-0.7041,3.41,0.972,0.982,0.992,0.408
S,-0.3270,-0.8788,-0.3476,13.58,0.992,0.832,0.672,0.695
S,0.8084,-0.5091,0.2953,3.40,0.996,0.956,0.856,0.973
S,0.9686,-0.2372,-0.0750,4.73,0.820,0.890,1.000,0.560
S,0.5747,-0.3924,-0.7181,5.19,0.980,0.990,1.000,0.976
S,-0.8647,0.1256,0.4863,7.04,0.991,1.000,1.000,0.602
S,-0.0553,0.6558,-0.7529,11.26,0.997,0.957,0.857,0.975
S,-0.6994,0.3514,0.6223,4.40,0.937,0.967,1.000,0.541
S,0.0235,0.9212,0.3885,3.40,0.923,0.953,0.993,0.506
S,-0.9368,0.0753,0.3417,3.42,0.970,0.980,0.990,0.373
S,-0.1244,-0.1050,0.9867,4.45,0.942,0.972,1.000,0.470
S,0.2794,-0.5363,0.7964,3.54,0.818,0.888,0.998,0.982
S,0.1177,0.2083,0.9710,3.41,0.822,0.892,1.000,0.374
S,-0.7160,0.2638,0.6463,3.93,0.822,0.892,1.000,0.543
S,-0.1376,-0.9350,-0.3267,3.41,0.984,0.994,1.000,0.993
S,0.4895,0.8624,0.1286,5.99,0.980,0.990,1.000,0.631
S,0.1936,0.9803,-0.0399,4.44,1.000,0.963,0.863,0.416
S,0.8681,-0.4963,0.0092,9.35,1.000,0.960,0.860,0.585
S,0.8075,-0.5896,-0.0167,11.08,1.000,0.967,0.867,0.611
S,-0.8003,-0.5243,0.2909,5.76,1.000,0.964,0.864,0.471
S,0.5580,0.3266,0.7629,3.40,0.968,0.978,0.988,0.568
S,-0.4641,0.8639,0.1957,3.41,0.828,0.898,1.000,0.403
S,0.9927,-0.0441,0.1123,7.77,1.000,0.972,0.872,0.659
S,-0.3095,0.7533,0.5802,9.98,0.998,0.838,0.678,0.381
S,0.9051,-0.1663,-0.3912,3.79,0.990,1.000,1.000,0.658
S,0.4803,-0.8353,-0.2674,7.80,0.981,0.991,1.000,0.983
S,-0.0271,0.0637,0.9976,3.41,0.970,0.980,0.990,0.355
S,-0.4316,0.3831,-0.8167,8.70,0.986,0.996,1.000,0.346
S,0.1436,0.8239,0.5482,8.23,0.985,0.995,1.000,0.677
S,0.7390,-0.6733,-0.0216,4.52,0.936,0.966,1.000,0.799
S,0.4300,0.7568,0.4924,4.68,0.974,0.984,0.994,0.497
S,0.2333,-0.9335,-0.2724,3.80,0.977,0.987,0.997,0.665
S,0.2344,-0.1984,0.9517,9.05,0.821,0.891,1.000,0.359
S,0.3076,-0.3641,0.8791,4.51,0.978,0.988,0.998,0.640
S,0.4167,0.8960,0.1534,8.62,0.820,0.890,1.000,0.804
S,0.5935,-0.0173,-0.8047,6.16,0.973,0.983,0.993,0.668
S,0.5208,-0.8534,-0.0212,15.39,0.992,0.832,0.672,0.411
S,-0.7334,-0.0499,0.6780,5.93,0.981,0.991,1.000,0.845
S,0.9557,0.2755,0.1040,3.58,0.977,0.987,0.997,0.409
S,-0.9724,0.0071,0.2333,4.87,0.988,0.998,1.000,0.518
S,-0.7625,-0.6244,-0.1696,8.81,1.000,0.962,0.862,0.353
S,-0.7180,0.6930,0.0649,3.40,0.990,0.950,0.850,0.480
S,0.4896,-0.8438,0.2198,7.04,0.931,0.961,1.000,0.941
S,-0.9641,-0.2577,-0.0643,14.71,1.000,0.968,0.868,0.995
S,-0.8464,-0.2144,-0.4874,3.40,0.994,0.954,0.854,0.358
S,-0.0830,-0.9862,-0.1433,7.74,0.919,0.949,0.989,0.467
S,0.3942,0.7790,0.4876,3.87,0.974,0.984,0.994,0.466
S,0.0407,-0.0969,0.9945,17.15,1.000,0.960,0.860,0.759
S,0.7046,0.2518,-0.6635,11.74,0.987,0.997,1.000,0.585
S,-0.2136,-0.8658,0.4526,3.40,0.988,0.948,0.848,0.571
S,0.8535,-0.0933,0.5128,5.57,0.827,0.897,1.000,0.676
S,0.3041,-0.5406,0.7844,3.79,0.975,0.985,0.995,0.699
S,-0.3097,-0.0948,0.9461,6.14,0.990,1.000,1.000,0.915
S,0.3854,0.6998,-0.6014,3.77,1.000,0.967,0.867,0.374
S,0.2384,0.7424,-0.6261,9.60,0.988,0.948,0.848,0.866
S,-0.9611,0.2318,-0.1499,3.41,0.990,1.000,1.000,0.483
S,0.9104,-0.3065,0.2778,3.41,0.824,0.894,1.000,0.344
S,0.5862,0.5519,0.5931,10.99,0.992,1.000,1.000,0.456
S,-0.0296,0.0713,-0.9970,7.49,1.000,0.970,0.870,0.361
S,0.0281,-0.8517,-0.5233,4.17,0.971,0.981,0.991,0.631
S,0.1136,-0.2521,0.9610,6.93,0.923,0.953,0.993,0.997
S,-0.9332,-0.3516,0.0747,17.29,0.990,0.950,0.850,0.341
S,-0.2479,0.2682,0.9309,3.58,0.990,1.000,1.000,0.709
S,0.8614,-0.4760,0.1771,14.51,0.990,0.950,0.850,0.437
S,-0.6422,-0.4849,0.5937,8.01,1.000,0.961,0.861,0.394
S,-0.4896,0.5652,-0.6640,3.86,0.984,0.994,1.000,0.348
S,-0.8384,-0.5367,0.0949,3.40,0.811,0.881,0.991,0.544
S,-0.6041,0.7953,-0.0499,3.87,0.998,0.958,0.858,0.703
S,-0.6325,-0.1574,0.7584,3.41,0.988,0.948,0.848,0.460
S,-0.8455,0.4374,-0.3063,4.64,0.983,0.993,1.000,0.378
S,-0.0448,-0.8328,0.5518,4.77,0.996,0.956,0.856,0.370
S,0.5859,-0.1703,0.7923,3.41,0.927,0.957,0.997,0.383
S,-0.8209,-0.4802,0.3091,5.39,0.969,0.979,0.989,0.357
S,0.4712,-0.1373,0.8713,3.40,0.985,0.995,1.000,0.644
S,0.2611,-0.5897,-0.7642,9.44,0.983,0.993,1.000,0.678
S,-0.2015,-0.6556,0.7277,4.93,0.974,0.984,0.994,0.882
S,0.4881,-0.7214,-0.4913,7.06,1.000,0.964,0.864,0.974
S,-0.1466,0.3560,-0.9229,3.55,0.992,1.000,1.000,0.993
S,0.7738,0.1740,-0.6091,3.83,1.000,0.969,0.869,0.538
S,0.5084,-0.1941,-0.8390,5.35,0.985,0.995,1.000,0.860
S,0.0100,-0.3904,-0.9206,3.40,0.968,0.978,0.988,0.481
S,0.3238,0.0851,-0.9423,7.32,0.972,0.982,0.992,0.344
S,-0.2853,0.2238,-0.9319,3.40,0.993,0.953,0.853,0.630
S,-0.3472,0.3232,-0.8803,3.44,0.969,0.979,0.989,0.466
S,-0.5718,-0.6923,0.4402,3.48,1.000,0.969,0.869,0.413
S,0.8529,-0.1910,-0.4859,13.68,0.999,0.959,0.859,0.426
S,-0.7206,0.6830,0.1197,4.26,1.000,0.960,0.860,0.341
S,-0.9190,-0.3806,0.1028,7.14,0.977,0.987,0.997,0.671
S,-0.9019,-0.4224,-0.0904,3.40,1.000,0.965,0.865,0.391
S,-0.7137,0.5574,0.4242,3.40,0.975,0.985,0.995,0.367
S,0.5246,-0.8431,0.1184,3.40,0.975,0.985,0.995,0.836
S,0.4484,-0.8457,-0.2895,3.40,0.976,0.986,0.996,0.661
S,0.2078,-0.4199,0.8835,13.33,0.928,0.958,0.998,0.439
S,-0.6423,-0.2086,0.7376,3.40,0.937,0.967,1.000,0.659
S,0.8414,-0.5137,-0.1679,3.44,1.000,0.967,0.867,0.845
S,0.4855,0.4094,-0.7725,3.41,0.923,0.953,0.993,0.571
S,0.5805,0.5756,0.5759,7.73,1.000,0.840,0.680,0.506
S,0.0890,0.8242,-0.5593,3.76,0.978,0.988,0.998,0.353
S,0.8008,0.4325,-0.4143,3.95,0.969,0.979,0.989,0.909
S,-0.4237,0.4890,-0.7625,6.33,0.928,0.958,0.998,0.502
S,0.2938,0.9019,-0.3166,8.92,0.983,0.993,1.000,0.660
S,0.7507,0.3147,0.5808,3.40,0.991,0.951,0.851,0.347
S,-0.6663,-0.7455,0.0168,20.22,0.989,0.999,1.000,0.891
S,0.4375,0.5008,-0.7469,4.23,0.969,0.979,0.989,0.418
S,0.2006,0.9716,0.1253,3.58,0.989,0.999,1.000,0.939
S,0.1852,0.3473,-0.9193,3.89,1.000,0.970,0.870,0.835
S,-0.1295,0.1596,-0.9787,3.52,0.941,0.971,1.000,0.911
S,-0.2464,0.2732,0.9299,6.74,0.823,0.893,1.000,0.576
S,-0.9625,-0.2703,0.0249,16.05,0.977,0.987,0.997,0.705
S,-0.3291,-0.2564,-0.9088,12.19,1.000,0.972,0.872,0.489
S,0.8374,-0.5397,0.0861,6.61,0.815,0.885,0.995,0.376
S,0.0716,0.9925,-0.0994,3.42,0.994,0.954,0.854,0.697
S,0.8152,-0.2897,0.5016,8.79,0.811,0.881,0.991,0.590
S,-0.4550,-0.6382,-0.6211,5.39,0.815,0.885,0.995,0.646
S,-0.7696,0.4532,0.4499,3.42,0.988,0.948,0.848,0.463
S,0.0988,0.1759,-0.9794,16.73,0.815,0.885,0.995,0.873
S,-0.4777,0.5217,-0.7069,3.40,0.990,1.000,1.000,0.344
S,-0.9670,-0.2548,-0.0001,3.40,0.996,0.956,0.856,0.451
S,-0.0784,0.9600,-0.2687,3.57,0.997,0.957,0.857,0.527
S,-0.5863,0.7918,0.1714,5.80,0.818,0.888,0.998,0.400
S,0.9053,-0.1654,0.3913,3.45,0.969,0.979,0.989,0.946
S,0.0187,-0.0124,0.9997,3.40,0.969,0.979,0.989,0.880
S,-0.5327,0.2048,-0.8211,3.51,0.991,1.000,1.000,0.413
S,0.3070,-0.6168,0.7248,16.15,1.000,0.968,0.868,0.781
S,-0.2352,-0.6647,0.7091,3.40,0.997,0.957,0.857,0.824
S,0.4337,0.7401,0.5141,3.52,0.971,0.981,0.991,0.365
S,0.4044,-0.9143,-0.0246,10.42,0.979,0.989,0.999,0.786
S,-0.3673,0.5168,-0.7733,10.94,0.999,0.959,0.859,0.517
S,0.1867,-0.6368,0.7481,8.67,0.971,0.981,0.991,0.780
S,0.9182,0.3443,-0.1957,14.99,0.919,0.949,0.989,0.377
S,0.1342,-0.3301,0.9344,3.41,0.986,0.996,1.000,0.340
S,-0.7303,-0.3184,-0.6044,4.67,0.980,0.990,1.000,0.425
S,-0.2503,-0.8518,-0.4602,3.40,0.973,0.983,0.993,0.637
S,-0.5038,-0.8259,0.2532,10.06,0.812,0.882,0.992,0.464
S,-0.1810,0.9833,-0.0176,4.41,0.989,0.999,1.000,0.477
S,-0.8487,-0.2234,0.4793,4.03,0.997,0.957,0.857,0.847
S,0.1046,0.4492,-0.8873,4.10,0.983,0.993,1.000,0.442
S,0.5872,0.6356,0.5013,3.64,0.968,0.978,0.988,0.719
S,-0.0827,-0.7141,0.6951,9.60,1.000,0.963,0.863,0.751
S,-0.1892,-0.9363,0.2959,3.40,1.000,0.972,0.872,0.405
S,0.4791,-0.1454,-0.8656,6.10,0.973,0.983,0.993,0.516
S,-0.9197,-0.3667,0.1404,3.40,0.983,0.993,1.000,0.582
S,-0.9438,-0.2555,0.2099,3.45,0.998,0.958,0.858,0.381
S,0.5717,0.1485,-0.8069,3.50,0.988,0.948,0.848,0.513
S,0.5800,0.4709,0.6647,16.77,1.000,0.970,0.870,0.473
S,0.7128,0.3448,0.6107,6.78,0.977,0.987,0.997,0.641
S,0.0811,-0.9340,0.3480,3.40,0.977,0.987,0.997,0.372
S,-0.2745,-0.4599,-0.8445,12.06,0.924,0.954,0.994,0.398
S,-0.6070,0.5988,0.5225,3.42,0.980,0.990,1.000,0.555
S,-0.0785,-0.9875,-0.1363,3.46,0.991,1.000,1.000,0.341
S,0.0192,-0.4432,-0.8962,3.72,0.969,0.979,0.989,0.987
S,0.0977,0.3916,0.9149,3.86,0.989,0.949,0.849,0.852
S,-0.7838,-0.3058,0.5405,6.53,0.981,0.991,1.000,0.363
S,-0.2388,-0.2187,0.9461,9.86,1.000,0.968,0.868,0.711
S,-0.0643,0.6622,0.7466,3.96,0.968,0.978,0.988,0.344
S,-0.8065,0.2114,0.5522,3.40,1.000,0.961,0.861,0.427
S,-0.1713,-0.1515,-0.9735,7.64,0.828,0.898,1.000,0.619
S,0.1317,-0.8453,0.5178,15.53,0.989,0.999,1.000,0.341
S,0.5875,-0.7042,-0.3988,3.40,1.000,0.961,0.861,0.814
S,0.0146,-0.8077,0.5894,6.36,0.980,0.990,1.000,0.904
S,-0.4211,-0.5042,0.7540,8.81,0.978,0.988,0.998,0.379
S,0.1442,-0.6428,-0.7523,3.56,0.992,1.000,1.000,0.730
S,-0.4688,-0.4957,0.7311,3.48,0.988,0.948,0.848,0.528
S,-0.3935,0.1435,0.9080,3.43,0.977,0.987,0.997,0.646
S,0.8851,-0.0590,-0.4617,3.50,0.815,0.885,0.995,0.727
S,0.0907,-0.9773,0.1914,6.13,0.987,0.997,1.000,0.795
S,0.2833,0.8289,-0.4823,3.49,1.000,0.849,0.689,0.835
S,-0.1617,-0.5519,-0.8181,11.20,0.832,0.902,1.000,0.812
S,0.6586,0.4567,-0.5981,3.42,0.983,0.993,1.000,0.355
S,-0.3640,-0.9311,0.0252,3.40,0.935,0.965,1.000,0.340
S,0.5413,-0.7742,-0.3280,8.32,0.989,0.999,1.000,0.366
S,0.9850,0.1678,0.0396,4.47,0.980,0.990,1.000,0.754
S,0.4439,-0.7455,0.4971,5.25,1.000,0.966,0.866,0.567
S,0.3151,-0.9462,-0.0742,10.25,0.828,0.898,1.000,0.609
S,-0.7797,-0.4700,-0.4138,9.92,0.974,0.984,0.994,0.510
S,0.9659,0.2410,0.0949,3.42,0.979,0.989,0.999,0.391
S,0.4045,-0.1901,0.8945,3.87,0.968,0.978,0.988,0.724
S,-0.2632,0.8203,0.5077,8.48,0.818,0.888,0.998,0.448
S,-0.4514,-0.8904,0.0587,5.63,1.000,0.970,0.870,0.363
S,-0.3909,0.1786,0.9030,10.75,0.994,0.954,0.854,0.340
S,-0.6428,0.1746,-0.7459,3.70,0.989,0.949,0.849,0.465
S,-0.6264,-0.2424,-0.7408,3.40,0.972,0.982,0.992,0.547
S,0.3975,-0.6573,0.6404,3.79,0.978,0.988,0.998,0.632
S,0.0785,0.5245,0.8478,3.86,0.991,0.951,0.851,0.808
S,-0.0310,-0.9910,0.1301,7.20,0.831,0.901,1.000,0.526
S,-0.0092,0.0617,0.9981,3.40,0.993,0.953,0.853,0.442
S,-0.1805,0.8306,0.5269,14.41,1.000,0.846,0.686,0.600
S,0.7260,0.6292,0.2776,7.16,0.984,0.994,1.000,0.376
S,-0.5222,-0.4384,0.7315,6.41,0.973,0.983,0.993,0.956
S,-0.6405,-0.6053,0.4726,6.18,0.982,0.992,1.000,0.692
S,-0.0350,0.8508,0.5243,3.47,0.822,0.892,1.000,0.532
S,-0.5674,0.3863,-0.7272,3.40,0.814,0.884,0.994,0.546
S,-0.8147,-0.5713,-0.0994,9.82,0.995,0.955,0.855,0.379
S,0.9377,-0.3452,0.0386,8.15,0.980,0.990,1.000,0.825
S,-0.1476,0.5377,-0.8301,5.83,0.810,0.880,0.990,0.667
S,-0.1034,0.2098,-0.9723,3.92,0.996,0.956,0.856,0.357
S,0.3250,-0.1676,-0.9307,3.74,1.000,0.969,0.869,0.614
S,-0.2149,0.3301,-0.9192,10.35,1.000,0.966,0.866,0.572
S,0.1322,0.1824,0.9743,11.43,0.986,0.996,1.000,0.572
S,0.0588,0.8969,0.4383,3.41,0.822,0.892,1.000,0.990
S,-0.2324,-0.1214,0.9650,3.86,0.982,0.992,1.000,0.553
S,-0.9583,-0.1641,0.2341,8.62,0.985,0.995,1.000,0.521
S,0.9040,-0.2876,-0.3162,12.21,1.000,0.967,0.867,0.348
S,-0.6370,0.4208,-0.6458,15.17,1.000,0.966,0.866,0.908
S,0.7652,0.5300,0.3654,3.40,0.970,0.980,0.990,0.363
S,0.0007,0.3358,-0.9419,16.49,1.000,0.970,0.870,0.588
S,-0.9417,0.1419,0.3049,7.19,1.000,0.968,0.868,0.361
S,0.7067,-0.0643,0.7046,3.40,0.925,0.955,0.995,0.607
S,0.1550,0.8755,-0.4577,3.58,0.968,0.978,0.988,0.940
S,-0.5908,-0.5418,0.5979,3.40,0.991,0.951,0.851,0.558
S,-0.6625,0.7463,-0.0643,10.88,0.979,0.989,0.999,0.767
S,0.4564,0.8589,-0.2323,3.40,0.923,0.953,0.993,0.539
S,0.0821,-0.5538,-0.8286,3.40,0.982,0.992,1.000,0.529
S,0.7164,-0.1580,-0.6796,4.90,0.993,0.953,0.853,0.553
S,-0.6134,-0.5429,-0.5736,3.81,1.000,0.965,0.865,0.946
S,-0.9113,0.1513,-0.3829,3.41,0.990,1.000,1.000,0.606
S,-0.8036,-0.4788,-0.3536,3.57,0.994,0.954,0.854,0.885
S,-0.2815,-0.9341,0.2197,3.91,0.988,0.998,1.000,0.506
S,-0.0564,0.5551,0.8299,7.50,0.976,0.986,0.996,0.341
S,-0.5798,-0.4225,-0.6966,3.64,0.970,0.980,0.990,0.593
S,0.8271,-0.4267,0.3658,9.50,0.930,0.960,1.000,0.588
S,-0.8180,-0.4514,-0.3565,8.97,0.988,0.948,0.848,0.523
S,0.4298,-0.1551,0.8895,3.40,0.980,0.990,1.000,0.389
S,-0.7855,-0.1590,-0.5981,3.42,1.000,0.969,0.869,0.392
S,-0.5200,0.4921,0.6981,3.40,0.992,1.000,1.000,0.745
S,-0.0115,0.4043,0.9145,11.37,1.000,0.972,0.872,0.554
S,0.1994,-0.9780,0.0618,3.40,0.978,0.988,0.998,0.977
S,-0.4727,0.2915,-0.8316,3.41,0.999,0.959,0.859,0.524
S,0.2221,0.1142,0.9683,11.71,0.978,0.988,0.998,0.364
S,-0.8044,0.5939,0.0174,3.40,0.980,0.990,1.000,0.996
S,-0.3819,0.8982,0.2177,8.00,0.825,0.895,1.000,0.437
S,0.9808,-0.1402,0.1353,3.41,1.000,0.970,0.870,0.541
S,0.6346,0.5336,0.5590,3.46,0.995,0.955,0.855,0.571
S,-0.8331,-0.5215,0.1844,3.41,0.808,0.878,0.988,0.353
S,-0.1074,0.9932,0.0453,3.44,0.981,0.991,1.000,0.643
S,0.4702,-0.8180,-0.3313,13.82,0.830,0.900,1.000,0.602
S,0.5915,0.8057,0.0314,17.35,0.815,0.885,0.995,0.514
S,0.2511,-0.7748,0.5802,3.83,0.980,0.990,1.000,0.689
S,0.1699,0.7067,0.6868,3.46,1.000,0.972,0.872,0.453
S,-0.2694,-0.9458,0.1812,3.40,0.993,0.953,0.853,0.451
S,0.5523,0.7070,-0.4417,4.49,1.000,0.968,0.868,0.696
S,0.4020,-0.5524,0.7303,4.49,1.000,0.972,0.872,0.851
S,-0.1317,-0.4041,0.9052,3.99,0.975,0.985,0.995,0.867
S,0.4916,-0.6954,-0.5242,3.49,0.830,0.900,1.000,0.455
S,-0.1108,-0.3675,-0.9234,13.02,0.971,0.981,0.991,0.989
S,-0.2993,-0.9235,0.2399,3.44,0.821,0.891,1.000,0.413
S,0.0809,0.2255,-0.9709,3.40,0.980,0.990,1.000,0.872
S,-0.2085,0.7788,0.5916,3.40,0.987,0.997,1.000,0.457
S,0.8119,-0.3040,-0.4985,4.35,0.992,1.000,1.000,0.746
S,-0.9183,0.3958,0.0016,5.97,1.000,0.972,0.872,0.371
S,-0.0938,0.5867,-0.8043,3.41,0.982,0.992,1.000,0.550
S,-0.2979,0.9512,-0.0802,5.93,0.983,0.993,1.000,0.764
S,-0.9125,0.0148,-0.4089,3.60,0.987,0.997,1.000,0.390
S,0.5797,-0.2830,-0.7642,3.40,0.989,0.999,1.000,0.555
S,-0.4282,0.8131,-0.3943,3.54,0.969,0.979,0.989,0.726
S,-0.4721,-0.6807,0.5602,3.40,0.994,0.954,0.854,0.399
S,0.3676,0.8455,0.3872,7.95,0.999,0.959,0.859,0.376
S,0.0937,-0.5674,0.8181,3.41,1.000,0.969,0.869,0.397
S,-0.0601,0.6809,0.7299,6.86,0.983,0.993,1.000,0.589
S,0.9427,-0.1508,-0.2976,11.85,0.979,0.989,0.999,0.705
S,0.1205,0.9379,-0.3254,3.41,0.995,0.955,0.855,0.419
S,0.0756,-0.9945,-0.0730,6.87,1.000,0.963,0.863,0.414
S,-0.3328,-0.7633,-0.5537,9.47,0.939,0.969,1.000,0.411
S,-0.0018,0.8941,0.4479,4.25,1.000,0.961,0.861,0.855
S,0.7845,-0.2635,0.5614,7.96,0.990,1.000,1.000,0.973
S,-0.3119,-0.1118,-0.9435,16.15,0.973,0.983,0.993,0.447
S,-0.2195,0.7880,0.5752,3.40,0.990,0.950,0.850,0.493
S,-0.4885,-0.6701,-0.5589,10.91,1.000,0.971,0.871,0.539
S,0.1582,0.7954,0.5851,8.89,0.923,0.953,0.993,0.367
S,0.9182,0.3904,-0.0673,5.23,0.980,0.990,1.000,0.704
S,-0.6802,0.4957,-0.5400,5.02,0.919,0.949,0.989,0.605
S,0.5455,0.1505,-0.8245,3.70,0.991,1.000,1.000,0.528
S,-0.8036,-0.5191,0.2913,4.25,0.971,0.981,0.991,0.799
S,0.9272,-0.2273,0.2977,8.51,1.000,0.965,0.865,0.493
S,0.0451,0.6237,-0.7803,3.40,0.968,0.978,0.988,0.594
S,-0.0363,-0.7780,-0.6272,3.40,0.820,0.890,1.000,0.357
S,-0.9351,0.3532,-0.0280,7.37,0.988,0.948,0.848,0.379
S,0.1366,0.7098,-0.6910,4.29,0.935,0.965,1.000,0.606
S,0.9929,-0.1064,0.0526,3.58,0.937,0.967,1.000,0.505
S,0.4685,0.7495,0.4678,3.40,0.815,0.885,0.995,0.413
S,0.6392,0.4152,-0.6473,10.52,0.921,0.951,0.991,0.383
S,0.1823,0.0639,-0.9812,3.71,0.970,0.980,0.990,0.443
S,0.8108,0.4669,0.3530,3.40,0.976,0.986,0.996,0.385
S,-0.8993,0.2999,0.3184,3.57,0.939,0.969,1.000,0.872
S,0.6266,0.7664,0.1414,3.41,1.000,0.960,0.860,0.474
S,0.2248,0.7685,0.5991,8.81,1.000,0.962,0.862,0.885
S,0.6465,-0.7492,-0.1441,9.92,0.808,0.878,0.988,0.451
S,-0.7891,-0.1882,-0.5847,4.56,0.991,1.000,1.000,0.348
S,-0.3863,-0.0455,0.9213,5.69,0.812,0.882,0.992,0.434
S,-0.8228,-0.3979,-0.4059,6.44,1.000,0.961,0.861,0.377
S,0.9655,-0.1473,0.2147,3.43,0.989,0.949,0.849,0.671
S,-0.2758,-0.5116,-0.8138,4.23,0.993,0.953,0.853,0.356
S,0.9962,0.0567,0.0661,3.93,0.995,0.955,0.855,0.824
S,-0.7169,-0.4292,-0.5494,3.40,0.980,0.990,1.000,0.400
S,-0.3658,0.6416,-0.6742,3.44,0.936,0.966,1.000,0.351
S,0.5122,0.4431,-0.7357,3.62,0.816,0.886,0.996,0.343
S,-0.3975,-0.6776,0.6187,10.91,0.985,0.995,1.000,0.886
S,-0.0624,-0.1520,-0.9864,4.00,0.816,0.886,0.996,0.506
S,0.2299,0.2396,-0.9432,3.51,1.000,0.965,0.865,0.347
S,-0.2496,0.4669,-0.8483,4.90,0.996,0.956,0.856,0.493
S,-0.8230,-0.5128,-0.2446,3.48,0.989,0.949,0.849,0.736
S,0.5651,0.8245,-0.0287,3.40,0.975,0.985,0.995,0.657
S,0.9737,-0.1661,-0.1557,3.41,0.990,1.000,1.000,0.578
S,-0.6262,0.6906,-0.3619,3.51,1.000,0.843,0.683,0.762
S,0.4559,-0.3825,-0.8036,15.96,1.000,0.968,0.868,0.616
S,0.2354,-0.8125,-0.5333,3.65,0.974,0.984,0.994,0.358
S,0.3775,0.2723,0.8851,3.73,0.995,0.955,0.855,0.522
S,0.7795,0.2105,0.5900,3.40,0.976,0.986,0.996,0.854
S,-0.0680,0.9976,0.0110,5.49,1.000,0.840,0.680,0.345
S,-0.2913,-0.7947,0.5326,3.40,0.986,0.996,1.000,0.375
S,-0.7027,-0.7115,-0.0011,10.25,0.980,0.990,1.000,0.663
S,-0.8487,0.5240,0.0719,3.45,0.970,0.980,0.990,0.927
S,-0.8206,-0.4452,-0.3583,12.89,0.992,1.000,1.000,0.956
S,0.1718,0.2292,0.9581,5.30,0.971,0.981,0.991,0.804
S,0.1056,0.9600,0.2595,3.45,0.975,0.985,0.995,0.664
S,0.8961,0.4437,0.0060,11.59,1.000,0.841,0.681,0.364
S,0.8996,-0.3020,-0.3154,3.43,0.984,0.994,1.000,0.719
S,-0.1785,-0.9756,-0.1276,3.60,0.984,0.994,1.000,0.617
S,0.2739,0.9187,-0.2845,3.40,0.990,0.950,0.850,0.370
S,-0.6538,-0.4065,0.6382,13.50,1.000,0.971,0.871,0.737
S,-0.9884,-0.0398,-0.1465,3.40,1.000,0.845,0.685,0.697
S,0.8505,-0.4385,-0.2904,3.61,0.998,0.958,0.858,0.475
S,-0.1426,0.2870,-0.9473,17.22,0.823,0.893,1.000,0.644
S,-0.9187,-0.3845,-0.0899,16.57,0.824,0.894,1.000,0.437
S,-0.9082,0.3823,-0.1704,3.57,1.000,0.962,0.862,0.709
S,-0.3410,-0.9340,-0.1067,4.32,0.828,0.898,1.000,0.436
S,0.3624,-0.6517,-0.6663,3.42,0.983,0.993,1.000,0.522
S,0.8477,0.4293,0.3116,3.40,0.822,0.892,1.000,0.661
S,-0.7256,-0.6041,-0.3296,3.64,0.975,0.985,0.995,0.914
S,0.4096,0.4835,-0.7736,3.76,0.975,0.985,0.995,0.824
S,0.7856,-0.5295,0.3202,14.14,0.924,0.954,0.994,0.640
S,0.6947,0.0988,-0.7125,3.41,0.822,0.892,1.000,0.452
S,0.0515,0.0640,-0.9966,4.90,0.978,0.988,0.998,0.751
S,0.9381,-0.0886,0.3348,5.58,0.999,0.959,0.859,0.942
S,0.9139,0.2243,-0.3382,3.51,0.988,0.948,0.848,0.677
S,-0.1770,-0.0458,0.9831,3.40,0.978,0.988,0.998,0.821
S,0.7372,0.1777,-0.6519,6.94,0.976,0.986,0.996,0.664
S,0.0107,0.0656,-0.9978,5.72,0.980,0.990,1.000,0.503
S,-0.2012,0.8769,0.4366,3.63,0.987,0.997,1.000,0.740
S,-0.6826,0.7216,-0.1157,3.40,0.992,0.952,0.852,0.401
S,0.2599,0.8781,0.4017,3.60,0.989,0.999,1.000,0.373
S,0.4025,-0.6083,-0.6841,8.27,0.991,1.000,1.000,0.389
S,-0.9402,-0.0263,0.3397,3.59,0.828,0.898,1.000,0.501
S,-0.9635,0.2305,0.1361,5.32,0.930,0.960,1.000,0.635
S,-0.7010,-0.1337,-0.7005,4.31,0.830,0.900,1.000,0.586
S,-0.6844,-0.3409,0.6445,4.21,0.975,0.985,0.995,0.875
S,0.6934,-0.3562,-0.6263,3.65,0.981,0.991,1.000,0.426
S,-0.6365,0.0050,0.7713,13.00,0.812,0.882,0.992,0.411
S,-0.8939,-0.0767,-0.4417,11.63,1.000,0.967,0.867,0.364
S,0.4609,-0.7364,-0.4952,3.73,1.000,0.970,0.870,0.498
S,-0.0877,-0.9527,0.2910,4.19,0.976,0.986,0.996,0.981
S,-0.6755,-0.5794,0.4561,9.97,0.822,0.892,1.000,0.707
S,0.7094,0.6978,0.0988,3.40,1.000,0.970,0.870,0.839
S,-0.4934,-0.8287,0.2643,4.03,0.969,0.979,0.989,0.415
S,-0.9098,0.3398,0.2386,3.40,0.975,0.985,0.995,0.449
S,-0.1144,-0.9934,0.0045,12.59,0.989,0.949,0.849,0.342
S,0.9089,-0.1023,0.4043,4.17,0.984,0.994,1.000,0.892
S,-0.6951,-0.5221,0.4942,3.40,1.000,0.970,0.870,0.406
S,0.0146,-0.6543,0.7561,9.38,0.935,0.965,1.000,0.901
S,-0.8861,0.1223,0.4471,3.40,0.822,0.892,1.000,0.373
S,0.7214,-0.5686,0.3953,3.68,0.921,0.951,0.991,0.525
S,0.0633,-0.8318,0.5514,14.86,0.980,0.990,1.000,0.416
S,-0.3684,0.3382,-0.8660,3.45,0.990,1.000,1.000,0.502
S,0.9506,-0.0295,-0.3089,14.57,0.937,0.967,1.000,0.537
S,0.7841,0.3693,0.4988,3.54,1.000,0.962,0.862,0.546
S,-0.2315,0.1774,-0.9565,11.13,0.986,0.996,1.000,0.475
S,0.8800,0.1973,0.4320,13.31,0.997,0.957,0.857,0.342
S,-0.9315,0.2643,0.2499,3.40,0.941,0.971,1.000,0.435
S,-0.3718,-0.9278,0.0308,15.45,0.988,0.948,0.848,0.623
S,0.5935,-0.4335,0.6782,3.54,1.000,0.970,0.870,0.356
S,-0.2937,0.1011,-0.9505,3.79,0.970,0.980,0.990,0.947
S,0.4152,-0.8974,-0.1490,3.41,0.976,0.986,0.996,0.959
S,-0.0456,0.9098,-0.4126,5.73,0.995,0.955,0.855,0.484
S,-0.6501,-0.7583,-0.0476,10.16,0.989,0.829,0.669,0.603
S,0.7329,-0.0811,0.6755,10.46,0.989,0.949,0.849,0.730
S,-0.2814,-0.2018,-0.9381,3.40,1.000,0.960,0.860,0.394
S,-0.4604,0.3894,0.7978,6.15,0.976,0.986,0.996,0.891
S,-0.8015,-0.5679,-0.1874,3.40,0.984,0.994,1.000,0.586
S,0.8497,-0.4249,0.3122,15.26,1.000,0.960,0.860,0.377
S,-0.3379,0.9347,0.1102,12.68,0.988,0.948,0.848,0.492
S,0.7962,-0.2111,0.5670,3.40,1.000,0.968,0.868,0.756
S,-0.6861,0.7107,-0.1556,3.40,0.984,0.994,1.000,0.724
S,-0.5188,-0.7964,-0.3108,3.60,1.000,0.963,0.863,0.508
S,-0.2507,0.8835,0.3958,3.52,0.977,0.987,0.997,0.564
S,0.4058,0.3651,0.8379,4.25,0.991,1.000,1.000,0.777
S,0.9761,-0.1631,-0.1438,3.74,0.818,0.888,0.998,0.670
S,0.3596,0.2283,-0.9048,9.00,0.978,0.988,0.998,0.603
S,0.6034,-0.4974,-0.6233,11.29,0.985,0.995,1.000,0.747
S,0.9668,0.2035,-0.1543,3.40,0.986,0.996,1.000,0.376
S,-0.4883,0.6818,0.5446,5.58,1.000,0.962,0.862,0.746
S,-0.9086,0.3809,0.1716,3.41,0.984,0.994,1.000,0.886
S,0.3048,-0.0221,0.9522,3.68,0.978,0.988,0.998,0.662
S,0.6822,0.0037,-0.7312,11.25,1.000,0.968,0.868,0.583
S,-0.4666,-0.7455,-0.4759,7.50,0.973,0.983,0.993,0.943
S,0.7054,-0.2011,0.6797,4.90,0.831,0.901,1.000,0.640
S,0.1725,-0.7533,-0.6347,3.40,1.000,0.840,0.680,0.867
S,-0.5093,0.6358,-0.5800,3.49,0.970,0.980,0.990,0.604
S,0.5052,-0.5206,-0.6883,15.23,1.000,0.961,0.861,0.917
S,-0.2851,0.5076,-0.8131,3.40,0.987,0.997,1.000,0.618
S,-0.5208,0.8452,-0.1202,9.18,0.974,0.984,0.994,0.390
S,0.6485,0.6612,0.3771,10.86,1.000,0.970,0.870,0.756
S,0.0383,0.9513,-0.3058,12.53,0.972,0.982,0.992,0.474
S,-0.7914,0.6088,0.0561,3.41,1.000,0.963,0.863,0.549
S,0.3395,0.4964,0.7989,3.40,0.813,0.883,0.993,0.834
S,0.7679,-0.6210,0.1571,11.64,0.972,0.982,0.992,0.444
S,0.5500,0.4241,0.7195,3.40,0.995,0.955,0.855,0.867
S,-0.9201,0.1065,0.3769,3.77,0.811,0.881,0.991,0.639
S,-0.4756,0.7800,-0.4068,3.45,0.982,0.992,1.000,0.924
S,0.1628,0.5840,0.7953,17.13,0.990,0.950,0.850,0.908
S,-0.7315,0.0443,-0.6804,9.01,0.992,1.000,1.000,0.798
S,0.4189,0.0013,0.9080,6.24,0.942,0.972,1.000,0.884
S,-0.2306,0.9687,0.0917,10.48,0.976,0.986,0.996,0.350
S,-0.5019,-0.0254,-0.8646,7.76,0.990,1.000,1.000,0.948
S,-0.4731,-0.5133,-0.7160,13.70,0.987,0.997,1.000,0.789
S,0.0775,0.4797,-0.8740,3.40,0.824,0.894,1.000,0.427
S,0.6308,-0.3411,-0.6970,4.06,0.998,0.958,0.858,0.700
S,-0.4548,-0.2922,-0.8413,3.44,0.822,0.892,1.000,0.485
S,0.2692,-0.3944,0.8786,9.86,1.000,0.962,0.862,0.574
S,-0.8035,0.4088,-0.4327,3.40,0.925,0.955,0.995,0.968
S,0.8739,0.3976,0.2796,14.02,0.972,0.982,0.992,0.703
S,0.5148,-0.7030,-0.4908,16.27,0.977,0.987,0.997,0.705
S,0.8819,0.4660,-0.0711,3.46,0.986,0.996,1.000,0.459
S,-0.0267,0.9526,-0.3032,3.95,1.000,0.968,0.868,0.695
S,0.6291,0.7232,-0.2850,6.63,0.988,0.998,1.000,0.515
S,-0.4715,-0.4537,0.7562,7.21,0.827,0.897,1.000,0.552
S,0.7357,-0.6592,-0.1555,4.24,0.813,0.883,0.993,0.559
S,0.6789,-0.3291,-0.6564,3.61,1.000,0.970,0.870,0.666
S,-0.7808,-0.3206,0.5362,5.92,0.824,0.894,1.000,0.434
S,-0.2266,0.8657,-0.4464,3.40,1.000,0.964,0.864,0.447
S,0.7567,-0.3321,0.5632,3.89,0.985,0.995,1.000,0.346
S,-0.1095,-0.5159,0.8496,9.77,0.816,0.886,0.996,0.350
S,0.9043,0.0249,0.4262,17.20,0.976,0.986,0.996,0.407
S,-0.9822,0.1807,-0.0508,7.87,0.970,0.980,0.990,0.520
S,0.6615,-0.6212,-0.4201,3.50,0.983,0.993,1.000,0.685
S,0.8017,-0.0628,-0.5945,9.28,0.996,0.956,0.856,0.656
S,-0.1579,-0.0126,0.9874,13.98,0.995,0.955,0.855,0.897
S,0.7206,0.6770,0.1498,12.71,0.933,0.963,1.000,0.439
S,-0.0445,-0.9913,-0.1235,4.56,0.997,0.957,0.857,0.613
S,-0.0956,0.5257,-0.8453,6.28,0.989,0.999,1.000,0.576
S,0.1855,0.9670,0.1744,4.65,0.983,0.993,1.000,0.671
S,-0.0817,-0.8479,-0.5239,8.11,1.000,0.970,0.870,0.514
S,-0.0111,-0.6629,0.7486,3.93,0.815,0.885,0.995,0.914
S,-0.5611,0.7618,-0.3237,3.51,1.000,0.963,0.863,0.428
S,-0.6711,-0.3487,0.6542,13.86,0.974,0.984,0.994,0.664
S,-0.5967,0.0526,0.8007,3.41,0.992,1.000,1.000,0.500
S,-0.5914,0.3161,-0.7418,3.61,0.924,0.954,0.994,0.600
S,0.9772,0.0907,0.1920,7.62,0.986,0.996,1.000,0.411
S,-0.3844,0.4958,0.7787,10.77,0.990,1.000,1.000,0.350
S,0.8340,-0.4301,-0.3458,11.34,0.992,0.952,0.852,0.673
S,0.0115,0.1412,-0.9899,10.72,0.984,0.994,1.000,0.380
S,0.6555,-0.4634,-0.5963,11.30,0.987,0.997,1.000,0.375
S,-0.3518,0.8946,-0.2757,3.81,0.825,0.895,1.000,0.347
S,-0.2377,-0.3454,0.9078,3.40,1.000,0.852,0.692,0.864
S,0.0494,-0.3728,0.9266,5.14,0.825,0.895,1.000,0.482
S,0.2159,-0.9681,0.1273,3.44,0.981,0.991,1.000,0.563
S,-0.0162,-0.1379,-0.9903,10.23,0.989,0.999,1.000,0.366
S,-0.6959,-0.2876,0.6581,6.49,0.975,0.985,0.995,0.638
S,-0.9868,-0.1267,0.1004,3.65,0.992,0.952,0.852,0.917
S,-0.4152,-0.3606,-0.8352,14.34,0.988,0.948,0.848,0.350
S,-0.4886,-0.4981,0.7163,9.14,0.998,0.958,0.858,0.984
S,-0.5342,0.7112,0.4570,16.71,0.993,0.953,0.853,0.791
S,-0.5681,-0.5539,-0.6087,4.37,0.972,0.982,0.992,0.686
S,-0.4870,0.8303,-0.2709,5.96,1.000,0.965,0.865,0.455
S,0.0734,-0.7261,0.6836,14.96,0.975,0.985,0.995,0.643
S,-0.8118,0.5582,-0.1714,6.17,0.986,0.996,1.000,0.484
S,0.9284,0.3655,-0.0663,5.07,0.973,0.983,0.993,0.340
S,-0.4743,-0.7055,0.5265,3.40,0.991,1.000,1.000,0.959
S,-0.3983,-0.3812,-0.8343,15.11,0.980,0.990,1.000,0.753
S,-0.2532,-0.8140,0.5228,5.59,0.973,0.983,0.993,0.435
S,0.8149,-0.5262,0.2430,4.47,0.995,0.955,0.855,0.806
S,0.7943,0.5721,-0.2044,3.61,1.000,0.960,0.860,0.836
S,0.1968,-0.0151,-0.9803,14.16,0.998,0.958,0.858,0.415
S,-0.3780,0.4773,-0.7933,9.70,0.819,0.889,0.999,0.613
S,0.5005,-0.0367,-0.8650,3.40,0.969,0.979,0.989,0.415
S,0.9053,0.3875,0.1739,5.82,0.920,0.950,0.990,0.779
S,0.2850,-0.9278,0.2408,3.40,0.972,0.982,0.992,0.348
S,-0.9964,-0.0716,-0.0462,3.40,0.977,0.987,0.997,0.418
S,-0.3263,-0.8532,-0.4069,9.58,0.826,0.896,1.000,0.404
S,-0.5714,-0.7825,-0.2472,3.40,0.819,0.889,0.999,0.983
S,-0.2083,0.8796,0.4276,3.46,1.000,0.968,0.868,0.840
S,0.5136,0.6275,0.5852,3.59,0.999,0.959,0.859,0.376
S,-0.3074,0.5782,0.7557,3.47,0.978,0.988,0.998,0.427
S,-0.6875,0.5662,-0.4547,3.45,0.986,0.996,1.000,0.345
S,0.8971,-0.3330,-0.2902,14.04,0.819,0.889,0.999,0.848
S,0.3778,0.8355,0.3990,8.61,1.000,0.843,0.683,0.730
S,-0.1509,-0.1853,0.9710,12.77,1.000,0.969,0.869,0.543
S,-0.3652,-0.4585,-0.8102,5.31,1.000,0.960,0.860,0.572
S,0.5395,-0.7713,-0.3377,3.40,0.990,0.830,0.670,0.788
S,-0.0359,-0.5954,-0.8026,3.41,0.991,1.000,1.000,0.930
S,-0.8858,0.0736,-0.4582,5.28,0.990,1.000,1.000,0.941
S,0.6471,-0.6084,-0.4595,13.65,0.982,0.992,1.000,0.692
S,0.3243,-0.8280,-0.4574,6.84,0.976,0.986,0.996,0.385
S,-0.0358,-0.5189,-0.8541,3.59,1.000,0.971,0.871,0.666
S,-0.8063,-0.5712,-0.1538,5.95,0.987,0.997,1.000,0.556
S,0.9392,-0.2196,0.2641,14.43,1.000,0.960,0.860,0.400
S,0.5946,-0.8034,0.0306,3.40,0.974,0.984,0.994,0.439
S,-0.1499,0.4458,-0.8825,12.00,1.000,0.969,0.869,0.872
S,0.6673,0.7448,-0.0037,3.40,0.969,0.979,0.989,0.365
S,-0.4166,0.6031,0.6802,3.70,0.811,0.881,0.991,0.342
S,-0.9465,0.2916,0.1385,3.40,0.972,0.982,0.992,0.407
S,0.4585,0.8062,-0.3739,4.77,1.000,0.969,0.869,0.598
S,-0.6528,-0.0820,0.7531,4.23,1.000,0.965,0.865,0.552
S,-0.7535,-0.4402,-0.4883,6.19,1.000,0.964,0.864,0.932
S,0.4853,0.5040,0.7145,3.41,0.980,0.990,1.000,0.768
S,0.7151,-0.6620,0.2246,3.41,1.000,0.970,0.870,0.851
S,0.2378,0.4074,0.8817,3.66,1.000,0.841,0.681,0.355
S,-0.6234,-0.1505,-0.7673,3.40,0.922,0.952,0.992,0.595
S,0.6389,0.6983,0.3227,6.30,0.999,0.959,0.859,0.480
S,0.3749,0.7185,-0.5859,3.83,0.988,0.998,1.000,0.345
S,-0.6864,-0.5849,0.4321,3.40,0.826,0.896,1.000,0.351
S,-0.0891,0.7446,-0.6616,4.53,0.989,0.949,0.849,0.594
S,0.2154,0.4730,0.8543,4.05,0.821,0.891,1.000,0.752
S,0.8972,-0.4303,0.0996,3.83,0.989,0.949,0.849,0.609
S,0.4964,-0.6384,-0.5882,4.25,0.974,0.984,0.994,0.379
S,0.7235,-0.4895,-0.4868,13.77,0.969,0.979,0.989,0.687
S,0.3472,0.3093,-0.8853,3.42,0.995,0.835,0.675,0.374
S,-0.6006,-0.6496,-0.4661,6.58,0.937,0.967,1.000,0.628
S,0.4977,-0.4507,0.7411,4.93,0.811,0.881,0.991,0.366
S,-0.3866,-0.6397,0.6643,14.55,0.987,0.997,1.000,0.931
S,0.1330,0.5575,-0.8195,3.43,1.000,0.962,0.862,0.365
S,0.2413,0.4389,-0.8655,9.72,0.990,0.950,0.850,0.358
S,0.4629,0.8557,-0.2315,3.40,0.968,0.978,0.988,0.920
S,-0.9986,0.0165,-0.0504,3.87,0.971,0.981,0.991,0.531
S,-0.6135,0.5766,-0.5396,3.53,0.998,0.958,0.858,0.919
S,-0.7202,0.6197,0.3118,3.54,0.971,0.981,0.991,0.870
S,-0.9239,-0.1557,-0.3494,3.71,0.990,0.950,0.850,0.380
S,-0.3210,-0.8330,-0.4506,8.93,1.000,0.965,0.865,0.913
S,-0.5648,0.7084,0.4232,4.67,0.973,0.983,0.993,0.920
S,0.1585,0.9342,0.3195,3.42,0.989,0.949,0.849,0.566
S,0.9746,0.2218,-0.0312,6.05,0.968,0.978,0.988,0.426
S,0.7031,-0.6952,-0.1491,3.40,0.983,0.993,1.000,0.997
S,0.6400,0.0815,0.7640,3.60,0.985,0.995,1.000,0.464
S,-0.5398,0.7090,0.4539,3.43,0.968,0.978,0.988,0.872
S,0.1046,0.5925,-0.7987,6.20,1.000,0.965,0.865,0.863
S,-0.2747,-0.2426,0.9304,5.66,0.818,0.888,0.998,0.458
S,-0.5361,0.1786,-0.8250,3.99,1.000,0.971,0.871,0.343
S,0.4836,0.1194,-0.8671,3.74,0.810,0.880,0.990,0.553
S,0.3967,0.7559,0.5208,13.97,0.972,0.982,0.992,0.929
S,-0.9577,0.2864,-0.0287,15.07,1.000,0.967,0.867,0.711
S,-0.8603,-0.2341,0.4529,9.27,0.998,0.958,0.858,0.761
S,-0.7897,-0.4978,-0.3584,3.58,0.991,1.000,1.000,0.900
S,-0.6879,-0.5570,-0.4653,17.15,0.977,0.987,0.997,0.922
S,-0.2924,-0.8947,-0.3377,3.40,0.984,0.994,1.000,0.341
S,0.0409,-0.4595,0.8872,3.83,0.975,0.985,0.995,0.477
S,-0.6336,0.7687,-0.0874,5.26,0.924,0.954,0.994,0.384
S,-0.6551,0.6346,0.4100,3.45,1.000,0.965,0.865,0.836
S,-0.1471,0.7626,-0.6300,4.24,0.996,0.956,0.856,0.771
S,-0.4377,-0.2441,0.8653,16.38,0.978,0.988,0.998,0.348
S,-0.0537,-0.6844,-0.7271,3.40,0.977,0.987,0.997,0.348
S,0.1351,0.9050,0.4035,4.92,0.978,0.988,0.998,0.385
S,0.1461,0.1384,-0.9795,3.40,0.819,0.889,0.999,0.632
S,0.8572,-0.2578,0.4459,3.41,0.996,0.956,0.856,0.378
S,0.4592,0.3187,-0.8292,6.76,0.985,0.995,1.000,0.595
S,-0.3043,-0.1643,-0.9383,13.13,0.983,0.993,1.000,0.688
S,0.0962,-0.4506,0.8875,11.91,1.000,0.971,0.871,0.342
S,0.7451,0.6434,-0.1758,3.40,0.982,0.992,1.000,0.497
S,0.3023,-0.9135,0.2723,13.30,0.969,0.979,0.989,0.389
S,-0.3715,0.7640,-0.5276,3.40,0.983,0.993,1.000,0.349
S,-0.1247,0.8127,0.5692,3.80,0.809,0.879,0.989,0.566
S,0.0621,0.2021,-0.9774,11.31,0.978,0.988,0.998,0.755
S,0.8212,0.5616,0.1009,3.40,1.000,0.962,0.862,0.367
S,0.8588,0.4378,0.2660,7.47,0.982,0.992,1.000,0.499
S,0.4348,0.1902,-0.8802,3.41,1.000,0.969,0.869,0.491
S,0.6808,-0.5659,-0.4651,3.86,0.970,0.980,0.990,0.775
S,0.8463,0.4911,-0.2062,3.56,1.000,0.960,0.860,0.346
S,0.9578,-0.2746,-0.0845,3.40,0.922,0.952,0.992,0.718
S,-0.1463,0.9352,0.3224,3.45,0.987,0.997,1.000,0.875
S,-0.0935,-0.9864,-0.1350,7.12,0.991,1.000,1.000,0.342
S,-0.3355,-0.8649,0.3733,4.97,0.975,0.985,0.995,0.530
S,-0.1968,0.8482,0.4917,3.40,0.988,0.948,0.848,0.340
S,0.6379,-0.7612,0.1170,5.41,0.988,0.948,0.848,0.591
S,0.2216,-0.0465,-0.9740,4.37,0.979,0.989,0.999,0.851
S,0.9937,0.1108,-0.0146,7.74,0.808,0.878,0.988,0.441
S,0.5203,0.4376,-0.7333,3.58,0.973,0.983,0.993,0.406
S,0.3609,0.7490,0.5557,3.43,0.968,0.978,0.988,0.554
S,0.3872,-0.8532,0.3494,3.53,0.990,0.950,0.850,0.426
S,0.5309,-0.4152,-0.7388,6.52,0.990,1.000,1.000,0.883
S,-0.6642,0.4520,0.5954,11.16,0.826,0.896,1.000,0.378
S,0.4115,-0.0969,0.9063,3.60,0.998,0.958,0.858,0.651
S,-0.3523,-0.7771,0.5216,13.07,0.927,0.957,0.997,0.598
S,-0.7645,0.2727,-0.5842,4.05,0.971,0.981,0.991,0.398
S,-0.0871,0.9051,-0.4162,4.39,1.000,0.970,0.870,0.746
S,0.9347,-0.2185,-0.2805,3.42,1.000,0.971,0.871,0.743
S,-0.4908,0.4602,-0.7398,6.77,0.996,0.956,0.856,1.000
S,-0.6044,0.7623,0.2315,3.84,0.995,0.955,0.855,0.541
S,0.4168,-0.6385,-0.6470,6.61,0.812,0.882,0.992,0.536
S,0.8713,-0.0780,0.4845,4.97,0.986,0.996,1.000,0.349
S,0.5812,-0.7924,0.1851,3.40,0.999,0.959,0.859,0.426
S,-0.6669,0.7189,-0.1958,8.84,1.000,0.968,0.868,0.697
S,-0.5880,-0.1216,-0.7997,5.81,0.998,0.958,0.858,0.515
S,0.0639,0.1786,0.9818,11.36,0.997,0.957,0.857,0.838
S,0.3538,-0.9178,0.1800,6.28,0.935,0.965,1.000,0.745
S,-0.8446,-0.5352,0.0117,3.45,1.000,0.960,0.860,0.359
S,-0.1371,-0.7889,0.5990,5.50,0.808,0.878,0.988,0.884
S,0.1516,0.9003,-0.4080,3.51,1.000,0.968,0.868,0.524
S,0.0510,-0.9357,-0.3491,6.26,0.969,0.979,0.989,0.951
S,0.8813,0.0879,0.4644,5.65,0.997,0.957,0.857,0.983
S,0.7555,0.1548,0.6366,8.09,0.985,0.995,1.000,0.994
S,-0.6833,-0.2130,0.6984,12.28,1.000,0.962,0.862,0.923
S,-0.7310,0.2765,0.6239,7.54,0.990,0.950,0.850,0.694
S,0.0184,0.9785,0.2053,13.24,0.980,0.990,1.000,0.631
S,0.9824,0.1581,-0.0996,16.85,0.982,0.992,1.000,0.972
S,-0.5965,-0.7830,-0.1763,3.56,0.979,0.989,0.999,0.360
S,-0.6041,-0.2341,0.7618,3.40,0.987,0.997,1.000,0.411
S,0.0421,0.4916,-0.8698,5.18,0.988,0.998,1.000,0.895
S,-0.7611,0.0967,-0.6414,3.59,0.986,0.996,1.000,0.894
S,-0.8916,-0.0727,0.4469,3.40,0.817,0.887,0.997,0.583
S,-0.4080,-0.5909,0.6960,3.59,0.991,1.000,1.000,0.684
S,0.2690,-0.9539,-0.1330,3.41,0.990,1.000,1.000,0.847
S,-0.9319,-0.3474,-0.1040,15.34,0.828,0.898,1.000,0.419
S,-0.0099,-0.7898,0.6132,3.95,1.000,0.967,0.867,0.432
S,0.7946,0.4006,0.4562,8.95,1.000,0.964,0.864,0.873
S,0.0709,0.9225,0.3794,3.48,0.988,0.998,1.000,0.574
S,-0.9020,0.3980,-0.1673,3.43,0.968,0.978,0.988,0.497
S,-0.6110,-0.2104,0.7632,4.46,0.969,0.979,0.989,0.568
S,-0.4891,-0.8659,0.1052,11.35,0.987,0.997,1.000,0.416
S,-0.6414,0.7075,0.2967,3.41,0.979,0.989,0.999,0.791
S,0.6722,0.3585,-0.6478,3.61,1.000,0.963,0.863,0.361
S,-0.5024,0.2191,-0.8364,5.47,0.973,0.983,0.993,0.376
S,0.7589,-0.2593,-0.5974,4.93,0.988,0.948,0.848,0.532
S,-0.9462,0.1512,-0.2862,4.35,0.972,0.982,0.992,0.524
S,0.1989,0.4350,0.8782,3.40,1.000,0.844,0.684,0.876
S,-0.7620,0.4175,-0.4951,14.90,0.989,0.949,0.849,0.452
S,0.5603,-0.2093,0.8014,10.32,1.000,0.971,0.871,0.982
S,-0.8905,0.0572,0.4513,3.62,0.979,0.989,0.999,0.618
S,-0.9144,0.3287,-0.2363,3.40,0.982,0.992,1.000,0.345
S,0.3751,0.5050,0.7773,4.74,1.000,0.847,0.687,0.590
S,0.9418,0.0167,-0.3357,5.89,0.969,0.979,0.989,0.498
S,-0.3576,0.7710,-0.5269,3.40,0.988,0.998,1.000,0.352
S,-0.7082,-0.2542,0.6587,11.17,0.983,0.993,1.000,0.462
S,0.2071,-0.9451,0.2528,3.40,0.974,0.984,0.994,0.420
S,-0.7811,-0.5215,0.3434,4.03,0.820,0.890,1.000,0.396
S,-0.6928,-0.5252,-0.4941,3.58,0.988,0.998,1.000,0.993
S,0.3668,0.0908,0.9259,3.46,0.986,0.996,1.000,0.365
S,-0.4932,0.4526,-0.7429,4.06,1.000,0.971,0.871,0.459
S,-0.2047,0.1581,0.9660,15.78,1.000,0.962,0.862,0.621
S,0.6465,0.7395,0.1875,3.48,0.991,0.951,0.851,0.384
S,-0.3444,-0.4130,-0.8431,3.79,0.970,0.980,0.990,0.463
S,0.5237,0.7365,-0.4282,3.91,0.991,1.000,1.000,0.820
S,0.3314,-0.5852,-0.7401,7.55,1.000,0.841,0.681,0.641
S,-0.9475,0.2488,-0.2007,3.48,0.825,0.895,1.000,0.684
S,-0.0122,0.1272,-0.9918,6.52,0.828,0.898,1.000,0.870
S,0.5664,-0.8092,-0.1561,11.40,0.993,0.953,0.853,0.345
S,-0.2997,0.9436,-0.1407,8.50,0.990,0.950,0.850,0.455
S,-0.0178,0.2714,-0.9623,8.94,0.970,0.980,0.990,0.761
S,0.0136,0.7334,-0.6797,4.50,0.972,0.982,0.992,0.678
S,-0.6453,-0.7475,0.1575,8.99,0.981,0.991,1.000,0.340
S,0.2999,-0.9440,0.1375,7.08,0.980,0.990,1.000,0.683
S,-0.1980,-0.9270,0.3186,13.70,0.970,0.980,0.990,0.542
S,0.6530,-0.7571,0.0219,3.76,0.971,0.981,0.991,0.983
S,-0.1153,-0.8082,-0.5776,3.64,0.996,0.956,0.856,0.409
S,0.4653,0.5953,-0.6550,4.59,0.918,0.948,0.988,0.967
S,-0.7859,-0.4638,0.4090,8.01,1.000,0.968,0.868,0.348
S,0.6541,0.2430,-0.7164,6.45,1.000,0.971,0.871,0.732
S,0.7659,0.6323,0.1168,3.40,0.811,0.881,0.991,0.933
S,-0.7995,0.4959,0.3389,5.29,0.981,0.991,1.000,0.477
S,-0.9583,-0.0412,-0.2829,4.08,0.999,0.959,0.859,0.607
S,-0.9936,0.0081,0.1129,10.84,1.000,0.967,0.867,0.448
S,0.1656,-0.3963,0.9031,3.50,0.981,0.991,1.000,0.733
S,0.8612,0.3493,0.3692,3.43,0.975,0.985,0.995,0.365
S,0.1337,-0.9149,0.3810,3.42,0.928,0.958,0.998,0.969
S,-0.6094,0.7901,0.0662,4.50,0.980,0.990,1.000,0.680
S,0.4041,0.4224,-0.8113,4.06,0.983,0.993,1.000,0.587
S,-0.5429,0.7808,-0.3092,13.47,1.000,0.967,0.867,0.446
S,0.1899,-0.9712,-0.1437,11.89,0.935,0.965,1.000,0.813
S,0.9468,-0.2212,0.2338,6.93,1.000,0.961,0.861,0.389
S,-0.2288,0.5284,-0.8176,10.83,0.983,0.993,1.000,0.947
S,0.6209,0.4858,0.6152,3.42,0.935,0.965,1.000,0.342
S,0.3950,-0.4417,-0.8055,3.81,0.968,0.978,0.988,0.788
S,-0.0091,0.1534,-0.9881,3.43,0.810,0.880,0.990,0.803
S,0.3268,0.7792,0.5348,3.40,0.822,0.892,1.000,0.424
S,0.8453,-0.5337,-0.0260,3.44,0.919,0.949,0.989,0.469
S,-0.4688,0.7186,-0.5137,3.40,0.972,0.982,0.992,0.683
S,-0.2132,0.0045,-0.9770,9.24,0.830,0.900,1.000,0.347
S,0.1343,-0.1194,-0.9837,3.40,0.983,0.993,1.000,0.368
S,0.1503,-0.7189,-0.6786,5.15,0.818,0.888,0.998,0.348
S,0.8342,0.4967,0.2397,4.01,1.000,0.967,0.867,0.580
S,0.7780,-0.5712,0.2615,3.49,0.972,0.982,0.992,0.344
S,-0.3752,0.9157,0.1441,13.64,0.969,0.979,0.989,0.534
S,0.2853,-0.9570,-0.0519,3.44,1.000,0.967,0.867,0.349
S,-0.7954,0.4507,-0.4052,5.93,1.000,0.968,0.868,0.979
S,0.1035,0.5105,-0.8536,7.73,0.977,0.987,0.997,0.821
S,0.3569,-0.7308,-0.5818,3.40,1.000,0.963,0.863,0.425
S,-0.5490,0.6448,-0.5318,8.82,1.000,0.961,0.861,0.353
S,-0.2719,0.3519,-0.8957,6.70,0.979,0.989,0.999,0.961
S,0.2586,0.6927,0.6732,3.74,0.811,0.881,0.991,0.907
S,-0.0564,-0.5763,-0.8153,3.40,0.997,0.957,0.857,0.638
S,-0.4213,-0.5020,-0.7553,10.94,0.987,0.997,1.000,0.722
S,0.7839,0.5998,-0.1604,5.95,0.970,0.980,0.990,0.355
S,-0.7307,0.6263,-0.2718,3.56,1.000,0.961,0.861,0.886
S,0.7479,-0.3616,0.5567,3.83,0.988,0.998,1.000,0.435
S,-0.7667,-0.5379,-0.3505,3.40,1.000,0.964,0.864,0.414
S,0.2266,0.2647,0.9373,3.44,0.992,1.000,1.000,0.380
S,0.8268,-0.2509,0.5034,9.29,0.977,0.987,0.997,0.401
S,0.2220,0.7599,0.6110,3.42,0.988,0.998,1.000,0.553
S,-0.3853,0.3096,0.8693,5.46,1.000,0.845,0.685,0.831
S,0.9688,0.2296,0.0929,3.43,0.982,0.992,1.000,0.367
S,0.7359,-0.0063,0.6771,6.24,1.000,0.846,0.686,0.380
S,-0.8518,0.1705,0.4953,7.46,0.936,0.966,1.000,0.557
S,0.7707,0.5870,-0.2479,3.43,0.974,0.984,0.994,0.354
S,0.3864,0.3311,0.8608,4.06,0.986,0.996,1.000,0.815
S,0.6109,0.7871,0.0852,3.40,0.992,1.000,1.000,0.367
S,-0.0036,0.9493,0.3143,15.97,0.826,0.896,1.000,0.995
S,-0.3121,-0.5877,0.7465,3.40,0.988,0.948,0.848,0.374
S,0.4427,-0.8682,0.2243,3.40,0.991,1.000,1.000,0.501
S,0.9615,-0.1750,-0.2119,3.42,0.973,0.983,0.993,0.400
S,0.2821,0.9592,-0.0189,3.64,0.988,0.948,0.848,0.693
S,-0.4696,-0.8755,0.1142,3.70,1.000,0.964,0.864,0.370
S,0.9317,0.1836,0.3134,3.40,0.980,0.990,1.000,0.511
S,0.7170,0.6075,-0.3419,3.62,0.976,0.986,0.996,0.407
S,0.0853,-0.6879,-0.7208,6.45,0.991,1.000,1.000,0.352
S,0.6612,0.7502,0.0043,16.47,0.934,0.964,1.000,0.545
S,-0.3669,0.5880,0.7209,3.63,0.816,0.886,0.996,0.752
S,0.4114,0.9019,-0.1314,4.72,0.980,0.990,1.000,0.561
S,0.1605,0.6233,0.7653,3.40,0.816,0.886,0.996,0.538
S,0.1803,0.9270,0.3289,3.40,1.000,0.847,0.687,0.519
S,0.1401,-0.1324,-0.9812,3.69,0.998,0.958,0.858,0.667
S,0.3736,0.8992,-0.2275,15.47,0.981,0.991,1.000,0.867
S,-0.2016,-0.0164,-0.9793,3.40,0.937,0.967,1.000,0.594
S,-0.5758,0.3226,0.7512,3.40,0.923,0.953,0.993,0.443
S,0.0049,0.8937,0.4487,11.49,0.990,1.000,1.000,0.708
S,0.0983,-0.8220,-0.5610,7.01,0.932,0.962,1.000,0.602
S,0.4720,0.8151,-0.3359,3.80,0.939,0.969,1.000,0.678
S,0.5736,0.7662,-0.2896,14.92,0.921,0.951,0.991,0.935
S,0.1331,0.0573,0.9895,3.40,0.813,0.883,0.993,0.341
S,-0.2701,-0.9217,0.2783,3.46,1.000,0.961,0.861,0.746
S,0.7071,0.6722,-0.2193,3.94,0.991,1.000,1.000,0.741
S,-0.2700,-0.9010,-0.3397,5.79,0.972,0.982,0.992,0.676
S,0.8476,-0.4958,-0.1892,3.69,1.000,0.968,0.868,0.392
S,-0.9726,-0.1036,-0.2083,4.18,0.818,0.888,0.998,0.901
S,-0.2091,-0.5109,0.8338,3.50,0.972,0.982,0.992,0.366
S,0.8126,-0.5792,0.0651,3.92,0.999,0.959,0.859,0.838
S,-0.1506,-0.9776,0.1470,9.00,0.968,0.978,0.988,0.398
S,0.1757,0.5945,-0.7846,3.74,0.978,0.988,0.998,0.401
S,-0.0984,0.9944,-0.0383,5.15,0.819,0.889,0.999,0.393
S,0.6689,-0.4637,-0.5810,3.58,0.983,0.993,1.000,0.931
S,0.2748,0.6085,0.7445,6.00,0.982,0.992,1.000,0.685
S,0.3564,-0.5296,0.7697,4.42,0.974,0.984,0.994,0.850
S,-0.0099,0.1584,-0.9873,5.05,1.000,0.841,0.681,0.890
S,-0.4068,-0.4943,0.7682,8.77,0.996,0.836,0.676,0.912
S,0.1527,0.9857,-0.0711,5.00,0.986,0.996,1.000,0.703
S,-0.4650,0.8818,-0.0788,3.88,0.991,0.951,0.851,0.643
S,-0.4275,0.5607,0.7092,5.01,0.931,0.961,1.000,0.790
S,-0.8867,0.1136,-0.4483,3.41,0.983,0.993,1.000,0.908
S,0.2017,0.9776,0.0596,3.61,1.000,0.851,0.691,0.355
S,0.7081,0.0679,0.7029,12.07,0.992,1.000,1.000,0.655
S,0.9445,-0.3152,-0.0925,5.10,0.941,0.971,1.000,0.437
S,0.4397,0.7218,-0.5345,5.50,0.981,0.991,1.000,0.351
S,-0.6567,0.1579,-0.7374,3.67,1.000,0.972,0.872,0.821
S,-0.4869,-0.0060,0.8734,3.98,0.823,0.893,1.000,0.396
S,0.7613,-0.4496,0.4672,12.56,0.990,1.000,1.000,0.843
S,-0.2170,0.6730,0.7071,8.23,0.992,1.000,1.000,0.759
S,-0.4158,-0.2547,-0.8731,3.63,0.995,0.955,0.855,0.489
S,-0.3461,-0.9002,-0.2643,3.45,0.989,0.999,1.000,0.755
S,0.8638,0.5008,0.0552,3.40,0.925,0.955,0.995,0.875
S,0.3625,0.8817,0.3021,5.06,0.968,0.978,0.988,0.432
S,-0.9746,0.2135,0.0678,4.66,0.978,0.988,0.998,0.376
S,-0.8863,0.2923,-0.3592,4.51,0.975,0.985,0.995,0.930
S,-0.6802,-0.0331,-0.7323,3.53,0.973,0.983,0.993,0.491
S,-0.4084,0.9127,-0.0116,16.79,0.971,0.981,0.991,0.485
S,0.8830,0.3405,0.3231,6.82,0.975,0.985,0.995,0.937
S,-0.3499,0.7877,-0.5071,3.42,0.920,0.950,0.990,0.639
S,0.5942,-0.8041,-0.0192,3.66,1.000,0.972,0.872,0.937
S,0.3365,-0.8119,0.4771,3.42,0.971,0.981,0.991,0.398
S,0.4683,0.7261,-0.5034,4.33,0.982,0.992,1.000,0.731
S,0.4161,0.3345,0.8456,7.09,0.986,0.996,1.000,0.432
S,0.7097,0.4248,0.5620,6.43,0.992,0.952,0.852,0.840
S,-0.9351,-0.3147,-0.1628,6.47,0.832,0.902,1.000,0.426
S,0.0473,-0.1759,-0.9833,3.53,0.998,0.958,0.858,0.857
S,-0.4288,0.7488,0.5054,6.17,0.988,0.948,0.848,0.750
S,0.6946,0.7040,-0.1480,10.74,0.931,0.961,1.000,0.896
S,0.0901,0.4602,-0.8832,4.95,0.974,0.984,0.994,0.470
S,0.6510,0.2820,0.7047,14.11,0.975,0.985,0.995,0.367
S,-0.5774,-0.2746,0.7689,4.31,0.990,0.950,0.850,0.347
S,-0.1816,0.8749,-0.4490,3.76,0.997,0.957,0.857,0.735
S,-0.7620,0.6141,0.2053,4.43,1.000,0.963,0.863,0.647
S,-0.6129,-0.4313,0.6620,4.38,0.998,0.958,0.858,0.340
S,0.5971,0.4427,0.6690,3.63,0.999,0.839,0.679,0.791
S,-0.9326,0.3604,-0.0184,5.84,0.991,1.000,1.000,0.589
S,0.6244,0.7688,-0.1378,6.00,0.993,0.833,0.673,0.427
S,0.4773,0.1749,-0.8612,5.36,0.832,0.902,1.000,0.996
S,-0.2819,0.8072,0.5187,3.54,0.969,0.979,0.989,0.707
S,-0.5855,-0.6782,0.4441,9.24,0.991,1.000,1.000,0.404
S,0.1370,0.9646,-0.2254,9.20,0.981,0.991,1.000,0.431
S,-0.6946,-0.5988,0.3987,3.40,0.969,0.979,0.989,0.720
S,-0.6052,-0.0119,-0.7960,3.77,0.987,0.997,1.000,0.793
S,0.0422,-0.8178,0.5740,3.61,0.932,0.962,1.000,0.405
S,0.7903,0.0773,0.6078,6.58,1.000,0.965,0.865,0.822
S,0.9739,-0.0816,0.2118,3.57,0.979,0.989,0.999,0.355
S,-0.9087,-0.2469,-0.3365,4.03,1.000,0.961,0.861,0.889
S,-0.2402,0.9080,0.3432,3.40,0.974,0.984,0.994,0.597
S,-0.4053,0.0267,-0.9138,5.24,0.992,1.000,1.000,0.916
S,-0.0078,0.9815,0.1915,5.71,0.994,0.954,0.854,0.888
S,0.3145,-0.8499,-0.4228,3.44,0.826,0.896,1.000,0.845
S,0.5619,0.3588,-0.7453,3.79,0.814,0.884,0.994,0.801
S,0.8248,0.4743,-0.3076,4.26,0.931,0.961,1.000,0.811
S,-0.7195,-0.4885,0.4936,3.55,0.986,0.996,1.000,0.358
S,-0.8943,-0.3867,0.2251,3.75,0.829,0.899,1.000,0.369
S,-0.7551,-0.1210,0.6443,8.12,0.992,1.000,1.000,0.680
S,0.2505,-0.3387,-0.9069,3.78,0.919,0.949,0.989,0.919
S,0.8665,0.4199,0.2700,3.82,0.990,0.950,0.850,0.406
S,0.1396,0.0869,0.9864,4.05,0.817,0.887,0.997,0.503
S,-0.8968,-0.0505,-0.4396,3.49,0.989,0.999,1.000,0.411
S,-0.2554,-0.3510,-0.9009,3.41,0.980,0.990,1.000,0.372
S,0.9042,-0.4264,0.0258,15.88,0.988,0.948,0.848,0.371
S,-0.4355,0.7456,0.5045,3.40,0.988,0.948,0.848,0.379
S,0.8156,0.3051,0.4916,7.14,0.978,0.988,0.998,0.681
S,0.9203,0.3839,-0.0752,3.41,1.000,0.966,0.866,0.696
S,-0.2689,-0.2481,-0.9307,5.79,0.919,0.949,0.989,0.821
S,-0.2647,0.9543,-0.1385,8.94,0.971,0.981,0.991,0.805
S,-0.5212,0.8509,0.0657,4.14,0.982,0.992,1.000,0.393
S,-0.0125,0.0728,-0.9973,3.45,0.979,0.989,0.999,0.444
S,0.7140,0.2915,0.6365,3.40,0.973,0.983,0.993,0.468
S,-0.3145,-0.3941,0.8636,3.50,0.992,0.952,0.852,0.954
S,0.8526,0.3086,-0.4217,4.10,0.981,0.991,1.000,0.342
S,-0.8762,0.4460,-0.1825,4.74,1.000,0.961,0.861,0.436
S,-0.0465,0.9626,0.2671,3.47,0.989,0.949,0.849,0.596
S,-0.6186,-0.6869,0.3814,3.40,0.976,0.986,0.996,0.367
S,-0.6368,0.6031,0.4803,3.67,0.973,0.983,0.993,0.407
S,-0.8312,-0.4421,0.3372,7.16,0.992,1.000,1.000,0.408
S,0.9371,0.2308,0.2617,3.42,0.971,0.981,0.991,0.925
S,0.4225,0.1904,0.8862,3.40,0.979,0.989,0.999,0.978
S,0.4085,-0.3915,-0.8245,3.41,1.000,0.965,0.865,0.611
S,-0.4106,0.0303,-0.9113,5.63,1.000,0.970,0.870,0.354
S,-0.5062,0.2521,0.8248,3.41,1.000,0.848,0.688,0.533
S,0.8597,-0.4886,-0.1489,15.45,0.992,0.952,0.852,0.360
S,-0.3917,-0.7685,-0.5058,3.58,0.831,0.901,1.000,0.561
S,-0.2904,0.9568,0.0170,3.42,0.989,0.999,1.000,0.442
S,-0.6518,0.6008,0.4629,5.82,0.818,0.888,0.998,0.359
S,0.3597,0.4523,0.8161,3.40,0.968,0.978,0.988,0.507
S,-0.7578,0.2587,-0.5990,3.44,0.995,0.835,0.675,0.399
S,0.2737,0.1509,-0.9499,9.28,1.000,0.965,0.865,0.366
S,-0.0818,0.8292,0.5529,14.73,1.000,0.852,0.692,0.488
S,-0.2191,0.5172,-0.8274,3.41,0.988,0.998,1.000,0.407
S,-0.9494,-0.1995,-0.2428,4.22,0.978,0.988,0.998,0.549
S,0.1295,0.5653,0.8146,3.40,0.812,0.882,0.992,0.506
S,0.8943,-0.3192,-0.3134,3.58,1.000,0.971,0.871,0.489
S,0.2140,0.9555,0.2031,14.33,0.996,0.956,0.856,0.410
S,-0.4790,0.4899,-0.7284,4.26,0.808,0.878,0.988,0.341
S,-0.8724,-0.3913,-0.2928,3.41,1.000,0.841,0.681,0.350
S,0.8785,-0.4297,0.2085,7.86,0.987,0.997,1.000,0.442
S,0.5717,0.8198,-0.0315,4.59,1.000,0.971,0.871,0.722
S,-0.7478,0.1197,0.6531,3.99,0.970,0.980,0.990,0.840
S,0.4990,-0.3056,-0.8109,10.50,0.812,0.882,0.992,0.355
S,-0.7109,0.7026,-0.0304,3.40,1.000,0.966,0.866,0.344
S,-0.4476,0.0956,-0.8891,14.26,0.979,0.989,0.999,0.360
S,-0.2169,-0.3189,-0.9226,7.01,0.983,0.993,1.000,0.343
S,-0.3161,0.4522,0.8340,9.79,0.989,0.949,0.849,0.532
S,-0.8572,-0.4377,-0.2713,5.86,0.824,0.894,1.000,0.509
S,0.6050,-0.1826,0.7750,5.03,0.992,1.000,1.000,0.592
S,0.1593,0.6354,-0.7556,4.64,0.991,0.951,0.851,0.853
S,0.6031,0.7959,-0.0536,3.40,1.000,0.969,0.869,0.777
S,-0.4258,-0.6472,-0.6323,3.41,0.998,0.958,0.858,0.448
S,0.5028,-0.3541,0.7886,15.70,1.000,0.960,0.860,0.490
S,0.0849,-0.9667,-0.2415,13.70,0.824,0.894,1.000,0.904
S,-0.2393,-0.8832,-0.4035,14.61,1.000,0.846,0.686,0.819
S,-0.3698,0.9284,0.0371,3.43,0.988,0.948,0.848,0.673
S,-0.2777,0.6100,-0.7421,3.40,0.971,0.981,0.991,0.573
S,-0.5531,-0.4217,0.7184,4.96,0.973,0.983,0.993,0.344
S,0.2224,0.4201,0.8798,3.63,0.821,0.891,1.000,0.457
S,0.5391,-0.2066,0.8165,6.99,0.971,0.981,0.991,0.519
S,0.8832,0.0610,-0.4650,9.54,0.969,0.979,0.989,0.928
S,0.8373,0.1942,-0.5111,4.00,0.974,0.984,0.994,0.640
S,0.9733,-0.1836,-0.1378,3.83,1.000,0.965,0.865,0.876
S,-0.3464,0.1387,0.9278,3.44,1.000,0.968,0.868,0.782
S,-0.7092,0.6350,-0.3063,3.40,0.980,0.990,1.000,0.694
S,-0.8049,-0.2004,0.5585,13.53,0.983,0.993,1.000,0.515
S,-0.8357,0.4041,-0.3720,3.43,0.976,0.986,0.996,0.402
S,-0.9842,0.0965,0.1482,3.46,0.976,0.986,0.996,0.382
S,-0.0789,-0.8622,-0.5004,3.40,0.828,0.898,1.000,0.655
S,-0.8398,-0.0525,-0.5404,5.53,1.000,0.844,0.684,0.745
S,-0.3746,0.8039,-0.4620,3.67,0.982,0.992,1.000,0.760
S,0.0783,0.2340,-0.9691,3.92,0.987,0.997,1.000,0.429
S,0.8213,-0.5542,0.1355,3.91,0.998,0.838,0.678,0.693
S,-0.7869,0.5849,-0.1965,8.03,0.815,0.885,0.995,0.340
S,0.0842,-0.6814,-0.7271,4.10,0.980,0.990,1.000,0.356
S,0.1972,-0.5279,0.8261,3.44,0.997,0.957,0.857,0.703
S,-0.2935,-0.7884,-0.5406,3.41,0.989,0.999,1.000,0.903
S,-0.1733,-0.4208,-0.8904,16.01,0.977,0.987,0.997,0.905
S,-0.9857,-0.0400,-0.1637,3.50,0.932,0.962,1.000,0.517
S,-0.5263,-0.0051,0.8503,16.84,0.827,0.897,1.000,0.370
S,0.6022,-0.6159,0.5080,6.96,0.988,0.998,1.000,0.406
S,0.5836,0.7993,-0.1432,4.15,0.970,0.980,0.990,0.346
S,0.6351,0.7691,-0.0715,3.98,1.000,0.971,0.871,0.667
S,0.3056,0.7272,0.6147,5.54,0.813,0.883,0.993,0.631
S,-0.9361,-0.2886,-0.2010,6.41,0.999,0.959,0.859,0.340
S,-0.9978,-0.0572,-0.0322,3.44,0.985,0.995,1.000,0.541
S,0.4177,0.8392,0.3484,3.40,0.824,0.894,1.000,0.867
S,0.0031,-0.4984,-0.8669,3.44,0.992,0.952,0.852,0.770
S,0.9052,-0.3449,0.2483,3.91,0.995,0.955,0.855,0.517
S,-0.7605,0.2317,0.6065,3.48,0.991,0.951,0.851,0.654
S,-0.3057,0.8833,-0.3556,11.12,0.992,1.000,1.000,0.821
S,0.4024,-0.6025,-0.6893,14.23,0.980,0.990,1.000,0.340
S,0.4793,-0.6253,-0.6158,9.84,0.984,0.994,1.000,0.443
S,-0.6363,-0.6978,0.3290,11.69,0.972,0.982,0.992,0.428
S,0.8447,0.4109,-0.3430,3.40,0.968,0.978,0.988,0.839
S,-0.7471,0.5320,-0.3985,15.51,0.998,0.958,0.858,0.700
S,0.1899,-0.6522,-0.7338,8.52,0.976,0.986,0.996,0.376
S,-0.5964,0.0922,0.7974,3.41,0.927,0.957,0.997,0.529
S,-0.2069,-0.9142,-0.3483,3.75,0.999,0.959,0.859,0.979
S,0.4398,0.0605,-0.8961,3.44,0.822,0.892,1.000,0.456
S,-0.1815,0.9615,0.2064,3.52,1.000,0.845,0.685,0.473
S,-0.2572,0.9646,-0.0588,8.89,0.976,0.986,0.996,0.896
S,-0.1702,-0.4531,-0.8751,4.01,0.989,0.949,0.849,0.432
S,0.7955,0.5956,-0.1117,8.75,0.831,0.901,1.000,0.906
S,-0.3562,0.5828,-0.7304,6.07,1.000,0.846,0.686,0.369
S,0.5083,0.8544,-0.1083,3.40,0.974,0.984,0.994,0.895
S,0.9873,-0.1506,-0.0502,10.37,1.000,0.962,0.862,0.630
S,-0.7243,-0.6426,0.2501,8.53,0.992,1.000,1.000,0.771
S,-0.0522,0.8827,0.4670,3.48,0.991,1.000,1.000,0.962
S,0.1476,-0.5983,-0.7876,3.81,1.000,0.965,0.865,0.521
S,0.1599,-0.8914,0.4241,3.65,0.996,0.956,0.856,0.829
S,-0.3701,0.4464,-0.8147,3.47,0.996,0.956,0.856,0.439
S,0.2528,0.8821,0.3974,10.87,0.828,0.898,1.000,0.781
S,-0.2937,0.4640,-0.8357,9.53,0.989,0.949,0.849,0.358
S,0.7765,-0.4824,-0.4053,5.72,1.000,0.972,0.872,0.805
S,-0.4897,-0.8644,0.1142,3.40,0.991,1.000,1.000,0.632
S,0.4215,-0.0488,0.9055,11.06,1.000,0.972,0.872,0.345
S,0.7736,-0.3195,-0.5472,4.20,0.971,0.981,0.991,0.443
S,-0.1222,0.8999,0.4186,3.40,0.990,0.950,0.850,0.399
S,-0.9323,0.2434,0.2675,13.08,1.000,0.851,0.691,0.719
S,0.7519,-0.6034,-0.2657,3.81,0.808,0.878,0.988,0.635
S,0.9651,0.1155,-0.2351,6.83,1.000,0.848,0.688,0.572
S,-0.8414,0.0334,0.5393,5.68,0.978,0.988,0.998,0.581
S,0.2492,0.6090,-0.7530,3.50,0.999,0.959,0.859,0.565
S,-0.2396,-0.6394,0.7306,9.69,0.979,0.989,0.999,0.914
S,0.5995,-0.7182,0.3532,5.03,1.000,0.851,0.691,0.856
S,0.7640,-0.4725,0.4394,3.68,1.000,0.967,0.867,0.597
S,0.6970,-0.6625,0.2745,4.97,0.808,0.878,0.988,0.885
S,0.3518,-0.9250,-0.1438,3.43,1.000,0.969,0.869,0.341
S,0.4196,-0.7776,-0.4683,4.33,0.995,0.955,0.855,0.813
S,0.5339,0.7252,-0.4349,4.35,0.999,0.959,0.859,0.456
S,-0.8888,0.4531,-0.0693,8.22,0.984,0.994,1.000,0.412
S,0.0146,-0.2076,-0.9781,3.40,1.000,0.969,0.869,0.465
S,0.1216,0.2904,-0.9492,3.64,0.995,0.835,0.675,0.586
S,0.3131,-0.9254,0.2138,13.31,0.992,0.952,0.852,0.532
S,-0.8363,-0.3229,-0.4430,4.12,0.984,0.994,1.000,0.590
S,-0.6914,0.2881,0.6625,3.41,0.983,0.993,1.000,0.842
S,-0.7975,-0.3188,0.5121,3.41,0.995,0.955,0.855,0.904
S,0.5472,0.7701,0.3279,9.15,0.973,0.983,0.993,0.793
S,-0.6086,-0.0563,0.7915,3.40,0.973,0.983,0.993,0.464
S,-0.1500,-0.9877,0.0441,3.68,0.813,0.883,0.993,0.397
S,0.7700,-0.4590,0.4432,3.76,0.990,1.000,1.000,0.617
S,0.8630,0.2837,-0.4181,3.67,0.969,0.979,0.989,0.574
S,-0.1469,-0.8527,-0.5014,3.40,0.927,0.957,0.997,0.539
S,-0.2446,0.8371,0.4893,4.51,0.981,0.991,1.000,0.710
S,0.1585,0.0500,0.9861,3.46,0.937,0.967,1.000,0.782
S,0.9558,0.0418,0.2909,3.45,0.973,0.983,0.993,0.495
S,-0.2236,0.9658,-0.1316,3.40,0.932,0.962,1.000,0.647
S,-0.3094,-0.8803,-0.3596,16.17,0.996,0.956,0.856,0.666
S,-0.9729,-0.1403,-0.1837,4.84,1.000,0.844,0.684,0.614
S,-0.6343,0.7211,0.2788,4.42,0.994,0.834,0.674,0.441
S,-0.1975,-0.8619,-0.4671,3.40,0.991,0.951,0.851,0.349
S,0.6157,-0.4530,0.6448,11.34,0.973,0.983,0.993,0.523
S,-0.8982,-0.1650,0.4074,9.10,0.999,0.839,0.679,0.751
S,0.0216,-0.0074,-0.9997,3.46,0.992,0.952,0.852,0.440
S,-0.3986,0.4674,-0.7891,4.28,0.927,0.957,0.997,0.344
S,0.4595,0.7303,-0.5056,3.44,0.981,0.991,1.000,0.418
S,-0.9366,0.1896,-0.2946,3.47,0.985,0.995,1.000,0.862
S,0.8076,0.5094,0.2971,3.40,0.991,1.000,1.000,0.619
S,-0.8704,-0.0152,0.4921,3.44,0.809,0.879,0.989,0.466
S,-0.4207,-0.8887,0.1825,3.40,0.977,0.987,0.997,0.450
S,-0.6309,-0.3858,-0.6732,13.99,0.980,0.990,1.000,0.668
S,-0.7769,0.4501,-0.4402,3.50,1.000,0.967,0.867,0.535
S,0.0713,-0.2191,-0.9731,4.86,0.990,0.950,0.850,0.727
S,0.3165,0.9480,-0.0318,3.48,0.984,0.994,1.000,0.940
S,0.1309,0.9720,0.1949,5.60,1.000,0.960,0.860,0.978
S,0.3757,-0.9190,-0.1198,3.67,0.969,0.979,0.989,0.399
S,-0.0309,-0.4185,0.9077,4.32,0.929,0.959,0.999,0.671
S,0.7532,-0.3655,0.5469,4.12,0.978,0.988,0.998,0.564
S,0.7049,0.4008,-0.5852,4.00,0.969,0.979,0.989,0.960
S,0.9302,-0.1858,0.3165,15.90,0.991,1.000,1.000,0.977
S,0.7200,0.6795,-0.1409,3.41,0.932,0.962,1.000,0.475
S,-0.7367,0.0166,-0.6761,3.46,1.000,0.972,0.872,0.927
S,-0.8417,0.4856,0.2360,4.04,0.921,0.951,0.991,0.794
S,-0.0007,-0.9795,0.2012,3.63,0.976,0.986,0.996,0.787
S,-0.6336,-0.7736,0.0102,7.66,0.992,0.952,0.852,0.457
S,0.5113,0.3911,0.7653,8.27,0.975,0.985,0.995,0.927
S,0.8338,-0.5354,0.1345,12.95,0.991,1.000,1.000,0.697
S,-0.9865,-0.1261,0.1048,3.82,0.988,0.998,1.000,0.397
S,-0.3093,0.5762,-0.7565,16.42,0.989,0.999,1.000,0.682
S,-0.4060,0.9090,0.0943,12.46,0.971,0.981,0.991,0.340
S,0.0117,0.6087,-0.7933,4.18,0.994,0.954,0.854,0.345
S,0.2500,-0.6690,0.6999,3.40,0.939,0.969,1.000,0.592
S,0.8069,-0.5466,0.2238,14.17,0.978,0.988,0.998,0.710
S,-0.6615,-0.4778,-0.5780,14.43,1.000,0.965,0.865,0.560
S,-0.1281,-0.6282,-0.7674,3.58,0.808,0.878,0.988,0.345
S,-0.1937,-0.1561,-0.9686,3.73,0.971,0.981,0.991,0.841
S,-0.5762,0.6972,0.4265,8.18,1.000,0.967,0.867,0.582
S,-0.3447,0.5353,0.7712,3.44,0.994,0.954,0.854,0.994
S,-0.5566,0.4922,-0.6693,3.82,0.969,0.979,0.989,0.959
S,0.6125,0.4329,-0.6614,3.93,0.993,0.953,0.853,0.399
S,0.2132,-0.9647,-0.1546,3.40,1.000,0.962,0.862,0.534
S,-0.9758,0.0929,-0.1982,3.96,0.999,0.959,0.859,0.675
S,-0.4510,-0.5372,0.7128,7.90,1.000,0.960,0.860,0.388
S,0.0905,0.1920,-0.9772,9.74,0.822,0.892,1.000,0.631
S,0.2611,-0.9546,-0.1437,3.55,0.933,0.963,1.000,0.860
S,0.3573,0.7861,-0.5044,8.30,0.993,0.953,0.853,0.440
S,0.8062,0.3028,-0.5083,6.85,0.988,0.948,0.848,0.465
S,-0.8161,0.5552,-0.1602,3.40,0.819,0.889,0.999,0.791
S,0.2748,-0.9087,-0.3143,3.52,1.000,0.961,0.861,0.917
S,0.5376,-0.3395,-0.7719,4.47,0.992,1.000,1.000,0.886
S,-0.1499,-0.6950,-0.7032,9.29,0.987,0.997,1.000,0.500
S,0.5665,0.0133,0.8240,5.32,0.990,1.000,1.000,0.562
S,0.4968,-0.1536,0.8542,9.86,0.815,0.885,0.995,0.394
S,0.6270,0.4985,0.5986,3.67,0.975,0.985,0.995,0.914
S,0.4006,-0.7112,-0.5776,3.40,0.999,0.959,0.859,0.990
S,0.5767,-0.8127,-0.0830,3.40,0.988,0.998,1.000,0.376
S,-0.3891,-0.2469,-0.8875,5.11,0.832,0.902,1.000,0.499
N,-0.3073,0.6863,0.6592,77.71,0.288,0.426,0.788,0.039
N,-0.3273,0.6905,0.6451,139.21,0.274,0.415,0.774,0.030
N,-0.3851,0.6744,0.6299,160.37,0.307,0.439,0.807,0.023
N,-0.3043,0.6960,0.6504,199.11,0.277,0.418,0.777,0.019
N,-0.3962,0.6400,0.6583,165.66,0.275,0.417,0.775,0.035
N,-0.3542,0.6743,0.6480,74.55,0.290,0.427,0.790,0.039
N,-0.3095,0.7091,0.6336,121.02,0.271,0.414,0.771,0.038
N,-0.3192,0.6895,0.6502,197.42,0.289,0.427,0.789,0.041
N,-0.3350,0.6933,0.6381,140.87,0.302,0.435,0.802,0.029
N,-0.3563,0.6692,0.6521,150.98,0.278,0.418,0.778,0.050
N,-0.3013,0.7349,0.6075,201.91,0.301,0.435,0.801,0.019
N,-0.2149,0.7293,0.6495,146.54,0.278,0.418,0.778,0.023
N,-0.3338,0.6607,0.6724,156.04,0.264,0.409,0.764,0.022
N,-0.3249,0.7054,0.6299,159.52,0.263,0.408,0.763,0.023
N,-0.2854,0.7082,0.6457,188.60,0.285,0.423,0.785,0.045
N,-0.4132,0.6937,0.5899,98.98,0.258,0.405,0.758,0.030
N,-0.3253,0.7093,0.6253,123.74,0.280,0.420,0.780,0.037
N,-0.3035,0.6562,0.6909,123.69,0.304,0.436,0.804,0.018
N,-0.2760,0.7444,0.6081,169.66,0.257,0.404,0.757,0.023
N,-0.3600,0.6870,0.6312,123.10,0.276,0.417,0.776,0.038
N,-0.3042,0.6895,0.6573,129.65,0.288,0.426,0.788,0.041
N,-0.3266,0.6636,0.6730,186.70,0.257,0.404,0.757,0.042
N,-0.3925,0.6068,0.6912,144.56,0.293,0.429,0.793,0.011
N,-0.3178,0.6798,0.6610,113.42,0.296,0.431,0.796,0.051
N,-0.3061,0.7558,0.5789,209.30,0.267,0.411,0.767,0.019
N,-0.1925,0.7218,0.6647,161.63,0.289,0.426,0.789,0.008
N,-0.3270,0.7229,0.6087,152.97,0.280,0.420,0.780,0.021
N,-0.3464,0.6951,0.6300,89.94,0.256,0.403,0.756,0.038
N,-0.2638,0.6896,0.6744,117.98,0.257,0.404,0.757,0.016
N,-0.3662,0.6734,0.6422,188.99,0.277,0.418,0.777,0.049
N,-0.3685,0.6521,0.6625,107.81,0.279,0.419,0.779,0.016
N,-0.3545,0.6796,0.6422,162.31,0.259,0.406,0.759,0.022
N,-0.2785,0.6989,0.6588,190.29,0.287,0.425,0.787,0.026
N,-0.3545,0.6815,0.6402,98.55,0.264,0.409,0.764,0.052
N,-0.4143,0.6898,0.5937,97.61,0.296,0.431,0.796,0.025
N,-0.2444,0.7056,0.6651,111.17,0.265,0.410,0.765,0.026
N,-0.3075,0.6341,0.7094,148.49,0.278,0.419,0.778,0.019
N,-0.4044,0.6729,0.6195,121.27,0.296,0.431,0.796,0.031
N,-0.4246,0.6707,0.6082,146.38,0.269,0.412,0.769,0.032
N,-0.3541,0.6726,0.6498,143.35,0.305,0.437,0.805,0.052
N,-0.3904,0.7014,0.5963,149.94,0.303,0.436,0.803,0.038
N,-0.3800,0.6786,0.6286,181.55,0.291,0.427,0.791,0.027
N,-0.3443,0.7305,0.5898,148.34,0.269,0.412,0.769,0.031
N,-0.3347,0.6537,0.6788,139.51,0.272,0.414,0.772,0.022
N,-0.3218,0.6857,0.6529,95.27,0.262,0.407,0.762,0.042
N,-0.4512,0.6694,0.5901,201.16,0.285,0.424,0.785,0.028
N,-0.3103,0.6236,0.7175,167.78,0.266,0.410,0.766,0.021
N,-0.2758,0.6818,0.6775,86.29,0.277,0.418,0.777,0.030
N,-0.2887,0.7010,0.6521,165.20,0.273,0.415,0.773,0.026
N,-0.3519,0.6871,0.6356,124.82,0.291,0.428,0.791,0.033
N,-0.3420,0.6580,0.6709,160.83,0.288,0.425,0.788,0.034
N,-0.2723,0.6813,0.6795,85.66,0.303,0.436,0.803,0.036
N,-0.3384,0.6798,0.6507,128.76,0.267,0.411,0.767,0.035
N,-0.3962,0.6468,0.6517,135.13,0.259,0.405,0.759,0.038
N,-0.2606,0.7004,0.6645,117.26,0.289,0.426,0.789,0.014
N,-0.3844,0.6624,0.6430,187.22,0.272,0.414,0.772,0.018
N,-0.2953,0.7147,0.6340,164.66,0.303,0.436,0.803,0.029
N,-0.2472,0.6740,0.6961,197.70,0.264,0.409,0.764,0.015
N,-0.3832,0.6582,0.6480,161.78,0.268,0.412,0.768,0.041
N,-0.3454,0.6991,0.6261,152.19,0.295,0.431,0.795,0.034
N,-0.4539,0.6772,0.5791,156.02,0.282,0.422,0.782,0.022
N,-0.2585,0.6813,0.6849,119.34,0.256,0.403,0.756,0.019
N,-0.3224,0.7036,0.6332,94.74,0.253,0.401,0.753,0.038
N,-0.4243,0.6666,0.6129,109.53,0.295,0.431,0.795,0.013
N,-0.3059,0.6789,0.6674,79.67,0.283,0.422,0.783,0.030
N,-0.3371,0.7535,0.5644,104.48,0.299,0.433,0.799,0.011
N,-0.4006,0.6443,0.6515,185.59,0.303,0.436,0.803,0.029
N,-0.2929,0.6712,0.6810,167.02,0.280,0.420,0.780,0.042
N,-0.3723,0.6904,0.6203,153.53,0.258,0.405,0.758,0.047
N,-0.3224,0.7361,0.5951,88.69,0.280,0.420,0.780,0.024
N,-0.2778,0.6762,0.6824,138.76,0.304,0.437,0.804,0.026
N,-0.4399,0.6537,0.6158,115.85,0.299,0.433,0.799,0.026
N,-0.3246,0.6718,0.6658,98.99,0.305,0.437,0.805,0.041
N,-0.2736,0.7044,0.6550,99.11,0.269,0.412,0.769,0.029
N,-0.3434,0.6793,0.6485,189.66,0.301,0.434,0.801,0.035
N,-0.3163,0.6849,0.6564,166.54,0.264,0.409,0.764,0.045
N,-0.3535,0.6897,0.6320,148.58,0.272,0.414,0.772,0.030
N,-0.3604,0.6661,0.6530,131.88,0.254,0.402,0.754,0.046
N,-0.3323,0.7252,0.6031,141.52,0.305,0.437,0.805,0.038
N,-0.3168,0.7085,0.6306,190.96,0.307,0.439,0.807,0.030
N,-0.2496,0.7250,0.6420,208.25,0.287,0.425,0.787,0.028
N,-0.2821,0.7288,0.6240,160.17,0.288,0.425,0.788,0.021
N,-0.3144,0.6699,0.6727,80.70,0.268,0.411,0.768,0.024
N,-0.3748,0.6961,0.6124,144.85,0.283,0.422,0.783,0.016
N,-0.3907,0.7326,0.5574,193.93,0.288,0.425,0.788,0.022
N,-0.3469,0.6366,0.6888,100.02,0.296,0.431,0.796,0.032
N,-0.4257,0.6811,0.5957,95.32,0.266,0.410,0.766,0.033
N,-0.3414,0.7066,0.6199,169.21,0.276,0.417,0.776,0.034
N,-0.3382,0.6800,0.6505,103.97,0.263,0.408,0.763,0.053
N,-0.3509,0.7182,0.6009,169.70,0.261,0.407,0.761,0.028
N,-0.3027,0.6652,0.6825,148.87,0.278,0.419,0.778,0.024
N,-0.2590,0.7452,0.6145,206.10,0.302,0.435,0.802,0.028
N,-0.3836,0.7061,0.5953,175.32,0.301,0.434,0.801,0.033
N,-0.3304,0.6581,0.6766,111.90,0.303,0.436,0.803,0.020
N,-0.3682,0.6549,0.6599,88.45,0.291,0.428,0.791,0.018
N,-0.2895,0.6841,0.6695,178.40,0.299,0.434,0.799,0.024
N,-0.3543,0.7380,0.5743,187.67,0.285,0.424,0.785,0.028
N,-0.2555,0.6807,0.6866,113.15,0.283,0.422,0.783,0.028
N,-0.3167,0.7165,0.6216,139.46,0.254,0.402,0.754,0.028
N,-0.4225,0.6665,0.6142,178.10,0.303,0.436,0.803,0.021
N,-0.3461,0.6233,0.7012,179.45,0.285,0.424,0.785,0.016
N,-0.2659,0.6346,0.7256,148.70,0.260,0.406,0.760,0.014
N,-0.3410,0.7028,0.6243,131.69,0.281,0.421,0.781,0.047
N,-0.2918,0.6560,0.6961,183.69,0.266,0.410,0.766,0.033
N,-0.3138,0.7006,0.6409,140.11,0.289,0.426,0.789,0.052
N,-0.3217,0.6861,0.6526,91.94,0.263,0.408,0.763,0.023
N,-0.3199,0.7176,0.6186,188.11,0.275,0.416,0.775,0.041
N,-0.2251,0.7453,0.6276,202.02,0.291,0.427,0.791,0.021
N,-0.3774,0.7290,0.5711,145.34,0.305,0.437,0.805,0.030
N,-0.3513,0.7243,0.5933,157.62,0.297,0.432,0.797,0.015
N,-0.3388,0.7072,0.6205,183.22,0.269,0.413,0.769,0.027
N,-0.3359,0.6689,0.6631,196.21,0.282,0.421,0.782,0.029
N,-0.3912,0.7307,0.5595,115.87,0.275,0.416,0.775,0.023
N,-0.4152,0.6800,0.6043,137.46,0.258,0.405,0.758,0.038
N,-0.2746,0.6768,0.6831,158.88,0.297,0.432,0.797,0.039
N,-0.3926,0.6694,0.6307,163.54,0.279,0.419,0.779,0.024
N,-0.4035,0.6878,0.6034,162.78,0.261,0.407,0.761,0.029
N,-0.3477,0.6943,0.6300,181.57,0.297,0.432,0.797,0.029
N,-0.3143,0.7056,0.6351,121.36,0.261,0.407,0.761,0.026
N,-0.3996,0.6722,0.6233,123.02,0.259,0.405,0.759,0.030
N,-0.4145,0.7149,0.5630,181.62,0.296,0.431,0.796,0.018
N,-0.2653,0.6877,0.6758,115.30,0.300,0.434,0.800,0.018
N,-0.3971,0.6795,0.6169,151.03,0.306,0.438,0.806,0.036
N,-0.3731,0.6698,0.6420,88.51,0.258,0.405,0.758,0.045
N,-0.3240,0.6679,0.6700,122.55,0.277,0.418,0.777,0.043
N,-0.2927,0.7383,0.6076,133.11,0.254,0.402,0.754,0.017
N,-0.3266,0.7071,0.6271,196.80,0.270,0.413,0.770,0.027
N,-0.4933,0.6475,0.5808,118.46,0.306,0.438,0.806,0.011
N,-0.3184,0.7235,0.6125,107.24,0.301,0.435,0.801,0.031
N,-0.3594,0.6993,0.6179,161.88,0.304,0.437,0.804,0.045
N,-0.4241,0.6373,0.6434,118.50,0.304,0.437,0.804,0.030
N,-0.3139,0.7265,0.6113,183.11,0.258,0.404,0.758,0.027
N,-0.3609,0.7233,0.5887,140.32,0.295,0.430,0.795,0.016
N,-0.4077,0.6458,0.6455,165.41,0.260,0.406,0.760,0.019
N,-0.2222,0.7117,0.6664,90.18,0.258,0.404,0.758,0.014
N,-0.3734,0.6952,0.6142,124.60,0.283,0.422,0.783,0.024
N,-0.3386,0.6810,0.6493,115.57,0.267,0.411,0.767,0.022
N,-0.4007,0.6890,0.6040,181.64,0.263,0.408,0.763,0.036
N,-0.3400,0.7294,0.5936,207.30,0.253,0.401,0.753,0.037
N,-0.3274,0.6804,0.6556,190.21,0.305,0.438,0.805,0.026
N,-0.3419,0.6798,0.6489,110.67,0.255,0.403,0.755,0.052
N,-0.3989,0.6963,0.5967,206.52,0.304,0.437,0.804,0.014
N,-0.3571,0.7266,0.5870,119.52,0.285,0.423,0.785,0.014
N,-0.3783,0.6942,0.6124,161.51,0.306,0.438,0.806,0.044
N,-0.3841,0.6683,0.6370,135.34,0.296,0.431,0.796,0.037
N,-0.2820,0.7292,0.6235,172.88,0.296,0.431,0.796,0.018
N,-0.3462,0.6996,0.6251,113.36,0.297,0.432,0.797,0.024
N,-0.2993,0.6997,0.6488,145.69,0.262,0.407,0.762,0.038
N,-0.3283,0.6955,0.6391,77.36,0.297,0.432,0.797,0.021
N,-0.3778,0.6498,0.6596,176.50,0.302,0.435,0.802,0.020
N,-0.3375,0.6850,0.6456,83.52,0.297,0.432,0.797,0.031
N,-0.2908,0.7134,0.6376,104.90,0.261,0.406,0.761,0.027
N,-0.3964,0.7064,0.5864,204.42,0.299,0.434,0.799,0.018
N,-0.2622,0.6941,0.6704,193.56,0.259,0.405,0.759,0.039
N,-0.1647,0.7368,0.6557,182.04,0.288,0.425,0.788,0.011
N,-0.3448,0.6641,0.6634,172.46,0.272,0.414,0.772,0.029
N,-0.3381,0.6688,0.6621,108.85,0.264,0.409,0.764,0.038
N,-0.3870,0.6562,0.6478,130.48,0.258,0.405,0.758,0.035
N,-0.3938,0.6563,0.6436,194.20,0.267,0.411,0.767,0.027
N,-0.3637,0.7189,0.5923,99.12,0.304,0.437,0.804,0.034
N,-0.3587,0.6886,0.6303,137.80,0.283,0.422,0.783,0.023
N,-0.4432,0.6642,0.6020,90.79,0.256,0.403,0.756,0.032
N,-0.2615,0.7438,0.6151,126.00,0.263,0.408,0.763,0.014
N,-0.2216,0.7330,0.6431,109.46,0.258,0.405,0.758,0.023
N,-0.2735,0.6827,0.6776,130.30,0.287,0.425,0.787,0.021
N,-0.3615,0.7297,0.5803,192.74,0.270,0.413,0.770,0.033
N,-0.3372,0.6955,0.6345,139.36,0.285,0.424,0.785,0.042
N,-0.3650,0.6858,0.6296,166.74,0.287,0.425,0.787,0.038
N,-0.1963,0.6911,0.6956,105.30,0.306,0.438,0.806,0.010
N,-0.2372,0.6765,0.6972,118.86,0.265,0.409,0.765,0.012
N,-0.3297,0.7059,0.6269,159.50,0.288,0.425,0.788,0.040
N,-0.3712,0.6705,0.6423,76.59,0.282,0.422,0.782,0.039
N,-0.3241,0.7153,0.6192,198.51,0.304,0.437,0.804,0.046
N,-0.3670,0.6816,0.6330,190.48,0.281,0.421,0.781,0.044
N,-0.2544,0.7212,0.6443,149.15,0.290,0.427,0.790,0.030
N,-0.3421,0.6778,0.6508,141.45,0.291,0.428,0.791,0.039
N,-0.3037,0.7098,0.6356,161.10,0.291,0.428,0.791,0.042
N,-0.4102,0.6921,0.5940,204.74,0.307,0.439,0.807,0.029
N,-0.4231,0.6227,0.6583,212.04,0.294,0.430,0.794,0.018
N,-0.3417,0.6833,0.6453,127.14,0.256,0.403,0.756,0.029
N,-0.3478,0.7300,0.5883,169.85,0.269,0.412,0.769,0.019
N,-0.2920,0.6843,0.6682,189.27,0.287,0.425,0.787,0.033
N,-0.3828,0.6762,0.6294,99.63,0.269,0.412,0.769,0.017
N,-0.2459,0.6944,0.6763,143.92,0.292,0.428,0.792,0.032
N,-0.3743,0.6751,0.6358,186.81,0.299,0.433,0.799,0.038
N,-0.3964,0.6428,0.6555,108.42,0.297,0.432,0.797,0.018
N,-0.2772,0.7161,0.6406,197.78,0.287,0.425,0.787,0.021
N,-0.2614,0.6978,0.6669,168.68,0.253,0.401,0.753,0.037
N,-0.3378,0.6927,0.6372,89.61,0.268,0.411,0.768,0.035
N,-0.3324,0.6835,0.6499,102.40,0.286,0.424,0.786,0.025
N,-0.2250,0.6711,0.7064,204.78,0.276,0.417,0.776,0.009
N,-0.3605,0.6153,0.7010,136.29,0.271,0.414,0.771,0.011
N,-0.3399,0.6967,0.6318,190.75,0.293,0.429,0.793,0.024
N,-0.2693,0.6978,0.6638,171.68,0.269,0.412,0.769,0.015
N,-0.3209,0.6997,0.6383,119.55,0.256,0.403,0.756,0.050
N,-0.2500,0.6381,0.7283,138.87,0.271,0.414,0.771,0.007
N,-0.2206,0.7092,0.6696,128.25,0.285,0.424,0.785,0.027
N,-0.4019,0.6792,0.6141,140.81,0.263,0.408,0.763,0.023
N,-0.3101,0.7262,0.6136,117.10,0.269,0.412,0.769,0.041
N,-0.3684,0.6871,0.6262,153.93,0.285,0.423,0.785,0.036
N,-0.3034,0.7284,0.6143,129.50,0.280,0.420,0.780,0.024
N,-0.3147,0.6884,0.6535,114.05,0.271,0.414,0.771,0.031
N,-0.3063,0.7003,0.6448,165.02,0.276,0.417,0.776,0.031
N,-0.3972,0.6969,0.5972,131.23,0.273,0.415,0.773,0.034
N,-0.2757,0.7123,0.6454,134.54,0.306,0.438,0.806,0.033
N,-0.2918,0.7537,0.5889,212.90,0.307,0.439,0.807,0.012
N,-0.3609,0.6897,0.6278,130.35,0.300,0.434,0.800,0.036
N,-0.3398,0.6901,0.6390,78.42,0.297,0.432,0.797,0.020
N,-0.3295,0.6977,0.6361,75.64,0.297,0.432,0.797,0.051
N,-0.4051,0.6717,0.6202,196.30,0.300,0.434,0.800,0.035
N,-0.2926,0.6672,0.6850,183.91,0.303,0.436,0.803,0.017
N,-0.3521,0.7202,0.5978,93.50,0.287,0.425,0.787,0.021
N,-0.3122,0.7163,0.6240,111.78,0.263,0.408,0.763,0.043
N,-0.2739,0.6966,0.6631,166.52,0.268,0.411,0.768,0.029
N,-0.3021,0.6717,0.6764,130.90,0.280,0.420,0.780,0.044
N,-0.3175,0.6906,0.6499,174.64,0.273,0.415,0.773,0.052
N,-0.3251,0.6831,0.6539,112.71,0.297,0.432,0.797,0.018
N,-0.3646,0.6932,0.6217,159.88,0.292,0.429,0.792,0.041
N,-0.3572,0.7356,0.5755,210.61,0.261,0.406,0.761,0.024
N,-0.3691,0.7127,0.5965,138.83,0.274,0.415,0.774,0.038
N,-0.4024,0.6147,0.6784,159.74,0.284,0.423,0.784,0.013
N,-0.3205,0.7247,0.6099,125.22,0.257,0.404,0.757,0.028
N,-0.3824,0.6744,0.6316,104.24,0.255,0.403,0.755,0.045
N,-0.2805,0.7371,0.6148,195.32,0.259,0.406,0.759,0.031
N,-0.3262,0.6781,0.6587,167.52,0.303,0.436,0.803,0.029
N,-0.3003,0.6590,0.6897,121.80,0.291,0.428,0.791,0.033
N,-0.2781,0.6680,0.6902,183.63,0.259,0.406,0.759,0.019
N,-0.2652,0.6955,0.6678,129.33,0.285,0.424,0.785,0.039
N,-0.2913,0.7182,0.6319,169.39,0.305,0.437,0.805,0.026
N,-0.3565,0.6059,0.7112,183.01,0.303,0.436,0.803,0.015
N,-0.3201,0.6814,0.6582,118.57,0.273,0.415,0.773,0.042
N,-0.3280,0.6853,0.6502,89.39,0.263,0.408,0.763,0.029
N,-0.2247,0.7112,0.6661,124.97,0.299,0.433,0.799,0.015
N,-0.3308,0.7342,0.5928,157.19,0.291,0.428,0.791,0.019
N,-0.2086,0.7239,0.6576,154.28,0.282,0.422,0.782,0.018
N,-0.3145,0.6901,0.6518,105.67,0.283,0.422,0.783,0.031
N,-0.3449,0.6865,0.6401,156.60,0.273,0.415,0.773,0.030
N,-0.3397,0.6551,0.6749,114.21,0.282,0.421,0.782,0.023
N,-0.3673,0.6879,0.6260,129.33,0.261,0.406,0.761,0.030
N,-0.3480,0.7319,0.5859,93.75,0.281,0.421,0.781,0.025
N,-0.3357,0.7198,0.6076,178.56,0.277,0.418,0.777,0.017
N,-0.2806,0.7438,0.6067,196.81,0.257,0.404,0.757,0.030
N,-0.3165,0.6995,0.6407,134.42,0.294,0.430,0.794,0.043
N,-0.3914,0.7233,0.5689,162.64,0.280,0.420,0.780,0.028
N,-0.2602,0.7439,0.6156,170.71,0.261,0.406,0.761,0.023
N,-0.3027,0.6789,0.6689,93.40,0.272,0.415,0.772,0.021
N,-0.3155,0.6716,0.6704,91.20,0.292,0.428,0.792,0.025
N,-0.3711,0.6411,0.6717,206.91,0.262,0.408,0.762,0.026
N,-0.3128,0.7080,0.6332,185.01,0.304,0.437,0.804,0.032
N,-0.2945,0.6931,0.6579,112.00,0.293,0.429,0.793,0.048
N,-0.4070,0.6692,0.6218,184.76,0.297,0.432,0.797,0.036
N,-0.4005,0.6505,0.6453,183.28,0.260,0.406,0.760,0.034
N,-0.3766,0.6521,0.6580,108.99,0.274,0.416,0.774,0.036
N,-0.3485,0.6974,0.6263,127.09,0.302,0.436,0.802,0.049
N,-0.3266,0.6568,0.6797,123.22,0.292,0.429,0.792,0.015
N,-0.3214,0.6685,0.6706,96.68,0.306,0.438,0.806,0.047
N,-0.3937,0.6904,0.6069,160.06,0.304,0.437,0.804,0.024
N,-0.3892,0.6566,0.6460,133.08,0.263,0.408,0.763,0.017
N,-0.3661,0.6955,0.6183,128.55,0.283,0.422,0.783,0.028
N,-0.3632,0.6961,0.6193,122.93,0.274,0.416,0.774,0.029
N,-0.3258,0.6809,0.6559,181.72,0.296,0.431,0.796,0.041
N,-0.2196,0.6561,0.7220,214.21,0.275,0.416,0.775,0.018
N,-0.2897,0.6827,0.6708,145.51,0.306,0.438,0.806,0.019
N,-0.3852,0.6783,0.6257,158.54,0.275,0.416,0.775,0.027
N,-0.2804,0.6846,0.6728,197.58,0.293,0.429,0.793,0.039
N,-0.2850,0.7203,0.6324,190.30,0.306,0.438,0.806,0.024
N,-0.2974,0.7039,0.6451,167.39,0.265,0.409,0.765,0.019
N,-0.3311,0.6782,0.6561,90.77,0.300,0.434,0.800,0.039
N,-0.3711,0.6764,0.6362,192.77,0.266,0.410,0.766,0.028
N,-0.3635,0.6270,0.6890,191.95,0.285,0.424,0.785,0.021
N,-0.2780,0.6270,0.7277,102.69,0.292,0.428,0.792,0.008
N,-0.2346,0.7533,0.6144,179.34,0.286,0.424,0.786,0.009
N,-0.2500,0.6660,0.7028,93.08,0.301,0.435,0.801,0.018
N,-0.3815,0.6848,0.6209,117.26,0.254,0.402,0.754,0.037
N,-0.3284,0.6433,0.6916,190.10,0.253,0.401,0.753,0.035
N,-0.3416,0.7185,0.6059,194.84,0.255,0.402,0.755,0.022
N,-0.3191,0.6889,0.6508,173.79,0.298,0.433,0.798,0.023
N,-0.3701,0.7384,0.5638,129.90,0.287,0.425,0.787,0.020
N,-0.4228,0.6816,0.5972,176.02,0.256,0.403,0.756,0.033
N,-0.2945,0.6848,0.6665,86.56,0.279,0.419,0.779,0.027
N,-0.3574,0.6441,0.6763,161.33,0.304,0.437,0.804,0.025
N,-0.2707,0.7436,0.6114,137.04,0.259,0.405,0.759,0.022
N,-0.3310,0.6619,0.6726,147.33,0.266,0.410,0.766,0.036
N,-0.3336,0.7121,0.6178,153.06,0.294,0.430,0.794,0.019
N,-0.2378,0.6795,0.6941,158.91,0.293,0.429,0.793,0.012
N,-0.3346,0.6805,0.6519,91.77,0.295,0.430,0.795,0.034
N,-0.3666,0.6800,0.6349,95.05,0.277,0.418,0.777,0.040
N,-0.3545,0.6990,0.6211,117.87,0.289,0.426,0.789,0.035
N,-0.3384,0.6805,0.6499,130.42,0.278,0.419,0.778,0.041
N,-0.4413,0.6515,0.6171,205.89,0.287,0.425,0.787,0.014
N,-0.4596,0.6763,0.5757,125.41,0.282,0.421,0.782,0.020
N,-0.2637,0.6853,0.6789,156.00,0.287,0.425,0.787,0.031
N,-0.3611,0.6787,0.6396,89.35,0.263,0.408,0.763,0.053
N,-0.2776,0.7101,0.6471,197.70,0.281,0.421,0.781,0.038
N,-0.3731,0.7309,0.5714,106.54,0.279,0.420,0.779,0.025
N,-0.2774,0.7133,0.6437,82.70,0.307,0.439,0.807,0.038
N,-0.3662,0.6376,0.6777,147.83,0.269,0.412,0.769,0.031
N,-0.2709,0.6918,0.6694,137.68,0.300,0.434,0.800,0.031
N,-0.3486,0.7012,0.6219,193.67,0.276,0.417,0.776,0.020
N,-0.4177,0.6846,0.5974,160.66,0.279,0.419,0.779,0.018
N,-0.7726,0.1749,-0.6104,125.86,0.507,0.279,0.707,0.015
N,-0.7072,0.1183,-0.6971,181.77,0.506,0.278,0.706,0.032
N,-0.7533,0.1832,-0.6316,172.59,0.470,0.253,0.670,0.037
N,-0.6963,0.2087,-0.6868,200.09,0.507,0.279,0.707,0.023
N,-0.7322,0.1508,-0.6642,132.86,0.498,0.272,0.698,0.055
N,-0.7235,0.1719,-0.6685,159.92,0.495,0.271,0.695,0.030
N,-0.7433,0.1467,-0.6527,121.09,0.472,0.254,0.672,0.041
N,-0.7401,0.1376,-0.6583,171.14,0.505,0.277,0.705,0.036
N,-0.7484,0.1338,-0.6496,92.51,0.458,0.245,0.658,0.028
N,-0.7176,0.2394,-0.6540,169.58,0.474,0.256,0.674,0.028
N,-0.7298,0.2164,-0.6486,188.80,0.474,0.256,0.674,0.020
N,-0.7372,0.1675,-0.6545,174.64,0.498,0.273,0.698,0.042
N,-0.6924,0.1993,-0.6935,111.21,0.493,0.269,0.693,0.031
N,-0.6855,0.1985,-0.7005,163.53,0.456,0.243,0.656,0.020
N,-0.7400,0.1558,-0.6543,80.88,0.494,0.270,0.694,0.057
N,-0.7320,0.1541,-0.6637,100.65,0.457,0.244,0.657,0.040
N,-0.7288,0.1558,-0.6668,78.10,0.470,0.253,0.670,0.036
N,-0.7355,0.1944,-0.6491,139.74,0.503,0.276,0.703,0.020
N,-0.7584,0.1513,-0.6340,92.55,0.479,0.260,0.679,0.035
N,-0.7398,0.1420,-0.6577,168.28,0.482,0.261,0.682,0.037
N,-0.7523,0.1312,-0.6456,85.97,0.501,0.274,0.701,0.036
N,-0.7445,0.1738,-0.6447,174.93,0.488,0.266,0.688,0.029
N,-0.7256,0.1860,-0.6625,185.48,0.458,0.245,0.658,0.048
N,-0.7491,0.1033,-0.6543,144.19,0.475,0.256,0.675,0.037
N,-0.6855,0.1850,-0.7042,163.74,0.495,0.270,0.695,0.026
N,-0.7276,0.2347,-0.6446,124.31,0.453,0.241,0.653,0.012
N,-0.7281,0.1675,-0.6647,183.77,0.501,0.275,0.701,0.032
N,-0.7610,0.1421,-0.6330,116.96,0.459,0.246,0.659,0.028
N,-0.7086,0.1819,-0.6818,196.83,0.494,0.270,0.694,0.026
N,-0.7200,0.1603,-0.6752,110.75,0.462,0.247,0.662,0.041
N,-0.7506,0.1367,-0.6465,160.50,0.502,0.275,0.702,0.046
N,-0.7248,0.1875,-0.6630,171.71,0.473,0.255,0.673,0.016
N,-0.7608,0.2090,-0.6144,198.65,0.478,0.259,0.678,0.016
N,-0.7567,0.1652,-0.6326,112.09,0.479,0.259,0.679,0.033
N,-0.7193,0.0891,-0.6890,182.27,0.477,0.258,0.677,0.024
N,-0.7691,0.1320,-0.6253,95.31,0.466,0.250,0.666,0.037
N,-0.7504,0.1044,-0.6526,141.98,0.481,0.261,0.681,0.030
N,-0.7262,0.1847,-0.6622,131.71,0.454,0.242,0.654,0.025
N,-0.7397,0.1663,-0.6520,128.46,0.490,0.267,0.690,0.025
N,-0.7251,0.1645,-0.6687,141.00,0.463,0.248,0.663,0.038
N,-0.7199,0.1513,-0.6774,176.75,0.495,0.271,0.695,0.041
N,-0.7528,0.1779,-0.6338,80.61,0.488,0.265,0.688,0.044
N,-0.7320,0.1735,-0.6588,81.95,0.455,0.243,0.655,0.020
N,-0.7441,0.1066,-0.6595,143.72,0.498,0.273,0.698,0.016
N,-0.7127,0.2482,-0.6562,211.70,0.482,0.262,0.682,0.026
N,-0.7232,0.1765,-0.6677,90.01,0.484,0.263,0.684,0.047
N,-0.7606,0.1495,-0.6318,115.30,0.472,0.254,0.672,0.018
N,-0.7546,0.1914,-0.6276,104.16,0.494,0.270,0.694,0.014
N,-0.7714,0.1733,-0.6124,123.44,0.483,0.262,0.683,0.013
N,-0.7019,0.1364,-0.6991,137.94,0.489,0.266,0.689,0.030
N,-0.7226,0.1373,-0.6775,191.89,0.490,0.267,0.690,0.042
N,-0.7471,0.1348,-0.6509,143.84,0.482,0.261,0.682,0.023
N,-0.7545,0.1513,-0.6386,152.90,0.476,0.257,0.676,0.031
N,-0.7502,0.1722,-0.6383,136.78,0.453,0.241,0.653,0.021
N,-0.7423,0.2000,-0.6395,92.92,0.502,0.275,0.702,0.041
N,-0.7616,0.1165,-0.6375,154.74,0.492,0.268,0.692,0.018
N,-0.7241,0.1169,-0.6797,125.75,0.458,0.245,0.658,0.030
N,-0.7443,0.1588,-0.6487,150.37,0.470,0.253,0.670,0.024
N,-0.7147,0.1262,-0.6880,93.16,0.473,0.255,0.673,0.023
N,-0.7335,0.1348,-0.6662,127.49,0.479,0.259,0.679,0.042
N,-0.7442,0.1917,-0.6398,169.49,0.474,0.256,0.674,0.034
N,-0.7704,0.1553,-0.6184,143.49,0.477,0.258,0.677,0.016
N,-0.7349,0.2144,-0.6434,109.77,0.478,0.259,0.678,0.038
N,-0.7718,0.1887,-0.6073,154.52,0.459,0.245,0.659,0.012
N,-0.7227,0.1239,-0.6800,152.43,0.475,0.257,0.675,0.033
N,-0.7389,0.2105,-0.6401,166.71,0.480,0.260,0.680,0.020
N,-0.7541,0.1302,-0.6437,118.91,0.493,0.269,0.693,0.037
N,-0.7366,0.1175,-0.6660,131.37,0.494,0.270,0.694,0.036
N,-0.6908,0.1521,-0.7069,177.09,0.481,0.261,0.681,0.021
N,-0.7528,0.2046,-0.6257,136.23,0.500,0.274,0.700,0.023
N,-0.7310,0.0574,-0.6800,151.34,0.495,0.270,0.695,0.022
N,-0.7156,0.1720,-0.6770,111.15,0.494,0.270,0.694,0.040
N,-0.7875,0.1533,-0.5969,145.07,0.486,0.264,0.686,0.010
N,-0.7022,0.1424,-0.6976,85.71,0.468,0.251,0.668,0.033
N,-0.7226,0.1597,-0.6726,192.47,0.492,0.269,0.692,0.021
N,-0.7299,0.1953,-0.6550,176.51,0.495,0.270,0.695,0.038
N,-0.7836,0.1034,-0.6126,97.52,0.497,0.272,0.697,0.018
N,-0.7581,0.1627,-0.6315,161.40,0.461,0.246,0.661,0.028
N,-0.7396,0.1341,-0.6596,145.65,0.463,0.248,0.663,0.029
N,-0.7232,0.1235,-0.6795,172.51,0.456,0.243,0.656,0.035
N,-0.7653,0.0789,-0.6389,134.28,0.482,0.261,0.682,0.019
N,-0.7240,0.1321,-0.6770,88.69,0.503,0.276,0.703,0.040
N,-0.7343,0.1409,-0.6641,88.31,0.484,0.263,0.684,0.028
N,-0.7156,0.1973,-0.6701,84.46,0.486,0.264,0.686,0.032
N,-0.7521,0.1206,-0.6480,105.82,0.501,0.275,0.701,0.019
N,-0.7735,0.1213,-0.6220,201.14,0.464,0.249,0.664,0.022
N,-0.7979,0.1012,-0.5943,122.79,0.478,0.258,0.678,0.011
N,-0.7283,0.2152,-0.6506,139.15,0.464,0.249,0.664,0.020
N,-0.7318,0.2101,-0.6484,92.92,0.477,0.258,0.677,0.027
N,-0.6995,0.1680,-0.6946,107.25,0.486,0.264,0.686,0.017
N,-0.7315,0.0775,-0.6774,123.69,0.478,0.258,0.678,0.023
N,-0.7135,0.1489,-0.6847,182.84,0.473,0.255,0.673,0.035
N,-0.7351,0.1878,-0.6514,166.40,0.463,0.248,0.663,0.045
N,-0.7547,0.1105,-0.6467,204.34,0.464,0.249,0.664,0.031
N,-0.7432,0.1199,-0.6583,179.60,0.502,0.275,0.702,0.025
N,-0.7380,0.1709,-0.6528,185.19,0.480,0.260,0.680,0.043
N,-0.6909,0.1915,-0.6971,141.92,0.468,0.252,0.668,0.014
N,-0.7364,0.1487,-0.6600,87.08,0.464,0.249,0.664,0.023
N,-0.7243,0.1358,-0.6760,200.37,0.467,0.251,0.667,0.019
N,-0.7320,0.2185,-0.6453,133.36,0.497,0.272,0.697,0.037
N,-0.7237,0.1228,-0.6791,132.31,0.484,0.263,0.684,0.038
N,-0.7154,0.1739,-0.6767,90.29,0.454,0.242,0.654,0.045
N,-0.7370,0.1523,-0.6585,122.18,0.487,0.265,0.687,0.043
N,-0.7257,0.2385,-0.6454,203.22,0.462,0.247,0.662,0.027
N,-0.7562,0.1556,-0.6356,90.33,0.498,0.273,0.698,0.041
N,-0.7315,0.2035,-0.6507,129.02,0.504,0.277,0.704,0.038
N,-0.7463,0.1262,-0.6536,157.21,0.468,0.252,0.668,0.034
N,-0.7169,0.1695,-0.6762,93.59,0.501,0.275,0.701,0.045
N,-0.7477,0.1671,-0.6427,149.53,0.467,0.251,0.667,0.035
N,-0.7454,0.1354,-0.6528,100.31,0.459,0.245,0.659,0.052
N,-0.7723,0.1393,-0.6198,197.99,0.487,0.265,0.687,0.030
N,-0.7361,0.1436,-0.6615,110.86,0.472,0.254,0.672,0.052
N,-0.7576,0.1354,-0.6385,181.56,0.469,0.252,0.669,0.032
N,-0.7442,0.1614,-0.6482,157.77,0.505,0.278,0.705,0.052
N,-0.7417,0.1363,-0.6567,148.59,0.457,0.244,0.657,0.023
N,-0.7285,0.1968,-0.6562,82.47,0.497,0.272,0.697,0.028
N,-0.7477,0.1673,-0.6426,116.53,0.499,0.273,0.699,0.028
N,-0.7509,0.1227,-0.6489,178.94,0.499,0.274,0.699,0.024
N,-0.7562,0.2162,-0.6177,155.97,0.457,0.244,0.657,0.011
N,-0.7282,0.1714,-0.6636,153.86,0.468,0.251,0.668,0.035
N,-0.7474,0.2421,-0.6186,105.20,0.478,0.258,0.678,0.014
N,-0.7425,0.1689,-0.6482,162.86,0.464,0.249,0.664,0.047
N,-0.7651,0.1420,-0.6280,89.40,0.492,0.269,0.692,0.038
N,-0.7285,0.1618,-0.6657,130.43,0.500,0.274,0.700,0.047
N,-0.7649,0.1623,-0.6234,177.14,0.466,0.250,0.666,0.028
N,-0.7069,0.1877,-0.6820,142.38,0.478,0.259,0.678,0.022
N,-0.7413,0.1704,-0.6491,96.32,0.503,0.276,0.703,0.024
N,-0.7593,0.1558,-0.6318,89.30,0.479,0.259,0.679,0.041
N,-0.7319,0.1154,-0.6715,106.41,0.506,0.279,0.706,0.034
N,-0.7476,0.2066,-0.6312,87.34,0.487,0.265,0.687,0.033
N,-0.7736,0.1369,-0.6188,161.86,0.469,0.252,0.669,0.035
N,-0.7772,0.1552,-0.6098,202.32,0.457,0.244,0.657,0.017
N,-0.7718,0.1066,-0.6268,93.38,0.473,0.255,0.673,0.033
N,-0.6840,0.1909,-0.7041,159.95,0.476,0.257,0.676,0.015
N,-0.7648,0.2306,-0.6016,110.58,0.457,0.244,0.657,0.019
N,-0.7339,0.1909,-0.6519,94.33,0.506,0.278,0.706,0.019
N,-0.7256,0.1621,-0.6688,148.63,0.473,0.255,0.673,0.040
N,-0.7492,0.0810,-0.6574,161.58,0.476,0.257,0.676,0.030
N,-0.7574,0.1366,-0.6384,147.95,0.467,0.251,0.667,0.031
N,-0.7454,0.1533,-0.6488,126.74,0.461,0.246,0.661,0.025
N,-0.7443,0.1725,-0.6452,171.74,0.458,0.245,0.658,0.020
N,-0.7146,0.0724,-0.6958,110.46,0.498,0.273,0.698,0.016
N,-0.7097,0.1770,-0.6819,198.77,0.476,0.257,0.676,0.022
N,-0.7402,0.1707,-0.6504,176.82,0.461,0.247,0.661,0.037
N,-0.7773,0.0735,-0.6248,150.60,0.463,0.248,0.663,0.020
N,-0.7531,0.1343,-0.6440,125.29,0.506,0.278,0.706,0.025
N,-0.7614,0.1042,-0.6399,203.15,0.454,0.242,0.654,0.037
N,-0.7484,0.1886,-0.6359,167.59,0.506,0.278,0.706,0.028
N,-0.7258,0.0824,-0.6830,199.17,0.457,0.244,0.657,0.016
N,-0.7297,0.1522,-0.6666,145.15,0.496,0.271,0.696,0.031
N,-0.7457,0.2465,-0.6190,208.60,0.487,0.265,0.687,0.016
N,-0.7508,0.1220,-0.6492,79.15,0.492,0.268,0.692,0.033
N,-0.6977,0.1113,-0.7077,146.89,0.505,0.277,0.705,0.016
N,-0.7530,0.1486,-0.6411,90.66,0.461,0.247,0.661,0.040
N,-0.7510,0.1842,-0.6341,116.17,0.457,0.244,0.657,0.029
N,-0.7220,0.1992,-0.6626,126.44,0.489,0.267,0.689,0.020
N,-0.7484,0.1847,-0.6370,166.76,0.506,0.279,0.706,0.020
N,-0.7055,0.2145,-0.6754,173.23,0.491,0.268,0.691,0.026
N,-0.7263,0.1599,-0.6685,153.11,0.479,0.259,0.679,0.036
N,-0.7018,0.2010,-0.6834,115.08,0.465,0.249,0.665,0.015
N,-0.7398,0.1103,-0.6638,93.51,0.507,0.279,0.707,0.043
N,-0.7118,0.1898,-0.6762,120.88,0.482,0.261,0.682,0.018
N,-0.7665,0.1171,-0.6315,128.73,0.470,0.253,0.670,0.017
N,-0.7350,0.1923,-0.6503,95.15,0.489,0.266,0.689,0.025
N,-0.7464,0.1094,-0.6565,169.21,0.461,0.247,0.661,0.022
N,-0.7339,0.1393,-0.6648,186.00,0.471,0.254,0.671,0.049
N,-0.7424,0.0869,-0.6643,89.00,0.455,0.243,0.655,0.026
N,-0.7388,0.1932,-0.6456,138.23,0.500,0.274,0.700,0.036
N,-0.7512,0.1474,-0.6434,91.51,0.480,0.260,0.680,0.029
N,-0.7390,0.1731,-0.6511,185.21,0.486,0.264,0.686,0.026
N,-0.7043,0.1880,-0.6845,82.90,0.480,0.260,0.680,0.033
N,-0.7717,0.1547,-0.6169,166.34,0.457,0.244,0.657,0.019
N,-0.7231,0.0770,-0.6864,111.40,0.495,0.271,0.695,0.014
N,-0.7380,0.1487,-0.6582,179.87,0.458,0.245,0.658,0.047
N,-0.7060,0.2088,-0.6767,97.71,0.504,0.277,0.704,0.017
N,-0.7167,0.2287,-0.6588,149.63,0.462,0.248,0.662,0.026
N,-0.7252,0.1938,-0.6607,129.89,0.456,0.243,0.656,0.039
N,-0.7695,0.0579,-0.6361,194.78,0.483,0.262,0.683,0.021
N,-0.7295,0.0969,-0.6771,123.81,0.472,0.255,0.672,0.020
N,-0.7590,0.0802,-0.6461,112.36,0.488,0.266,0.688,0.028
N,-0.7403,0.1295,-0.6597,156.41,0.453,0.241,0.653,0.049
N,-0.7177,0.1282,-0.6844,122.54,0.489,0.267,0.689,0.015
N,-0.6997,0.1667,-0.6947,111.44,0.472,0.255,0.672,0.030
N,-0.7223,0.1367,-0.6779,89.41,0.488,0.266,0.688,0.037
N,-0.7527,0.1412,-0.6430,200.00,0.507,0.279,0.707,0.045
N,-0.7428,0.1465,-0.6533,115.36,0.499,0.273,0.699,0.035
N,-0.7170,0.1762,-0.6744,109.97,0.504,0.276,0.704,0.039
N,-0.7417,0.1183,-0.6602,194.29,0.483,0.262,0.683,0.042
N,-0.7281,0.1283,-0.6734,179.83,0.469,0.252,0.669,0.024
N,-0.7196,0.1734,-0.6724,79.06,0.478,0.258,0.678,0.043
N,-0.7389,0.1790,-0.6496,154.79,0.469,0.252,0.669,0.032
N,-0.7443,0.1901,-0.6402,80.96,0.500,0.274,0.700,0.040
N,-0.7149,0.2016,-0.6696,192.06,0.507,0.279,0.707,0.024
N,-0.7048,0.1431,-0.6948,161.40,0.472,0.255,0.672,0.034
N,-0.7401,0.1448,-0.6567,113.90,0.489,0.267,0.689,0.019
N,-0.7441,0.1759,-0.6445,194.14,0.455,0.243,0.655,0.022
N,-0.7077,0.1301,-0.6944,148.35,0.458,0.244,0.658,0.028
N,-0.7365,0.2549,-0.6265,156.25,0.500,0.274,0.700,0.011
N,-0.7182,0.1638,-0.6763,151.74,0.485,0.263,0.685,0.032
N,-0.7064,0.2241,-0.6714,118.41,0.492,0.268,0.692,0.024
N,-0.7656,0.1104,-0.6338,93.18,0.463,0.248,0.663,0.015
N,-0.6990,0.2520,-0.6692,186.76,0.475,0.257,0.675,0.022
N,-0.7472,0.1613,-0.6447,114.30,0.504,0.277,0.704,0.038
N,-0.7215,0.1220,-0.6816,131.41,0.453,0.241,0.653,0.035
N,-0.7358,0.1456,-0.6613,181.39,0.505,0.278,0.705,0.019
N,-0.7286,0.1267,-0.6731,160.61,0.490,0.267,0.690,0.038
N,-0.7258,0.1092,-0.6792,185.37,0.503,0.276,0.703,0.016
N,-0.7157,0.1597,-0.6799,188.00,0.478,0.259,0.678,0.039
N,-0.7282,0.1093,-0.6766,168.23,0.495,0.270,0.695,0.037
N,-0.7436,0.1277,-0.6563,192.71,0.467,0.251,0.667,0.028
N,-0.7583,0.1010,-0.6440,145.77,0.504,0.277,0.704,0.020
N,-0.6995,0.2375,-0.6740,127.77,0.459,0.245,0.659,0.025
N,-0.7219,0.1787,-0.6685,159.43,0.507,0.279,0.707,0.022
N,-0.7543,0.1958,-0.6267,152.06,0.494,0.270,0.694,0.026
N,-0.7093,0.1990,-0.6762,110.64,0.494,0.270,0.694,0.039
N,-0.7344,0.1977,-0.6493,202.17,0.506,0.278,0.706,0.041
N,-0.7294,0.2112,-0.6507,184.52,0.500,0.274,0.700,0.035
N,-0.7056,0.1278,-0.6970,119.12,0.480,0.260,0.680,0.034
N,-0.7750,0.1051,-0.6232,191.50,0.478,0.258,0.678,0.015
N,-0.7542,0.1917,-0.6280,193.40,0.464,0.249,0.664,0.034
N,-0.7103,0.1674,-0.6837,190.41,0.491,0.268,0.691,0.033
N,-0.7254,0.1542,-0.6709,84.82,0.495,0.270,0.695,0.049
N,-0.8010,0.1335,-0.5836,153.34,0.497,0.272,0.697,0.016
N,-0.7167,0.1933,-0.6701,147.93,0.486,0.265,0.686,0.031
N,-0.6822,0.1786,-0.7091,141.29,0.497,0.272,0.697,0.011
N,-0.7547,0.1044,-0.6477,146.29,0.470,0.253,0.670,0.016
N,-0.7282,0.1643,-0.6654,91.09,0.464,0.249,0.664,0.040
N,-0.7463,0.1821,-0.6402,172.43,0.503,0.276,0.703,0.032
N,-0.7693,0.1753,-0.6144,128.46,0.469,0.253,0.669,0.028
N,-0.7535,0.1622,-0.6372,166.25,0.462,0.247,0.662,0.047
N,-0.7377,0.0892,-0.6692,129.50,0.497,0.272,0.697,0.013
N,-0.7061,0.2191,-0.6733,199.28,0.499,0.273,0.699,0.016
N,-0.6788,0.2176,-0.7014,160.96,0.506,0.278,0.706,0.016
N,-0.6955,0.1643,-0.6995,168.43,0.507,0.279,0.707,0.015
N,-0.7549,0.0979,-0.6485,102.76,0.494,0.270,0.694,0.038
N,-0.7217,0.2570,-0.6427,110.24,0.455,0.243,0.655,0.011
N,-0.7732,0.1469,-0.6169,131.81,0.469,0.252,0.669,0.027
N,-0.7288,0.1697,-0.6634,136.62,0.506,0.278,0.706,0.025
N,-0.6900,0.1786,-0.7014,203.17,0.491,0.268,0.691,0.025
N,-0.7719,0.1728,-0.6119,175.66,0.470,0.253,0.670,0.027
N,-0.7473,0.1399,-0.6496,135.46,0.478,0.259,0.678,0.018
N,-0.7697,0.1202,-0.6270,143.15,0.487,0.265,0.687,0.029
N,-0.7465,0.1580,-0.6464,160.28,0.453,0.241,0.653,0.042
N,-0.6995,0.1759,-0.6927,145.17,0.505,0.277,0.705,0.031
N,-0.7816,0.1642,-0.6018,199.71,0.491,0.267,0.691,0.019
N,-0.7025,0.1053,-0.7039,151.65,0.479,0.260,0.679,0.027
N,-0.7489,0.1531,-0.6447,113.67,0.485,0.263,0.685,0.037
N,-0.7642,0.1300,-0.6317,104.88,0.492,0.268,0.692,0.035
N,-0.7664,0.1147,-0.6321,89.07,0.471,0.253,0.671,0.022
N,-0.7158,0.1718,-0.6769,139.56,0.453,0.241,0.653,0.020
N,-0.7560,0.1911,-0.6261,187.61,0.486,0.264,0.686,0.015
N,-0.7350,0.1843,-0.6525,83.54,0.478,0.258,0.678,0.025
N,-0.7740,0.1764,-0.6082,131.07,0.481,0.261,0.681,0.017
N,-0.6982,0.1534,-0.6993,143.71,0.470,0.253,0.670,0.017
N,-0.7408,0.0871,-0.6661,128.86,0.470,0.253,0.670,0.029
N,-0.7382,0.1773,-0.6509,109.22,0.474,0.256,0.674,0.048
N,-0.7795,0.1384,-0.6109,108.10,0.495,0.270,0.695,0.020
N,-0.7294,0.1815,-0.6595,88.21,0.483,0.262,0.683,0.017
N,-0.7263,0.1211,-0.6766,83.10,0.480,0.260,0.680,0.023
N,-0.7252,0.1879,-0.6624,127.72,0.469,0.252,0.669,0.037
N,-0.7690,0.1713,-0.6158,141.07,0.472,0.255,0.672,0.021
N,-0.7619,0.0560,-0.6452,117.75,0.467,0.251,0.667,0.020
N,-0.7350,0.1881,-0.6515,85.19,0.488,0.265,0.688,0.041
N,-0.7313,0.2096,-0.6491,121.93,0.500,0.274,0.700,0.030
N,-0.6956,0.1399,-0.7047,152.30,0.482,0.261,0.682,0.021
N,-0.7228,0.2141,-0.6571,198.15,0.454,0.242,0.654,0.023
N,-0.7411,0.2354,-0.6287,204.67,0.474,0.256,0.674,0.019
N,-0.7680,0.0961,-0.6332,136.81,0.503,0.276,0.703,0.017
N,-0.7572,0.1852,-0.6264,202.84,0.475,0.256,0.675,0.038
N,-0.7576,0.1258,-0.6405,109.18,0.459,0.245,0.659,0.036
N,-0.7372,0.1680,-0.6545,119.13,0.465,0.250,0.665,0.032
N,-0.7188,0.1104,-0.6864,87.62,0.461,0.247,0.661,0.015
N,-0.7648,0.1300,-0.6311,162.10,0.458,0.245,0.658,0.033
N,-0.7184,0.0982,-0.6887,185.86,0.466,0.250,0.666,0.027
N,-0.7382,0.1057,-0.6662,84.25,0.492,0.269,0.692,0.021
N,-0.7071,0.1905,-0.6810,87.15,0.497,0.272,0.697,0.024
N,-0.7283,0.1500,-0.6687,189.04,0.496,0.271,0.696,0.048
N,-0.7314,0.2095,-0.6490,129.05,0.501,0.274,0.701,0.034
N,-0.7495,0.1408,-0.6469,166.14,0.460,0.246,0.660,0.020
N,-0.6860,0.2307,-0.6901,108.47,0.499,0.273,0.699,0.021
N,-0.6779,0.1457,-0.7206,161.16,0.501,0.275,0.701,0.015
N,-0.7294,0.1482,-0.6678,106.12,0.490,0.267,0.690,0.026
N,-0.7123,0.2242,-0.6651,101.30,0.468,0.251,0.668,0.030
N,-0.7722,0.1921,-0.6057,89.69,0.482,0.261,0.682,0.017
N,-0.7423,0.1089,-0.6612,179.20,0.476,0.257,0.676,0.034
N,-0.7120,0.1778,-0.6793,181.86,0.502,0.276,0.702,0.039
N,-0.7345,0.1789,-0.6546,106.65,0.465,0.250,0.665,0.050
N,-0.7331,0.1940,-0.6519,124.06,0.458,0.245,0.658,0.020
N,-0.7435,0.1935,-0.6401,172.09,0.485,0.264,0.685,0.040
N,-0.7747,0.0569,-0.6298,123.15,0.455,0.242,0.655,0.013
N,-0.7424,0.1402,-0.6552,170.39,0.463,0.248,0.663,0.036
N,-0.7135,0.1912,-0.6741,145.28,0.478,0.259,0.678,0.033
N,-0.7218,0.1306,-0.6797,194.20,0.486,0.264,0.686,0.033
N,-0.7138,0.1684,-0.6798,164.71,0.496,0.272,0.696,0.037
N,-0.7259,0.1685,-0.6668,195.29,0.460,0.246,0.660,0.050
N,-0.7066,0.2351,-0.6674,96.77,0.486,0.264,0.686,0.020
N,-0.7863,0.1075,-0.6084,183.58,0.461,0.246,0.661,0.010
N,-0.7239,0.1421,-0.6751,172.28,0.493,0.269,0.693,0.032
N,-0.7238,0.1503,-0.6735,152.53,0.467,0.251,0.667,0.043
N,-0.7375,0.1711,-0.6533,139.56,0.501,0.275,0.701,0.043
N,-0.5527,-0.3730,0.7453,188.97,0.163,0.562,0.643,0.025
N,-0.5410,-0.3448,0.7671,186.76,0.164,0.563,0.644,0.042
N,-0.5707,-0.3324,0.7509,162.87,0.135,0.543,0.615,0.019
N,-0.5182,-0.3807,0.7658,138.04,0.173,0.569,0.653,0.038
N,-0.5516,-0.3892,0.7378,85.73,0.149,0.553,0.629,0.038
N,-0.5208,-0.3412,0.7825,153.06,0.151,0.554,0.631,0.033
N,-0.5347,-0.3679,0.7607,104.66,0.181,0.574,0.661,0.026
N,-0.5657,-0.3537,0.7449,140.73,0.167,0.565,0.647,0.022
N,-0.5729,-0.3407,0.7455,147.86,0.156,0.557,0.636,0.026
N,-0.5613,-0.3331,0.7576,180.54,0.185,0.577,0.665,0.046
N,-0.5709,-0.3133,0.7589,115.47,0.159,0.560,0.639,0.035
N,-0.5483,-0.3299,0.7684,159.90,0.134,0.542,0.614,0.035
N,-0.5393,-0.3053,0.7848,116.33,0.146,0.550,0.626,0.034
N,-0.5829,-0.3492,0.7337,197.36,0.142,0.547,0.622,0.013
N,-0.5541,-0.3401,0.7598,126.04,0.180,0.574,0.660,0.049
N,-0.5338,-0.3558,0.7671,78.31,0.186,0.578,0.666,0.029
N,-0.5521,-0.3055,0.7758,179.19,0.175,0.570,0.655,0.020
N,-0.5408,-0.4079,0.7356,164.51,0.172,0.568,0.652,0.012
N,-0.5641,-0.3330,0.7556,172.29,0.136,0.543,0.616,0.027
N,-0.5548,-0.3541,0.7529,197.30,0.172,0.568,0.652,0.030
N,-0.5228,-0.3002,0.7979,179.77,0.171,0.568,0.651,0.025
N,-0.5347,-0.3044,0.7883,126.58,0.178,0.572,0.658,0.040
N,-0.4863,-0.3149,0.8151,165.75,0.184,0.577,0.664,0.029
N,-0.5492,-0.3654,0.7516,199.85,0.146,0.550,0.626,0.041
N,-0.5524,-0.3348,0.7634,103.73,0.153,0.555,0.633,0.036
N,-0.5664,-0.3490,0.7465,195.21,0.178,0.573,0.658,0.018
N,-0.5574,-0.3629,0.7467,201.55,0.183,0.576,0.663,0.043
N,-0.5578,-0.3214,0.7652,121.48,0.179,0.573,0.659,0.016
N,-0.5787,-0.2913,0.7617,181.05,0.160,0.560,0.640,0.014
N,-0.5005,-0.3955,0.7701,207.70,0.148,0.552,0.628,0.037
N,-0.5309,-0.3295,0.7807,155.95,0.175,0.571,0.655,0.028
N,-0.4882,-0.3648,0.7929,189.81,0.136,0.543,0.616,0.038
N,-0.5259,-0.3952,0.7532,139.43,0.144,0.549,0.624,0.022
N,-0.5765,-0.2947,0.7621,197.30,0.155,0.557,0.635,0.018
N,-0.5011,-0.3126,0.8070,157.23,0.135,0.543,0.615,0.033
N,-0.5792,-0.3058,0.7557,197.35,0.174,0.570,0.654,0.028
N,-0.5257,-0.3937,0.7541,135.97,0.136,0.543,0.616,0.019
N,-0.5039,-0.3592,0.7855,127.10,0.151,0.554,0.631,0.036
N,-0.5268,-0.3442,0.7772,96.24,0.143,0.548,0.623,0.042
N,-0.4816,-0.4148,0.7720,188.89,0.177,0.572,0.657,0.020
N,-0.5638,-0.3896,0.7282,150.35,0.134,0.542,0.614,0.020
N,-0.5541,-0.3932,0.7337,180.69,0.180,0.574,0.660,0.034
N,-0.5029,-0.3481,0.7912,187.26,0.150,0.553,0.630,0.044
N,-0.5075,-0.3273,0.7970,152.05,0.139,0.546,0.619,0.022
N,-0.5233,-0.3919,0.7567,131.82,0.184,0.577,0.664,0.038
N,-0.5491,-0.3516,0.7582,82.13,0.186,0.578,0.666,0.025
N,-0.5143,-0.2893,0.8073,169.90,0.187,0.579,0.667,0.021
N,-0.5061,-0.3663,0.7808,188.34,0.139,0.545,0.619,0.037
N,-0.4991,-0.3368,0.7984,163.92,0.135,0.542,0.615,0.031
N,-0.5355,-0.3353,0.7751,132.11,0.158,0.559,0.638,0.033
N,-0.5753,-0.3609,0.7340,96.57,0.167,0.565,0.647,0.039
N,-0.6323,-0.2959,0.7160,112.46,0.165,0.564,0.645,0.005
N,-0.5256,-0.3774,0.7624,126.77,0.153,0.555,0.633,0.034
N,-0.4845,-0.4046,0.7756,171.91,0.173,0.569,0.653,0.013
N,-0.5024,-0.3610,0.7857,174.14,0.168,0.566,0.648,0.021
N,-0.5076,-0.3122,0.8031,111.88,0.171,0.567,0.651,0.023
N,-0.5084,-0.2994,0.8074,166.70,0.185,0.577,0.665,0.017
N,-0.5744,-0.2762,0.7706,102.06,0.173,0.569,0.653,0.014
N,-0.5090,-0.3625,0.7807,112.88,0.153,0.555,0.633,0.031
N,-0.5472,-0.3478,0.7613,194.37,0.180,0.574,0.660,0.034
N,-0.5062,-0.3459,0.7900,106.66,0.135,0.542,0.615,0.045
N,-0.5480,-0.3736,0.7484,153.32,0.159,0.560,0.639,0.047
N,-0.5011,-0.3022,0.8110,87.39,0.183,0.576,0.663,0.022
N,-0.4782,-0.3317,0.8132,151.73,0.166,0.564,0.646,0.023
N,-0.5241,-0.3877,0.7583,203.32,0.141,0.546,0.621,0.030
N,-0.5490,-0.3845,0.7422,105.33,0.152,0.554,0.632,0.034
N,-0.5032,-0.3417,0.7938,91.35,0.172,0.569,0.652,0.019
N,-0.5129,-0.3446,0.7862,84.35,0.159,0.559,0.639,0.037
N,-0.4677,-0.4258,0.7746,153.02,0.151,0.554,0.631,0.017
N,-0.5385,-0.3745,0.7548,144.60,0.187,0.579,0.667,0.035
N,-0.5032,-0.3496,0.7903,127.51,0.156,0.557,0.636,0.029
N,-0.5081,-0.3474,0.7882,86.04,0.181,0.575,0.661,0.018
N,-0.6324,-0.2673,0.7270,154.96,0.146,0.550,0.626,0.006
N,-0.5269,-0.3949,0.7526,171.36,0.137,0.544,0.617,0.018
N,-0.5489,-0.2770,0.7886,159.95,0.150,0.553,0.630,0.018
N,-0.5318,-0.3293,0.7802,172.47,0.150,0.553,0.630,0.023
N,-0.4962,-0.3557,0.7920,202.31,0.143,0.548,0.623,0.033
N,-0.5149,-0.4034,0.7564,135.44,0.173,0.569,0.653,0.018
N,-0.5262,-0.3153,0.7897,153.45,0.175,0.571,0.655,0.041
N,-0.5363,-0.3645,0.7613,96.54,0.151,0.553,0.631,0.042
N,-0.5681,-0.3467,0.7463,145.01,0.161,0.561,0.641,0.017
N,-0.5198,-0.3175,0.7931,137.26,0.144,0.549,0.624,0.039
N,-0.5518,-0.3914,0.7364,93.89,0.165,0.563,0.645,0.031
N,-0.5441,-0.4059,0.7343,157.95,0.186,0.578,0.666,0.028
N,-0.5466,-0.3242,0.7721,107.96,0.165,0.563,0.645,0.034
N,-0.5299,-0.3882,0.7540,131.48,0.156,0.557,0.636,0.028
N,-0.5178,-0.2917,0.8042,139.03,0.172,0.569,0.652,0.018
N,-0.5744,-0.3149,0.7556,156.04,0.144,0.548,0.624,0.036
N,-0.5748,-0.3532,0.7381,118.78,0.158,0.559,0.638,0.039
N,-0.4304,-0.4044,0.8070,182.48,0.175,0.570,0.655,0.009
N,-0.5688,-0.3974,0.7201,189.96,0.156,0.557,0.636,0.016
N,-0.5456,-0.3412,0.7654,183.60,0.143,0.548,0.623,0.023
N,-0.4909,-0.3182,0.8110,131.61,0.158,0.559,0.638,0.014
N,-0.4771,-0.3937,0.7858,204.79,0.166,0.564,0.646,0.014
N,-0.5565,-0.3677,0.7451,122.18,0.156,0.557,0.636,0.029
N,-0.5595,-0.3815,0.7358,120.08,0.145,0.550,0.625,0.025
N,-0.4999,-0.3478,0.7932,154.57,0.144,0.549,0.624,0.030
N,-0.5191,-0.3876,0.7617,202.19,0.175,0.571,0.655,0.018
N,-0.5762,-0.3267,0.7491,140.19,0.174,0.570,0.654,0.026
N,-0.5077,-0.4173,0.7537,145.27,0.151,0.553,0.631,0.030
N,-0.5614,-0.3472,0.7512,93.58,0.159,0.560,0.639,0.044
N,-0.5553,-0.3172,0.7688,148.71,0.186,0.578,0.666,0.027
N,-0.4508,-0.3570,0.8182,138.78,0.164,0.563,0.644,0.018
N,-0.5151,-0.3699,0.7732,198.70,0.151,0.554,0.631,0.044
N,-0.5311,-0.3770,0.7588,138.50,0.160,0.560,0.640,0.029
N,-0.5043,-0.3396,0.7940,150.02,0.182,0.575,0.662,0.035
N,-0.5304,-0.3585,0.7682,141.98,0.173,0.569,0.653,0.022
N,-0.5501,-0.3784,0.7444,179.90,0.150,0.553,0.630,0.026
N,-0.5433,-0.2912,0.7874,134.21,0.138,0.545,0.618,0.012
N,-0.5374,-0.3652,0.7601,102.08,0.138,0.544,0.618,0.044
N,-0.5432,-0.3659,0.7557,198.37,0.174,0.570,0.654,0.038
N,-0.5473,-0.3752,0.7482,182.65,0.158,0.558,0.638,0.029
N,-0.5817,-0.3355,0.7410,177.34,0.184,0.577,0.664,0.025
N,-0.5553,-0.3339,0.7616,198.34,0.178,0.572,0.658,0.033
N,-0.5244,-0.3093,0.7933,144.43,0.164,0.563,0.644,0.016
N,-0.5332,-0.3273,0.7801,138.57,0.139,0.545,0.619,0.030
N,-0.5454,-0.3425,0.7650,181.33,0.179,0.573,0.659,0.040
N,-0.5164,-0.3801,0.7674,133.80,0.161,0.561,0.641,0.020
N,-0.5186,-0.3615,0.7748,113.11,0.176,0.572,0.656,0.027
N,-0.5650,-0.3277,0.7572,193.94,0.139,0.545,0.619,0.035
N,-0.5068,-0.3285,0.7970,184.67,0.162,0.561,0.642,0.034
N,-0.5127,-0.3695,0.7750,153.98,0.167,0.565,0.647,0.046
N,-0.5889,-0.3809,0.7129,195.52,0.162,0.561,0.642,0.016
N,-0.5261,-0.3199,0.7880,143.69,0.182,0.575,0.662,0.017
N,-0.5345,-0.3477,0.7703,71.84,0.164,0.563,0.644,0.021
N,-0.5605,-0.3477,0.7517,193.26,0.177,0.572,0.657,0.024
N,-0.5509,-0.3675,0.7493,139.96,0.146,0.550,0.626,0.033
N,-0.4913,-0.4080,0.7695,107.58,0.163,0.562,0.643,0.013
N,-0.5280,-0.3904,0.7542,187.20,0.148,0.552,0.628,0.033
N,-0.5219,-0.3713,0.7680,127.38,0.142,0.548,0.622,0.021
N,-0.5179,-0.3932,0.7597,160.15,0.168,0.565,0.648,0.025
N,-0.5799,-0.3270,0.7462,146.83,0.175,0.571,0.655,0.023
N,-0.4745,-0.3144,0.8222,194.98,0.155,0.557,0.635,0.020
N,-0.5310,-0.2844,0.7982,174.42,0.179,0.573,0.659,0.014
N,-0.5294,-0.3474,0.7740,109.93,0.140,0.546,0.620,0.055
N,-0.5763,-0.3029,0.7590,125.04,0.138,0.544,0.618,0.029
N,-0.5595,-0.3543,0.7493,91.78,0.154,0.556,0.634,0.027
N,-0.5217,-0.2790,0.8062,176.62,0.158,0.559,0.638,0.022
N,-0.5501,-0.3229,0.7702,107.62,0.158,0.559,0.638,0.025
N,-0.5629,-0.2731,0.7801,105.86,0.139,0.546,0.619,0.013
N,-0.5079,-0.3736,0.7762,152.85,0.137,0.544,0.617,0.027
N,-0.5035,-0.3761,0.7779,116.55,0.177,0.572,0.657,0.042
N,-0.4612,-0.4245,0.7792,193.38,0.162,0.562,0.642,0.012
N,-0.5007,-0.4048,0.7651,139.54,0.187,0.579,0.667,0.021
N,-0.5349,-0.3043,0.7882,162.32,0.168,0.566,0.648,0.017
N,-0.5023,-0.3885,0.7725,112.54,0.143,0.548,0.623,0.030
N,-0.4890,-0.3739,0.7881,183.43,0.159,0.559,0.639,0.037
N,-0.5489,-0.3936,0.7374,102.52,0.156,0.557,0.636,0.031
N,-0.5081,-0.3635,0.7808,140.40,0.167,0.565,0.647,0.028
N,-0.5407,-0.4085,0.7353,190.29,0.148,0.551,0.628,0.015
N,-0.5243,-0.3374,0.7819,112.08,0.179,0.573,0.659,0.036
N,-0.5290,-0.3643,0.7665,149.89,0.169,0.566,0.649,0.035
N,-0.5768,-0.4001,0.7122,210.92,0.155,0.556,0.635,0.014
N,-0.5355,-0.3713,0.7586,95.49,0.156,0.557,0.636,0.045
N,-0.5417,-0.4099,0.7339,191.69,0.137,0.544,0.617,0.023
N,-0.5422,-0.3490,0.7643,151.51,0.180,0.574,0.660,0.047
N,-0.5471,-0.3316,0.7686,175.97,0.164,0.562,0.644,0.024
N,-0.5489,-0.3517,0.7583,90.90,0.160,0.560,0.640,0.022
N,-0.5071,-0.3604,0.7829,91.42,0.151,0.554,0.631,0.029
N,-0.5069,-0.3335,0.7949,122.13,0.177,0.572,0.657,0.028
N,-0.5411,-0.4055,0.7367,174.33,0.169,0.566,0.649,0.025
N,-0.5398,-0.3831,0.7496,192.65,0.179,0.573,0.659,0.027
N,-0.5867,-0.3654,0.7227,175.37,0.171,0.568,0.651,0.012
N,-0.4815,-0.3485,0.8041,97.50,0.138,0.545,0.618,0.020
N,-0.5812,-0.2943,0.7587,117.35,0.161,0.561,0.641,0.029
N,-0.5371,-0.3231,0.7792,186.05,0.157,0.558,0.637,0.028
N,-0.5294,-0.3715,0.7627,188.03,0.177,0.572,0.657,0.033
N,-0.5307,-0.3799,0.7577,138.01,0.142,0.547,0.622,0.038
N,-0.5692,-0.3003,0.7653,177.06,0.167,0.565,0.647,0.025
N,-0.5091,-0.3521,0.7854,124.60,0.172,0.568,0.652,0.031
N,-0.5401,-0.3352,0.7719,162.29,0.146,0.550,0.626,0.036
N,-0.5509,-0.3568,0.7544,174.32,0.138,0.544,0.618,0.018
N,-0.5672,-0.3744,0.7336,92.65,0.184,0.577,0.664,0.036
N,-0.5834,-0.3644,0.7258,191.52,0.139,0.545,0.619,0.012
N,-0.5131,-0.3651,0.7768,108.42,0.184,0.576,0.664,0.024
N,-0.5436,-0.3224,0.7750,190.07,0.166,0.564,0.646,0.043
N,-0.5418,-0.3212,0.7767,136.70,0.145,0.550,0.625,0.037
N,-0.5953,-0.2962,0.7469,109.60,0.145,0.549,0.625,0.024
N,-0.5302,-0.3866,0.7546,139.14,0.185,0.578,0.665,0.020
N,-0.5206,-0.3219,0.7908,126.15,0.151,0.554,0.631,0.020
N,-0.5514,-0.3297,0.7663,107.46,0.179,0.573,0.659,0.029
N,-0.4680,-0.3757,0.7999,94.42,0.180,0.574,0.660,0.026
N,-0.5993,-0.3355,0.7268,130.31,0.184,0.577,0.664,0.026
N,-0.5485,-0.3036,0.7791,132.94,0.143,0.548,0.623,0.026
N,-0.5544,-0.3079,0.7732,105.53,0.163,0.562,0.643,0.039
N,-0.5122,-0.3995,0.7603,103.77,0.169,0.567,0.649,0.014
N,-0.5471,-0.3210,0.7731,146.84,0.134,0.542,0.614,0.017
N,-0.5608,-0.3578,0.7466,117.68,0.186,0.578,0.666,0.024
N,-0.5173,-0.4046,0.7542,130.18,0.149,0.552,0.629,0.021
N,-0.5084,-0.3339,0.7938,193.49,0.185,0.578,0.665,0.034
N,-0.5556,-0.3713,0.7440,153.93,0.144,0.549,0.624,0.034
N,-0.5577,-0.3948,0.7302,157.10,0.184,0.577,0.664,0.016
N,-0.5073,-0.4164,0.7545,197.30,0.166,0.564,0.646,0.013
N,-0.5426,-0.3369,0.7695,88.20,0.137,0.544,0.617,0.029
N,-0.5560,-0.3764,0.7411,175.76,0.144,0.549,0.624,0.018
N,-0.5096,-0.4017,0.7609,94.73,0.175,0.570,0.655,0.036
N,-0.5154,-0.3934,0.7613,161.40,0.171,0.568,0.651,0.021
N,-0.5212,-0.3388,0.7833,95.83,0.157,0.558,0.637,0.023
N,-0.5430,-0.2814,0.7912,158.73,0.143,0.548,0.623,0.022
N,-0.5200,-0.3948,0.7575,167.57,0.141,0.546,0.621,0.031
N,-0.5148,-0.3699,0.7734,196.86,0.172,0.568,0.652,0.017
N,-0.5677,-0.3798,0.7304,99.82,0.169,0.566,0.649,0.031
N,-0.5450,-0.3353,0.7685,92.23,0.159,0.559,0.639,0.051
N,-0.4985,-0.3358,0.7992,174.67,0.154,0.556,0.634,0.033
N,-0.5284,-0.3271,0.7834,86.49,0.175,0.570,0.655,0.027
N,-0.5703,-0.3916,0.7221,168.28,0.134,0.542,0.614,0.016
N,-0.5185,-0.3900,0.7610,147.52,0.147,0.551,0.627,0.026
N,-0.5831,-0.3367,0.7394,91.77,0.186,0.579,0.666,0.028
N,-0.4737,-0.3666,0.8008,173.42,0.141,0.547,0.621,0.023
N,-0.5221,-0.3763,0.7654,80.36,0.168,0.565,0.648,0.019
N,-0.5414,-0.3440,0.7672,179.35,0.161,0.560,0.641,0.048
N,-0.5653,-0.3432,0.7501,108.24,0.178,0.572,0.658,0.017
N,-0.5438,-0.3659,0.7552,181.51,0.163,0.562,0.643,0.021
N,-0.4933,-0.3315,0.8043,117.65,0.134,0.542,0.614,0.022
N,-0.5489,-0.3781,0.7455,85.66,0.172,0.568,0.652,0.036
N,-0.5218,-0.4042,0.7512,177.91,0.181,0.575,0.661,0.025
N,-0.5385,-0.3362,0.7726,142.52,0.144,0.549,0.624,0.031
N,-0.5079,-0.3431,0.7901,144.30,0.174,0.570,0.654,0.045
N,-0.5354,-0.3360,0.7749,107.69,0.163,0.562,0.643,0.041
N,-0.4978,-0.3420,0.7970,107.70,0.163,0.562,0.643,0.015
N,-0.5160,-0.3114,0.7980,94.34,0.140,0.546,0.620,0.014
N,-0.5475,-0.3677,0.7517,164.28,0.161,0.561,0.641,0.041
N,-0.4957,-0.3353,0.8012,148.19,0.184,0.577,0.664,0.039
N,-0.5519,-0.2938,0.7804,184.74,0.149,0.552,0.629,0.017
N,-0.5143,-0.3452,0.7851,121.35,0.171,0.568,0.651,0.024
N,-0.5195,-0.3211,0.7919,200.86,0.147,0.551,0.627,0.025
N,-0.5736,-0.3599,0.7359,193.69,0.138,0.545,0.618,0.037
N,-0.5419,-0.3472,0.7654,76.45,0.159,0.559,0.639,0.045
N,-0.5054,-0.3295,0.7975,183.33,0.153,0.555,0.633,0.019
N,-0.5394,-0.3294,0.7749,110.01,0.166,0.564,0.646,0.021
N,-0.5469,-0.3559,0.7578,123.27,0.178,0.572,0.658,0.044
N,-0.5264,-0.3349,0.7815,167.81,0.181,0.574,0.661,0.018
N,-0.4841,-0.3896,0.7835,86.27,0.178,0.572,0.658,0.033
N,-0.5655,-0.3404,0.7513,190.44,0.153,0.555,0.633,0.033
N,-0.5050,-0.3673,0.7811,92.33,0.183,0.576,0.663,0.036
N,-0.5575,-0.3359,0.7592,91.42,0.179,0.573,0.659,0.039
N,-0.5412,-0.3728,0.7537,78.85,0.166,0.564,0.646,0.045
N,-0.5669,-0.3200,0.7591,147.01,0.176,0.571,0.656,0.038
N,-0.5305,-0.3352,0.7786,153.12,0.161,0.561,0.641,0.020
N,-0.5531,-0.3143,0.7715,166.28,0.160,0.560,0.640,0.038
N,-0.5368,-0.3499,0.7678,117.77,0.149,0.552,0.629,0.042
N,-0.6199,-0.3296,0.7121,202.59,0.165,0.564,0.645,0.015
N,-0.5473,-0.3178,0.7743,152.63,0.172,0.569,0.652,0.019
N,-0.4729,-0.3358,0.8146,97.31,0.134,0.541,0.614,0.019
N,-0.5395,-0.3619,0.7602,78.94,0.161,0.560,0.641,0.043
N,-0.5464,-0.3742,0.7492,101.85,0.155,0.556,0.635,0.045
N,-0.5196,-0.3503,0.7793,196.72,0.161,0.561,0.641,0.026
N,-0.5609,-0.2931,0.7743,176.99,0.165,0.564,0.645,0.017
N,-0.5184,-0.3779,0.7671,173.03,0.156,0.557,0.636,0.037
N,-0.5495,-0.3510,0.7582,96.21,0.138,0.544,0.618,0.027
N,-0.5138,-0.3615,0.7780,127.27,0.135,0.543,0.615,0.022
N,-0.4781,-0.4025,0.7807,102.48,0.174,0.570,0.654,0.012
N,-0.5197,-0.3501,0.7793,182.82,0.177,0.572,0.657,0.049
N,-0.5036,-0.4293,0.7498,103.53,0.156,0.557,0.636,0.010
N,-0.5216,-0.3472,0.7793,179.80,0.187,0.579,0.667,0.050
N,-0.5461,-0.3492,0.7615,124.72,0.178,0.573,0.658,0.037
N,-0.5213,-0.2912,0.8022,88.00,0.146,0.550,0.626,0.029
N,-0.5045,-0.3792,0.7757,182.48,0.187,0.579,0.667,0.037
N,-0.5323,-0.3013,0.7912,189.64,0.158,0.558,0.638,0.014
N,-0.5348,-0.3224,0.7810,155.76,0.186,0.578,0.666,0.038
N,-0.5296,-0.3829,0.7569,190.24,0.167,0.565,0.647,0.032
N,-0.5456,-0.4227,0.7236,165.74,0.159,0.559,0.639,0.012
N,-0.5592,-0.3031,0.7716,136.98,0.184,0.577,0.664,0.030
N,-0.5206,-0.3481,0.7796,89.52,0.178,0.573,0.658,0.043
N,-0.5228,-0.3399,0.7818,95.90,0.177,0.572,0.657,0.026
N,-0.5287,-0.3848,0.7566,105.84,0.145,0.550,0.625,0.038
N,-0.5380,-0.3826,0.7512,169.23,0.135,0.542,0.615,0.026
N,-0.5363,-0.3871,0.7500,197.20,0.148,0.552,0.628,0.026
N,-0.5159,-0.4204,0.7464,122.79,0.139,0.545,0.619,0.027
N,-0.5434,-0.2677,0.7957,128.34,0.143,0.548,0.623,0.018
N,-0.5567,-0.3585,0.7494,185.14,0.156,0.557,0.636,0.040
N,-0.5005,-0.3887,0.7736,129.62,0.163,0.562,0.643,0.036
N,-0.5870,-0.3407,0.7344,172.30,0.152,0.554,0.632,0.030
N,-0.5705,-0.2911,0.7680,184.71,0.142,0.547,0.622,0.025
N,-0.4963,-0.3864,0.7774,204.84,0.152,0.554,0.632,0.030
N,-0.5189,-0.3811,0.7652,130.55,0.158,0.559,0.638,0.040
N,-0.5326,-0.3366,0.7765,189.16,0.155,0.557,0.635,0.039
N,-0.5100,-0.3791,0.7721,170.60,0.144,0.549,0.624,0.040
N,-0.5340,-0.3588,0.7656,155.37,0.138,0.544,0.618,0.024
N,-0.5506,-0.3268,0.7681,117.53,0.157,0.558,0.637,0.028
N,-0.6047,-0.3186,0.7299,179.73,0.180,0.574,0.660,0.026
N,-0.5043,-0.3305,0.7978,203.73,0.162,0.561,0.642,0.015
N,-0.5277,-0.3156,0.7886,192.55,0.174,0.569,0.654,0.038
N,-0.5355,-0.3452,0.7708,90.95,0.185,0.578,0.665,0.032
N,-0.5309,-0.3602,0.7671,131.87,0.186,0.578,0.666,0.022
N,-0.5376,-0.3512,0.7666,77.97,0.156,0.557,0.636,0.029
N,-0.5314,-0.3397,0.7760,86.92,0.165,0.564,0.645,0.041
N,-0.5311,-0.3071,0.7897,166.59,0.169,0.566,0.649,0.015
N,-0.5342,-0.3876,0.7513,88.67,0.156,0.557,0.636,0.028
N,-0.5276,-0.3877,0.7559,192.44,0.168,0.565,0.648,0.027
N,-0.5434,-0.4088,0.7332,134.20,0.159,0.559,0.639,0.025
N,-0.5885,-0.2962,0.7523,119.76,0.179,0.573,0.659,0.026
N,-0.5348,-0.3400,0.7735,148.44,0.155,0.557,0.635,0.020
N,-0.4571,-0.4014,0.7937,214.79,0.136,0.543,0.616,0.011
N,-0.5134,-0.4030,0.7576,127.42,0.149,0.552,0.629,0.014
N,-0.5692,-0.3710,0.7337,184.35,0.173,0.569,0.653,0.035
N,-0.5700,-0.3853,0.7257,138.53,0.161,0.561,0.641,0.026
N,-0.5568,-0.3474,0.7545,161.13,0.184,0.577,0.664,0.029
N,-0.4832,-0.4147,0.7711,179.88,0.152,0.554,0.632,0.025
N,-0.5215,-0.3471,0.7795,74.22,0.179,0.573,0.659,0.053
N,-0.0562,0.7907,-0.6096,202.47,0.667,0.245,0.387,0.021
N,-0.0810,0.7156,-0.6938,134.54,0.641,0.226,0.361,0.011
N,-0.0434,0.7691,-0.6377,153.73,0.642,0.227,0.362,0.041
N,-0.0125,0.7353,-0.6777,142.95,0.658,0.239,0.378,0.024
N,-0.0428,0.7373,-0.6742,103.28,0.680,0.254,0.400,0.016
N,-0.0150,0.7559,-0.6545,155.47,0.633,0.221,0.353,0.028
N,-0.0405,0.7382,-0.6734,140.40,0.644,0.229,0.364,0.039
N,-0.0001,0.7618,-0.6478,92.75,0.674,0.250,0.394,0.022
N,0.0423,0.7248,-0.6876,189.39,0.642,0.227,0.362,0.014
N,-0.0610,0.7872,-0.6137,114.25,0.682,0.255,0.402,0.020
N,-0.0189,0.7268,-0.6865,174.26,0.634,0.222,0.354,0.040
N,-0.0264,0.7716,-0.6355,124.00,0.675,0.250,0.395,0.049
N,-0.0421,0.7846,-0.6186,82.58,0.653,0.235,0.373,0.040
N,0.0170,0.7846,-0.6198,201.16,0.649,0.232,0.369,0.017
N,-0.0405,0.7436,-0.6674,155.11,0.683,0.256,0.403,0.021
N,-0.0347,0.7844,-0.6193,97.63,0.659,0.239,0.379,0.041
N,0.0626,0.7354,-0.6748,87.79,0.684,0.256,0.404,0.022
N,-0.0618,0.7141,-0.6973,89.97,0.643,0.228,0.363,0.015
N,0.0630,0.7613,-0.6453,142.19,0.671,0.248,0.391,0.017
N,0.0089,0.7502,-0.6611,194.44,0.681,0.255,0.401,0.040
N,0.0297,0.7999,-0.5994,117.76,0.685,0.257,0.405,0.014
N,-0.0043,0.7629,-0.6465,180.03,0.665,0.244,0.385,0.050
N,0.0235,0.7767,-0.6294,117.55,0.648,0.231,0.368,0.016
N,0.0256,0.7299,-0.6831,84.50,0.681,0.255,0.401,0.021
N,0.0603,0.7762,-0.6276,177.93,0.635,0.223,0.355,0.010
N,-0.0295,0.7596,-0.6497,104.67,0.677,0.252,0.397,0.052
N,0.0228,0.6988,-0.7149,124.39,0.676,0.251,0.396,0.018
N,-0.0346,0.7511,-0.6593,160.61,0.635,0.223,0.355,0.034
N,0.0256,0.7557,-0.6544,198.69,0.642,0.227,0.362,0.027
N,-0.0513,0.7580,-0.6502,109.84,0.658,0.239,0.378,0.019
N,-0.0447,0.7563,-0.6526,125.05,0.636,0.223,0.356,0.032
N,0.0358,0.6728,-0.7390,165.45,0.678,0.253,0.398,0.010
N,0.0218,0.7461,-0.6655,157.14,0.638,0.225,0.358,0.018
N,0.0087,0.7613,-0.6484,161.07,0.659,0.240,0.379,0.038
N,0.0059,0.7515,-0.6597,158.79,0.673,0.249,0.393,0.042
N,0.0112,0.7277,-0.6858,179.12,0.633,0.221,0.353,0.038
N,-0.0720,0.7698,-0.6342,201.16,0.652,0.234,0.372,0.018
N,-0.0823,0.7413,-0.6661,173.09,0.674,0.250,0.394,0.025
N,-0.0311,0.7404,-0.6715,125.63,0.635,0.222,0.355,0.029
N,-0.0295,0.7028,-0.7108,119.43,0.686,0.258,0.406,0.028
N,-0.0229,0.7932,-0.6085,105.97,0.634,0.222,0.354,0.025
N,-0.0402,0.8000,-0.5987,205.27,0.683,0.256,0.403,0.026
N,-0.0139,0.7524,-0.6586,175.16,0.679,0.253,0.399,0.044
N,-0.0738,0.7772,-0.6250,141.14,0.662,0.241,0.382,0.020
N,-0.0016,0.7888,-0.6146,113.54,0.655,0.237,0.375,0.030
N,-0.0035,0.7693,-0.6389,95.90,0.670,0.247,0.390,0.040
N,0.0085,0.7552,-0.6555,110.37,0.646,0.230,0.366,0.044
N,0.0091,0.7307,-0.6826,107.78,0.667,0.245,0.387,0.021
N,-0.0368,0.7650,-0.6430,119.37,0.669,0.246,0.389,0.050
N,-0.0505,0.7729,-0.6326,90.81,0.634,0.222,0.354,0.042
N,-0.0040,0.7467,-0.6652,123.41,0.637,0.224,0.357,0.032
N,0.0093,0.7644,-0.6447,167.47,0.642,0.227,0.362,0.026
N,0.0125,0.7277,-0.6858,131.34,0.645,0.230,0.365,0.015
N,0.0019,0.7553,-0.6554,79.00,0.679,0.254,0.399,0.047
N,-0.0080,0.7382,-0.6745,181.50,0.649,0.233,0.369,0.039
N,-0.0199,0.7548,-0.6557,135.20,0.682,0.255,0.402,0.057
N,0.0523,0.7170,-0.6951,115.79,0.663,0.242,0.383,0.030
N,0.0086,0.7936,-0.6084,89.04,0.646,0.230,0.366,0.017
N,-0.0472,0.7261,-0.6860,161.72,0.687,0.259,0.407,0.016
N,0.0191,0.7488,-0.6625,91.66,0.662,0.241,0.382,0.027
N,-0.0112,0.7301,-0.6832,181.69,0.634,0.222,0.354,0.042
N,-0.0499,0.7551,-0.6537,134.47,0.674,0.250,0.394,0.027
N,-0.0781,0.7553,-0.6507,182.89,0.643,0.228,0.363,0.014
N,-0.0215,0.7600,-0.6496,103.55,0.650,0.233,0.370,0.032
N,-0.0083,0.7487,-0.6629,117.96,0.643,0.228,0.363,0.026
N,-0.0193,0.7151,-0.6988,171.58,0.677,0.252,0.397,0.033
N,0.0629,0.7270,-0.6837,101.45,0.666,0.244,0.386,0.012
N,-0.0159,0.7477,-0.6638,105.07,0.670,0.247,0.390,0.043
N,0.0432,0.7516,-0.6583,144.58,0.679,0.253,0.399,0.036
N,0.0093,0.7721,-0.6355,81.04,0.671,0.248,0.391,0.027
N,-0.0033,0.7359,-0.6771,88.57,0.678,0.252,0.398,0.036
N,0.0067,0.7480,-0.6636,116.02,0.660,0.240,0.380,0.020
N,-0.0229,0.7087,-0.7051,132.97,0.648,0.232,0.368,0.031
N,0.0058,0.7499,-0.6616,112.71,0.673,0.249,0.393,0.039
N,-0.0156,0.7516,-0.6595,188.58,0.647,0.231,0.367,0.057
N,-0.0876,0.7832,-0.6156,121.39,0.635,0.222,0.355,0.016
N,-0.0342,0.7461,-0.6650,133.79,0.656,0.237,0.376,0.042
N,0.0196,0.7335,-0.6794,133.06,0.670,0.247,0.390,0.022
N,-0.0192,0.7610,-0.6485,146.70,0.683,0.256,0.403,0.052
N,0.0075,0.7338,-0.6793,151.98,0.662,0.241,0.382,0.018
N,-0.0637,0.7633,-0.6430,108.56,0.679,0.253,0.399,0.025
N,0.0168,0.7697,-0.6382,187.56,0.649,0.232,0.369,0.041
N,-0.0026,0.7738,-0.6334,166.55,0.666,0.244,0.386,0.042
N,-0.1156,0.7512,-0.6499,161.19,0.641,0.227,0.361,0.022
N,-0.0886,0.7364,-0.6708,92.26,0.684,0.257,0.404,0.012
N,-0.0025,0.7686,-0.6397,94.86,0.676,0.251,0.396,0.047
N,0.0348,0.7091,-0.7043,86.88,0.637,0.224,0.357,0.026
N,0.0173,0.7365,-0.6762,91.72,0.675,0.251,0.395,0.029
N,-0.0076,0.7732,-0.6342,138.89,0.655,0.237,0.375,0.021
N,0.0281,0.7400,-0.6720,113.77,0.653,0.235,0.373,0.032
N,-0.0402,0.7115,-0.7015,109.42,0.666,0.244,0.386,0.015
N,-0.0303,0.7483,-0.6627,127.89,0.647,0.231,0.367,0.043
N,-0.0527,0.7006,-0.7116,166.39,0.651,0.234,0.371,0.019
N,0.0128,0.7185,-0.6955,139.22,0.683,0.256,0.403,0.031
N,-0.0441,0.7916,-0.6095,96.49,0.650,0.233,0.370,0.033
N,-0.0267,0.7730,-0.6339,136.40,0.684,0.256,0.404,0.027
N,-0.0007,0.7625,-0.6470,85.24,0.661,0.240,0.381,0.033
N,0.0052,0.7520,-0.6591,79.94,0.633,0.221,0.353,0.045
N,-0.0461,0.7616,-0.6465,147.79,0.686,0.258,0.406,0.046
N,-0.0017,0.7578,-0.6524,136.68,0.674,0.250,0.394,0.025
N,0.0440,0.7817,-0.6221,175.54,0.668,0.245,0.388,0.023
N,0.0334,0.7572,-0.6523,145.20,0.657,0.238,0.377,0.017
N,-0.0657,0.7642,-0.6416,187.83,0.649,0.233,0.369,0.031
N,0.0114,0.7264,-0.6871,171.69,0.642,0.228,0.362,0.024
N,-0.0756,0.7517,-0.6552,165.67,0.635,0.223,0.355,0.016
N,-0.0815,0.7712,-0.6314,111.85,0.685,0.258,0.405,0.034
N,0.0257,0.7572,-0.6527,186.00,0.642,0.227,0.362,0.027
N,-0.0488,0.7498,-0.6599,175.97,0.669,0.246,0.389,0.027
N,-0.0206,0.7798,-0.6257,196.75,0.645,0.230,0.365,0.017
N,-0.0657,0.7302,-0.6801,108.81,0.681,0.255,0.401,0.023
N,-0.0268,0.7449,-0.6666,79.00,0.654,0.235,0.374,0.040
N,-0.0204,0.7712,-0.6362,120.26,0.667,0.245,0.387,0.036
N,-0.0721,0.7699,-0.6341,199.71,0.643,0.228,0.363,0.027
N,-0.0397,0.7524,-0.6575,77.32,0.687,0.259,0.407,0.018
N,-0.0261,0.7828,-0.6217,140.07,0.664,0.243,0.384,0.037
N,0.0111,0.7236,-0.6901,87.23,0.654,0.236,0.374,0.020
N,-0.0221,0.7491,-0.6620,144.30,0.637,0.224,0.357,0.055
N,0.0071,0.7359,-0.6770,82.90,0.664,0.243,0.384,0.044
N,0.0061,0.7468,-0.6651,194.61,0.640,0.226,0.360,0.042
N,0.0041,0.7338,-0.6793,130.48,0.666,0.244,0.386,0.030
N,0.0060,0.7861,-0.6180,151.03,0.637,0.224,0.357,0.015
N,-0.0173,0.7121,-0.7019,147.03,0.633,0.221,0.353,0.016
N,0.0518,0.7336,-0.6776,102.04,0.650,0.233,0.370,0.032
N,-0.0136,0.7716,-0.6360,95.06,0.634,0.222,0.354,0.029
N,-0.0448,0.7994,-0.5992,121.78,0.671,0.247,0.391,0.019
N,0.0081,0.7358,-0.6772,128.54,0.685,0.258,0.405,0.021
N,-0.0213,0.7535,-0.6571,91.24,0.659,0.239,0.379,0.042
N,-0.0661,0.7624,-0.6437,154.16,0.674,0.250,0.394,0.032
N,-0.0432,0.7364,-0.6751,174.58,0.665,0.243,0.385,0.018
N,-0.0473,0.7204,-0.6919,176.35,0.641,0.227,0.361,0.014
N,-0.0122,0.7661,-0.6426,119.03,0.663,0.242,0.383,0.047
N,-0.0096,0.7883,-0.6153,150.72,0.659,0.239,0.379,0.036
N,-0.0449,0.7555,-0.6536,131.41,0.672,0.248,0.392,0.046
N,-0.0744,0.7561,-0.6502,109.25,0.633,0.221,0.353,0.024
N,0.0049,0.7320,-0.6813,97.85,0.639,0.225,0.359,0.026
N,-0.0044,0.7627,-0.6467,170.79,0.665,0.243,0.385,0.050
N,-0.0176,0.7888,-0.6144,116.64,0.655,0.237,0.375,0.016
N,0.0275,0.7218,-0.6915,121.74,0.637,0.224,0.357,0.015
N,0.0264,0.7406,-0.6714,90.64,0.667,0.245,0.387,0.037
N,-0.0937,0.8270,-0.5544,156.15,0.661,0.241,0.381,0.009
N,0.0235,0.7671,-0.6410,132.15,0.674,0.250,0.394,0.020
N,-0.0340,0.7591,-0.6501,83.28,0.633,0.221,0.353,0.020
N,-0.0257,0.6948,-0.7187,97.15,0.650,0.233,0.370,0.009
N,0.0157,0.7532,-0.6576,135.59,0.680,0.254,0.400,0.020
N,0.0080,0.7646,-0.6444,159.05,0.656,0.237,0.376,0.023
N,-0.0390,0.7480,-0.6625,182.37,0.667,0.245,0.387,0.022
N,-0.0316,0.7598,-0.6494,124.05,0.676,0.251,0.396,0.022
N,-0.0335,0.7300,-0.6826,180.15,0.673,0.249,0.393,0.029
N,0.0516,0.7514,-0.6578,93.80,0.687,0.259,0.407,0.023
N,-0.0780,0.7590,-0.6464,189.52,0.659,0.240,0.379,0.021
N,0.0113,0.7391,-0.6735,166.08,0.633,0.221,0.353,0.029
N,-0.0738,0.7900,-0.6086,181.85,0.641,0.227,0.361,0.013
N,-0.0056,0.7369,-0.6760,127.16,0.633,0.221,0.353,0.048
N,-0.0175,0.7395,-0.6729,100.26,0.686,0.258,0.406,0.023
N,-0.0401,0.7914,-0.6100,152.60,0.681,0.255,0.401,0.027
N,-0.0260,0.7540,-0.6564,138.54,0.679,0.254,0.399,0.039
N,-0.0060,0.7435,-0.6688,164.28,0.636,0.223,0.356,0.041
N,-0.0148,0.7680,-0.6403,75.91,0.667,0.245,0.387,0.043
N,-0.0115,0.7996,-0.6005,204.76,0.673,0.249,0.393,0.021
N,-0.0789,0.7473,-0.6598,130.08,0.654,0.236,0.374,0.031
N,-0.0286,0.7760,-0.6301,123.97,0.656,0.237,0.376,0.042
N,0.0161,0.7351,-0.6778,171.80,0.634,0.221,0.354,0.027
N,0.0242,0.7359,-0.6767,199.81,0.668,0.245,0.388,0.035
N,0.0148,0.7632,-0.6460,144.28,0.654,0.236,0.374,0.037
N,-0.0229,0.7295,-0.6836,178.09,0.677,0.252,0.397,0.021
N,-0.1161,0.7938,-0.5970,141.05,0.646,0.230,0.366,0.020
N,0.0218,0.7482,-0.6631,151.89,0.659,0.239,0.379,0.021
N,-0.0799,0.7852,-0.6140,101.30,0.636,0.223,0.356,0.025
N,-0.0439,0.7497,-0.6603,76.88,0.669,0.246,0.389,0.031
N,0.0168,0.7704,-0.6374,177.87,0.671,0.248,0.391,0.042
N,-0.1110,0.8084,-0.5781,184.95,0.683,0.256,0.403,0.015
N,0.0279,0.7161,-0.6975,109.56,0.643,0.228,0.363,0.026
N,0.0198,0.7000,-0.7139,176.08,0.641,0.227,0.361,0.019
N,0.0150,0.7744,-0.6325,164.48,0.685,0.257,0.405,0.014
N,-0.0623,0.7324,-0.6780,166.29,0.676,0.251,0.396,0.032
N,-0.0252,0.7332,-0.6795,188.63,0.666,0.244,0.386,0.020
N,-0.0347,0.7556,-0.6542,182.88,0.643,0.228,0.363,0.022
N,0.0230,0.7085,-0.7054,151.84,0.640,0.226,0.360,0.032
N,0.0008,0.7499,-0.6616,80.50,0.656,0.237,0.376,0.028
N,0.0082,0.7472,-0.6646,138.37,0.684,0.257,0.404,0.032
N,0.0390,0.7255,-0.6871,181.30,0.683,0.256,0.403,0.013
N,-0.0450,0.7813,-0.6225,129.08,0.673,0.249,0.393,0.041
N,0.0187,0.7728,-0.6344,148.33,0.638,0.224,0.358,0.029
N,-0.0344,0.7399,-0.6718,182.26,0.667,0.245,0.387,0.016
N,-0.0535,0.7582,-0.6498,143.82,0.676,0.251,0.396,0.018
N,-0.0531,0.7713,-0.6342,200.37,0.661,0.241,0.381,0.046
N,-0.0284,0.7576,-0.6521,105.94,0.687,0.259,0.407,0.052
N,0.0104,0.7760,-0.6306,183.84,0.678,0.253,0.398,0.025
N,0.0430,0.7487,-0.6615,169.21,0.675,0.250,0.395,0.023
N,0.0229,0.7220,-0.6915,86.02,0.641,0.227,0.361,0.014
N,-0.0331,0.7361,-0.6760,148.57,0.667,0.245,0.387,0.023
N,0.0354,0.7428,-0.6686,205.36,0.650,0.233,0.370,0.025
N,-0.0670,0.7339,-0.6760,202.23,0.680,0.254,0.400,0.014
N,0.0194,0.7529,-0.6578,96.60,0.679,0.253,0.399,0.039
N,-0.0207,0.7480,-0.6634,191.72,0.656,0.237,0.376,0.031
N,0.0076,0.7530,-0.6580,182.06,0.656,0.237,0.376,0.048
N,-0.0142,0.7629,-0.6464,161.94,0.682,0.256,0.402,0.040
N,-0.0292,0.7808,-0.6241,172.54,0.664,0.243,0.384,0.038
N,-0.0075,0.7745,-0.6325,95.44,0.663,0.242,0.383,0.023
N,-0.0348,0.7544,-0.6555,127.82,0.640,0.226,0.360,0.022
N,-0.0866,0.7737,-0.6276,122.35,0.674,0.250,0.394,0.013
N,-0.0221,0.7656,-0.6429,112.58,0.678,0.253,0.398,0.052
N,-0.0275,0.7345,-0.6780,149.49,0.662,0.241,0.382,0.030
N,0.0331,0.7667,-0.6412,155.92,0.669,0.246,0.389,0.032
N,-0.0564,0.7389,-0.6714,166.60,0.672,0.248,0.392,0.038
N,0.0531,0.7650,-0.6418,94.21,0.674,0.250,0.394,0.031
N,0.0064,0.7609,-0.6488,79.49,0.656,0.237,0.376,0.038
N,-0.0981,0.7261,-0.6806,198.46,0.644,0.229,0.364,0.014
N,0.0298,0.7590,-0.6504,135.09,0.678,0.253,0.398,0.016
N,-0.0391,0.7634,-0.6447,103.04,0.636,0.223,0.356,0.047
N,-0.0083,0.7037,-0.7105,134.59,0.674,0.250,0.394,0.024
N,0.0033,0.7894,-0.6139,123.55,0.675,0.251,0.395,0.016
N,-0.0185,0.7755,-0.6311,152.57,0.640,0.226,0.360,0.029
N,-0.0674,0.7713,-0.6329,124.34,0.676,0.251,0.396,0.019
N,-0.0125,0.7605,-0.6492,128.95,0.664,0.243,0.384,0.021
N,-0.0747,0.8056,-0.5877,128.16,0.643,0.228,0.363,0.013
N,-0.0269,0.7297,-0.6832,89.45,0.685,0.258,0.405,0.017
N,-0.0035,0.7221,-0.6918,162.09,0.662,0.242,0.382,0.032
N,0.0008,0.7204,-0.6935,171.47,0.659,0.240,0.379,0.030
N,-0.0566,0.7436,-0.6662,123.15,0.672,0.248,0.392,0.035
N,-0.0082,0.7554,-0.6552,89.51,0.638,0.225,0.358,0.056
N,-0.0154,0.7091,-0.7049,124.70,0.687,0.259,0.407,0.022
N,0.0177,0.7598,-0.6500,186.96,0.687,0.259,0.407,0.024
N,-0.0443,0.7610,-0.6473,106.66,0.655,0.237,0.375,0.024
N,-0.0668,0.8025,-0.5930,143.12,0.666,0.244,0.386,0.015
N,-0.0553,0.7501,-0.6590,158.20,0.647,0.231,0.367,0.042
N,0.0312,0.7594,-0.6499,197.85,0.663,0.242,0.383,0.037
N,-0.0499,0.7684,-0.6380,120.28,0.641,0.227,0.361,0.039
N,0.0034,0.7414,-0.6710,115.59,0.671,0.247,0.391,0.045
N,-0.0078,0.7704,-0.6375,182.00,0.644,0.229,0.364,0.050
N,0.0092,0.7542,-0.6566,146.99,0.644,0.229,0.364,0.048
N,-0.0386,0.7652,-0.6427,168.57,0.633,0.221,0.353,0.037
N,-0.0441,0.7922,-0.6087,86.76,0.655,0.236,0.375,0.016
N,-0.0003,0.7547,-0.6561,152.09,0.643,0.228,0.363,0.020
N,-0.0173,0.7620,-0.6473,84.05,0.663,0.242,0.383,0.046
N,-0.0652,0.7757,-0.6278,204.92,0.675,0.250,0.395,0.030
N,0.0320,0.7576,-0.6520,82.05,0.676,0.251,0.396,0.039
N,-0.0384,0.7375,-0.6742,105.42,0.676,0.251,0.396,0.019
N,-0.1293,0.7723,-0.6220,107.95,0.655,0.237,0.375,0.010
N,0.0067,0.7155,-0.6986,105.43,0.658,0.239,0.378,0.013
N,-0.0118,0.7575,-0.6527,175.48,0.663,0.242,0.383,0.037
N,-0.0641,0.7385,-0.6712,87.53,0.680,0.254,0.400,0.018
N,-0.0022,0.7869,-0.6171,204.83,0.683,0.256,0.403,0.037
N,0.0002,0.7946,-0.6071,130.51,0.686,0.258,0.406,0.015
N,-0.0350,0.7653,-0.6427,167.59,0.686,0.258,0.406,0.046
N,-0.0044,0.7692,-0.6390,97.39,0.633,0.221,0.353,0.042
N,-0.0570,0.7405,-0.6697,96.86,0.670,0.247,0.390,0.039
N,-0.0285,0.7915,-0.6105,206.01,0.683,0.256,0.403,0.016
N,0.0255,0.7172,-0.6964,172.81,0.660,0.240,0.380,0.032
N,-0.0052,0.7679,-0.6405,139.43,0.683,0.256,0.403,0.018
N,-0.0005,0.7368,-0.6762,181.69,0.634,0.222,0.354,0.031
N,0.0057,0.7201,-0.6938,199.69,0.646,0.230,0.366,0.017
N,-0.0798,0.8113,-0.5792,161.26,0.668,0.246,0.388,0.008
N,-0.0585,0.7594,-0.6480,194.42,0.635,0.223,0.355,0.040
N,-0.0038,0.7492,-0.6623,137.76,0.685,0.258,0.405,0.038
N,0.0207,0.7635,-0.6455,89.88,0.679,0.253,0.399,0.032
N,-0.0666,0.7616,-0.6446,91.92,0.666,0.244,0.386,0.031
N,-0.0756,0.7515,-0.6554,181.02,0.644,0.229,0.364,0.037
N,-0.0273,0.7392,-0.6729,198.49,0.684,0.257,0.404,0.045
N,-0.0144,0.7521,-0.6589,139.40,0.661,0.240,0.381,0.035
N,-0.0014,0.7828,-0.6222,170.46,0.681,0.255,0.401,0.034
N,-0.0487,0.8004,-0.5975,209.34,0.676,0.251,0.396,0.026
N,-0.0029,0.7711,-0.6367,159.07,0.681,0.255,0.401,0.037
N,0.0109,0.7432,-0.6690,137.09,0.675,0.250,0.395,0.042
N,-0.0729,0.7610,-0.6447,178.61,0.657,0.238,0.377,0.027
N,-0.0275,0.7582,-0.6515,174.07,0.678,0.252,0.398,0.037
N,-0.0325,0.7950,-0.6057,86.42,0.657,0.238,0.377,0.033
N,0.0373,0.7675,-0.6400,87.17,0.647,0.231,0.367,0.013
N,0.0313,0.7446,-0.6668,149.73,0.684,0.257,0.404,0.024
N,-0.0331,0.7690,-0.6383,193.16,0.640,0.226,0.360,0.052
N,-0.0007,0.7619,-0.6477,135.80,0.642,0.228,0.362,0.024
N,0.0159,0.7545,-0.6561,98.82,0.644,0.229,0.364,0.018
N,0.0158,0.7348,-0.6781,203.06,0.652,0.234,0.372,0.044
N,0.0532,0.7727,-0.6325,182.02,0.647,0.231,0.367,0.012
N,-0.1235,0.7891,-0.6017,198.60,0.667,0.245,0.387,0.010
N,-0.0621,0.7941,-0.6046,202.39,0.685,0.257,0.405,0.018
N,0.0197,0.7404,-0.6719,85.61,0.670,0.247,0.390,0.041
N,-0.0489,0.7739,-0.6314,161.02,0.653,0.235,0.373,0.031
N,-0.1103,0.7218,-0.6833,173.00,0.676,0.251,0.396,0.011
N,-0.0369,0.7801,-0.6245,85.64,0.676,0.251,0.396,0.033
N,0.0249,0.7199,-0.6936,130.37,0.644,0.229,0.364,0.033
N,0.0297,0.7892,-0.6134,143.75,0.653,0.235,0.373,0.028
N,-0.0409,0.7803,-0.6240,129.76,0.649,0.232,0.369,0.024
N,-0.0248,0.7907,-0.6118,110.80,0.667,0.245,0.387,0.029
N,-0.0226,0.8118,-0.5835,120.57,0.679,0.253,0.399,0.024
N,-0.0380,0.7674,-0.6401,160.36,0.653,0.235,0.373,0.048
N,0.0541,0.7889,-0.6121,213.57,0.646,0.230,0.366,0.020
N,-0.0673,0.7887,-0.6111,153.08,0.641,0.227,0.361,0.030
N,0.0038,0.7773,-0.6291,140.88,0.658,0.239,0.378,0.028
N,-0.0311,0.7492,-0.6616,85.89,0.682,0.255,0.402,0.035
N,-0.1222,0.7540,-0.6454,190.39,0.637,0.224,0.357,0.022
N,-0.0218,0.7736,-0.6333,102.66,0.633,0.221,0.353,0.021
N,-0.0380,0.7894,-0.6127,197.45,0.678,0.253,0.398,0.024
N,-0.0199,0.7471,-0.6644,154.31,0.673,0.249,0.393,0.054
N,-0.0193,0.7771,-0.6291,81.59,0.680,0.254,0.400,0.046
N,0.0443,0.7290,-0.6831,202.03,0.664,0.243,0.384,0.029
N,-0.0303,0.7273,-0.6856,178.95,0.650,0.233,0.370,0.038
N,-0.0437,0.7831,-0.6204,183.45,0.672,0.249,0.392,0.043
N,-0.0251,0.8042,-0.5938,166.26,0.682,0.256,0.402,0.014
N,-0.0712,0.7611,-0.6447,88.46,0.687,0.259,0.407,0.015
N,0.7369,-0.6730,-0.0637,197.25,0.460,0.406,0.700,0.020
N,0.7377,-0.6740,-0.0393,178.62,0.481,0.421,0.721,0.039
N,0.7906,-0.6118,-0.0239,101.61,0.502,0.435,0.742,0.034
N,0.7822,-0.6230,-0.0051,172.43,0.459,0.405,0.699,0.037
N,0.8010,-0.5986,0.0082,93.29,0.497,0.432,0.737,0.035
N,0.7947,-0.6069,-0.0152,96.11,0.469,0.413,0.709,0.040
N,0.8197,-0.5714,-0.0402,98.54,0.480,0.420,0.720,0.013
N,0.7371,-0.6700,-0.0886,192.97,0.478,0.418,0.718,0.022
N,0.6661,-0.7428,-0.0679,97.61,0.493,0.429,0.733,0.016
N,0.7670,-0.6410,-0.0279,170.39,0.463,0.408,0.703,0.041
N,0.7151,-0.6954,-0.0717,175.93,0.502,0.435,0.742,0.018
N,0.7718,-0.6268,-0.1069,207.82,0.479,0.420,0.719,0.017
N,0.7869,-0.6170,0.0071,203.74,0.490,0.427,0.730,0.018
N,0.8137,-0.5813,-0.0018,164.00,0.456,0.403,0.696,0.022
N,0.8046,-0.5934,-0.0235,156.66,0.499,0.433,0.739,0.015
N,0.7511,-0.6555,-0.0789,127.07,0.455,0.403,0.695,0.015
N,0.8013,-0.5952,-0.0601,112.14,0.457,0.404,0.697,0.022
N,0.7309,-0.6818,-0.0298,95.72,0.484,0.423,0.724,0.043
N,0.7122,-0.7017,-0.0208,171.67,0.498,0.433,0.738,0.034
N,0.6880,-0.7253,-0.0265,157.97,0.468,0.411,0.708,0.030
N,0.7626,-0.6450,-0.0495,76.69,0.453,0.401,0.693,0.021
N,0.7703,-0.6357,-0.0500,122.38,0.496,0.431,0.736,0.047
N,0.7791,-0.6248,-0.0512,187.10,0.491,0.428,0.731,0.030
N,0.7316,-0.6815,-0.0163,128.39,0.460,0.406,0.700,0.044
N,0.7402,-0.6722,-0.0128,102.27,0.492,0.428,0.732,0.020
N,0.6719,-0.7399,-0.0336,159.54,0.483,0.422,0.723,0.018
N,0.7366,-0.6752,0.0398,127.26,0.486,0.424,0.726,0.021
N,0.7575,-0.6528,-0.0065,177.70,0.453,0.401,0.693,0.018
N,0.7717,-0.6360,-0.0059,90.21,0.456,0.403,0.696,0.042
N,0.7134,-0.6999,-0.0357,155.58,0.506,0.438,0.746,0.024
N,0.7966,-0.6045,-0.0056,181.42,0.505,0.438,0.745,0.028
N,0.7520,-0.6575,-0.0467,182.71,0.501,0.435,0.741,0.031
N,0.7627,-0.6463,-0.0225,179.82,0.496,0.431,0.736,0.025
N,0.8359,-0.5487,0.0110,204.75,0.507,0.439,0.747,0.012
N,0.6871,-0.7249,-0.0495,163.68,0.501,0.434,0.741,0.015
N,0.7566,-0.6526,-0.0397,90.66,0.505,0.438,0.745,0.037
N,0.7096,-0.7046,-0.0059,197.65,0.494,0.430,0.734,0.013
N,0.7590,-0.6506,-0.0273,156.03,0.495,0.430,0.735,0.043
N,0.7682,-0.6396,-0.0260,77.69,0.494,0.430,0.734,0.024
N,0.7324,-0.6763,-0.0789,176.21,0.473,0.415,0.713,0.022
N,0.7694,-0.6381,-0.0296,79.54,0.496,0.431,0.736,0.032
N,0.7592,-0.6509,-0.0015,96.59,0.467,0.411,0.707,0.027
N,0.8059,-0.5920,-0.0016,133.37,0.470,0.413,0.710,0.028
N,0.7978,-0.6029,-0.0027,89.71,0.497,0.432,0.737,0.014
N,0.7290,-0.6837,-0.0326,94.81,0.481,0.421,0.721,0.022
N,0.7178,-0.6950,-0.0416,196.40,0.468,0.412,0.708,0.022
N,0.7073,-0.7066,0.0214,203.98,0.463,0.408,0.703,0.020
N,0.7896,-0.6107,-0.0591,141.21,0.488,0.425,0.728,0.025
N,0.7428,-0.6693,-0.0191,157.34,0.471,0.414,0.711,0.043
N,0.7768,-0.6288,-0.0340,96.34,0.494,0.430,0.734,0.024
N,0.7480,-0.6633,-0.0248,83.02,0.488,0.426,0.728,0.041
N,0.7153,-0.6987,-0.0147,170.00,0.483,0.422,0.723,0.024
N,0.7627,-0.6458,-0.0340,171.61,0.475,0.417,0.715,0.050
N,0.7509,-0.6604,-0.0050,128.32,0.456,0.403,0.696,0.044
N,0.7442,-0.6669,-0.0370,155.26,0.491,0.428,0.731,0.052
N,0.8086,-0.5872,-0.0363,177.25,0.462,0.407,0.702,0.024
N,0.7110,-0.7032,0.0027,94.01,0.489,0.426,0.729,0.019
N,0.7042,-0.7080,-0.0540,100.53,0.472,0.415,0.712,0.023
N,0.7771,-0.6256,-0.0694,153.91,0.463,0.408,0.703,0.029
N,0.7568,-0.6529,-0.0318,97.38,0.495,0.431,0.735,0.050
N,0.7551,-0.6550,-0.0278,105.18,0.482,0.421,0.722,0.046
N,0.7100,-0.6994,-0.0819,93.24,0.490,0.427,0.730,0.013
N,0.7804,-0.6246,-0.0302,129.61,0.456,0.403,0.696,0.044
N,0.7304,-0.6823,-0.0324,76.19,0.467,0.411,0.707,0.038
N,0.7809,-0.6244,-0.0193,143.71,0.496,0.431,0.736,0.046
N,0.7568,-0.6528,-0.0344,87.31,0.503,0.436,0.743,0.042
N,0.7370,-0.6759,0.0040,142.66,0.501,0.435,0.741,0.032
N,0.7400,-0.6725,0.0130,110.66,0.466,0.410,0.706,0.014
N,0.7413,-0.6708,0.0218,196.59,0.471,0.414,0.711,0.017
N,0.7637,-0.6436,-0.0502,166.99,0.488,0.426,0.728,0.045
N,0.7959,-0.6053,-0.0164,163.39,0.462,0.408,0.702,0.027
N,0.7749,-0.6319,-0.0163,190.62,0.496,0.431,0.736,0.028
N,0.7386,-0.6741,-0.0093,179.36,0.476,0.417,0.716,0.043
N,0.7534,-0.6540,-0.0684,90.97,0.465,0.410,0.705,0.038
N,0.7374,-0.6746,-0.0339,114.30,0.491,0.428,0.731,0.029
N,0.7723,-0.6343,-0.0367,83.82,0.467,0.411,0.707,0.048
N,0.7232,-0.6900,-0.0308,181.88,0.455,0.403,0.695,0.023
N,0.7439,-0.6680,0.0187,167.43,0.507,0.439,0.747,0.020
N,0.7727,-0.6342,-0.0256,137.68,0.485,0.423,0.725,0.025
N,0.7320,-0.6789,-0.0572,197.09,0.503,0.436,0.743,0.032
N,0.7523,-0.6534,-0.0839,176.03,0.499,0.433,0.739,0.017
N,0.7512,-0.6597,0.0229,123.20,0.463,0.408,0.703,0.022
N,0.6543,-0.7534,-0.0646,165.98,0.496,0.431,0.736,0.016
N,0.7802,-0.6197,-0.0854,120.44,0.504,0.437,0.744,0.024
N,0.8163,-0.5775,-0.0145,100.76,0.495,0.431,0.735,0.018
N,0.7558,-0.6537,-0.0385,145.05,0.466,0.411,0.706,0.025
N,0.7714,-0.6360,0.0203,207.28,0.498,0.433,0.738,0.022
N,0.7421,-0.6678,-0.0580,161.85,0.476,0.417,0.716,0.044
N,0.8193,-0.5728,-0.0239,156.18,0.469,0.412,0.709,0.025
N,0.7376,-0.6724,-0.0622,141.42,0.479,0.419,0.719,0.029
N,0.7273,-0.6856,-0.0319,117.32,0.500,0.434,0.740,0.046
N,0.7632,-0.6453,0.0324,131.55,0.481,0.421,0.721,0.016
N,0.7321,-0.6794,-0.0500,89.45,0.476,0.417,0.716,0.034
N,0.6835,-0.7289,-0.0405,209.09,0.492,0.428,0.732,0.026
N,0.8437,-0.5369,-0.0044,113.67,0.502,0.435,0.742,0.017
N,0.7736,-0.6334,-0.0153,170.40,0.475,0.416,0.715,0.034
N,0.7284,-0.6845,-0.0308,114.26,0.462,0.407,0.702,0.022
N,0.7024,-0.7094,-0.0584,180.70,0.485,0.423,0.725,0.024
N,0.6910,-0.7209,-0.0533,112.44,0.477,0.418,0.717,0.030
N,0.7506,-0.6575,-0.0651,201.94,0.457,0.404,0.697,0.029
N,0.7138,-0.6955,-0.0827,207.61,0.493,0.429,0.733,0.014
N,0.7469,-0.6619,-0.0631,95.87,0.497,0.432,0.737,0.039
N,0.7517,-0.6591,0.0238,208.73,0.479,0.419,0.719,0.025
N,0.7652,-0.6421,-0.0463,173.75,0.457,0.404,0.697,0.019
N,0.8091,-0.5850,-0.0548,88.83,0.473,0.415,0.713,0.017
N,0.7329,-0.6795,-0.0336,104.77,0.503,0.436,0.743,0.034
N,0.6983,-0.7106,-0.0863,212.71,0.488,0.426,0.728,0.020
N,0.7904,-0.6119,0.0277,94.63,0.497,0.432,0.737,0.025
N,0.7474,-0.6639,-0.0254,137.54,0.479,0.419,0.719,0.040
N,0.8048,-0.5927,-0.0322,182.97,0.484,0.423,0.724,0.017
N,0.7770,-0.6295,0.0090,182.78,0.501,0.435,0.741,0.016
N,0.7291,-0.6813,-0.0648,187.64,0.495,0.430,0.735,0.039
N,0.7565,-0.6525,-0.0442,138.07,0.485,0.423,0.725,0.020
N,0.7623,-0.6468,-0.0218,146.67,0.492,0.428,0.732,0.033
N,0.7394,-0.6732,0.0013,153.54,0.465,0.410,0.705,0.025
N,0.7369,-0.6757,-0.0213,89.73,0.454,0.402,0.694,0.021
N,0.7348,-0.6776,-0.0309,199.81,0.501,0.435,0.741,0.049
N,0.8045,-0.5923,0.0438,200.05,0.501,0.435,0.741,0.009
N,0.7249,-0.6857,-0.0658,161.74,0.473,0.415,0.713,0.032
N,0.7852,-0.6192,-0.0057,102.44,0.491,0.428,0.731,0.039
N,0.8297,-0.5579,0.0204,158.56,0.474,0.416,0.714,0.011
N,0.7396,-0.6723,-0.0309,180.65,0.500,0.434,0.740,0.022
N,0.7781,-0.6281,-0.0069,201.74,0.493,0.429,0.733,0.021
N,0.7702,-0.6348,-0.0628,119.22,0.468,0.411,0.708,0.023
N,0.7015,-0.7126,-0.0119,87.45,0.484,0.423,0.724,0.012
N,0.8162,-0.5758,-0.0479,88.43,0.498,0.432,0.738,0.014
N,0.7577,-0.6520,0.0283,103.65,0.500,0.434,0.740,0.022
N,0.7464,-0.6649,-0.0292,96.03,0.455,0.402,0.695,0.044
N,0.6969,-0.7144,-0.0631,140.29,0.491,0.428,0.731,0.031
N,0.8547,-0.5155,-0.0606,186.40,0.484,0.423,0.724,0.011
N,0.7836,-0.6199,-0.0412,104.05,0.482,0.421,0.722,0.024
N,0.8104,-0.5858,-0.0043,111.35,0.453,0.401,0.693,0.017
N,0.7346,-0.6761,-0.0572,102.50,0.476,0.417,0.716,0.029
N,0.7142,-0.6977,-0.0569,96.82,0.501,0.435,0.741,0.040
N,0.7424,-0.6682,-0.0483,148.71,0.507,0.439,0.747,0.034
N,0.7314,-0.6799,-0.0527,134.73,0.467,0.411,0.707,0.041
N,0.7662,-0.6408,-0.0488,86.88,0.500,0.434,0.740,0.017
N,0.7244,-0.6894,0.0016,84.80,0.456,0.403,0.696,0.020
N,0.7151,-0.6987,-0.0215,151.02,0.471,0.414,0.711,0.039
N,0.6664,-0.7435,-0.0556,109.04,0.493,0.429,0.733,0.019
N,0.7300,-0.6802,-0.0666,131.38,0.484,0.423,0.724,0.025
N,0.7872,-0.6148,-0.0485,168.84,0.495,0.431,0.735,0.034
N,0.7329,-0.6791,-0.0414,198.99,0.475,0.417,0.715,0.028
N,0.7027,-0.7111,-0.0242,206.46,0.497,0.432,0.737,0.036
N,0.7874,-0.6153,-0.0373,108.17,0.470,0.413,0.710,0.018
N,0.7249,-0.6866,-0.0559,129.89,0.460,0.406,0.700,0.022
N,0.7885,-0.6128,0.0526,137.12,0.472,0.414,0.712,0.008
N,0.7714,-0.6352,-0.0384,134.62,0.479,0.420,0.719,0.025
N,0.6505,-0.7590,-0.0275,105.74,0.479,0.420,0.719,0.011
N,0.8020,-0.5970,-0.0199,113.03,0.477,0.418,0.717,0.035
N,0.7252,-0.6885,0.0112,109.02,0.460,0.406,0.700,0.013
N,0.7375,-0.6719,-0.0682,124.82,0.492,0.428,0.732,0.034
N,0.7408,-0.6717,-0.0086,123.12,0.474,0.416,0.714,0.023
N,0.7322,-0.6755,-0.0875,108.46,0.463,0.408,0.703,0.011
N,0.7717,-0.6344,-0.0442,200.73,0.502,0.435,0.742,0.038
N,0.7685,-0.6393,-0.0265,163.07,0.503,0.436,0.743,0.048
N,0.7749,-0.6321,-0.0055,122.19,0.488,0.426,0.728,0.038
N,0.7847,-0.6161,-0.0687,121.13,0.501,0.435,0.741,0.019
N,0.7978,-0.6029,-0.0005,199.91,0.476,0.417,0.716,0.035
N,0.7734,-0.6340,-0.0041,83.75,0.496,0.431,0.736,0.042
N,0.7947,-0.6064,-0.0266,199.60,0.456,0.403,0.696,0.029
N,0.7494,-0.6614,-0.0319,100.87,0.505,0.438,0.745,0.025
N,0.7813,-0.6225,-0.0454,152.42,0.477,0.418,0.717,0.040
N,0.7717,-0.6352,-0.0325,132.11,0.500,0.434,0.740,0.051
N,0.6989,-0.7123,-0.0646,124.25,0.463,0.408,0.703,0.029
N,0.7362,-0.6765,0.0191,100.70,0.506,0.438,0.746,0.013
N,0.7409,-0.6714,0.0177,152.09,0.453,0.401,0.693,0.025
N,0.7557,-0.6542,-0.0306,181.76,0.482,0.421,0.722,0.020
N,0.7356,-0.6769,-0.0264,103.46,0.461,0.406,0.701,0.020
N,0.7619,-0.6477,0.0005,121.49,0.471,0.414,0.711,0.029
N,0.7812,-0.6236,-0.0279,178.20,0.498,0.433,0.738,0.024
N,0.7485,-0.6630,-0.0093,119.28,0.460,0.406,0.700,0.045
N,0.7544,-0.6563,-0.0094,81.94,0.477,0.418,0.717,0.025
N,0.7616,-0.6480,-0.0081,77.70,0.461,0.407,0.701,0.018
N,0.7245,-0.6893,-0.0057,136.36,0.468,0.412,0.708,0.022
N,0.7320,-0.6812,-0.0132,182.37,0.469,0.412,0.709,0.020
N,0.7803,-0.6192,-0.0880,166.75,0.462,0.407,0.702,0.013
N,0.7492,-0.6610,-0.0423,116.36,0.464,0.409,0.704,0.038
N,0.7794,-0.6252,-0.0417,163.40,0.498,0.433,0.738,0.039
N,0.7672,-0.6340,-0.0966,133.14,0.498,0.433,0.738,0.011
N,0.7362,-0.6767,-0.0077,162.21,0.457,0.404,0.697,0.027
N,0.7656,-0.6425,-0.0326,83.05,0.478,0.418,0.718,0.031
N,0.7705,-0.6360,-0.0435,104.69,0.453,0.401,0.693,0.028
N,0.7411,-0.6681,-0.0670,108.87,0.497,0.432,0.737,0.040
N,0.7748,-0.6303,-0.0491,163.90,0.492,0.428,0.732,0.028
N,0.7559,-0.6546,0.0111,144.08,0.504,0.437,0.744,0.018
N,0.7824,-0.6222,-0.0255,189.46,0.494,0.430,0.734,0.026
N,0.7373,-0.6754,-0.0174,146.86,0.504,0.437,0.744,0.040
N,0.7986,-0.6017,-0.0098,182.33,0.471,0.414,0.711,0.015
N,0.7764,-0.6301,-0.0155,175.21,0.475,0.416,0.715,0.029
N,0.7310,-0.6816,-0.0312,165.72,0.491,0.428,0.731,0.018
N,0.7429,-0.6690,0.0250,142.77,0.457,0.404,0.697,0.014
N,0.7533,-0.6576,-0.0111,184.43,0.502,0.436,0.742,0.027
N,0.7415,-0.6701,-0.0344,155.75,0.476,0.417,0.716,0.050
N,0.8007,-0.5980,-0.0372,156.03,0.462,0.408,0.702,0.025
N,0.6923,-0.7189,-0.0625,138.02,0.478,0.419,0.718,0.028
N,0.7507,-0.6568,-0.0712,92.34,0.490,0.427,0.730,0.039
N,0.7844,-0.6195,-0.0306,197.76,0.501,0.435,0.741,0.026
N,0.8076,-0.5888,-0.0320,136.31,0.500,0.434,0.740,0.014
N,0.7587,-0.6506,-0.0331,128.25,0.503,0.436,0.743,0.036
N,0.7574,-0.6529,0.0080,185.65,0.454,0.402,0.694,0.031
N,0.7637,-0.6455,-0.0085,153.03,0.489,0.426,0.729,0.019
N,0.7923,-0.6096,-0.0260,99.39,0.505,0.438,0.745,0.026
N,0.7273,-0.6857,-0.0288,181.13,0.498,0.432,0.738,0.046
N,0.7573,-0.6528,-0.0163,136.52,0.470,0.413,0.710,0.042
N,0.8100,-0.5849,-0.0413,153.19,0.461,0.407,0.701,0.024
N,0.7277,-0.6853,-0.0281,139.86,0.461,0.406,0.701,0.027
N,0.7596,-0.6493,-0.0377,164.05,0.457,0.404,0.697,0.044
N,0.7079,-0.7046,-0.0487,93.46,0.487,0.425,0.727,0.015
N,0.7615,-0.6470,-0.0391,85.06,0.480,0.420,0.720,0.028
N,0.7285,-0.6830,-0.0522,167.70,0.456,0.403,0.696,0.021
N,0.6756,-0.7368,-0.0270,140.29,0.503,0.436,0.743,0.016
N,0.7106,-0.6996,-0.0746,202.73,0.489,0.426,0.729,0.019
N,0.6890,-0.7210,-0.0736,98.12,0.506,0.438,0.746,0.017
N,0.7899,-0.6129,-0.0211,168.94,0.503,0.436,0.743,0.044
N,0.7584,-0.6514,-0.0212,170.30,0.496,0.431,0.736,0.024
N,0.7945,-0.6033,-0.0693,92.93,0.476,0.417,0.716,0.022
N,0.7338,-0.6734,-0.0900,181.76,0.480,0.420,0.720,0.016
N,0.7545,-0.6562,-0.0117,91.89,0.454,0.401,0.694,0.042
N,0.7523,-0.6558,-0.0625,180.33,0.453,0.401,0.693,0.030
N,0.7718,-0.6358,0.0107,119.91,0.454,0.402,0.694,0.022
N,0.7095,-0.7019,-0.0634,164.81,0.483,0.422,0.723,0.028
N,0.8013,-0.5979,-0.0185,198.40,0.487,0.425,0.727,0.024
N,0.7499,-0.6570,-0.0773,145.77,0.459,0.405,0.699,0.023
N,0.7346,-0.6755,-0.0641,148.17,0.479,0.419,0.719,0.034
N,0.6874,-0.7242,-0.0553,173.75,0.503,0.436,0.743,0.024
N,0.7858,-0.6178,-0.0290,107.22,0.502,0.435,0.742,0.032
N,0.7798,-0.6255,-0.0272,177.33,0.469,0.412,0.709,0.046
N,0.7876,-0.6099,-0.0876,160.51,0.482,0.422,0.722,0.026
N,0.7311,-0.6803,-0.0513,136.96,0.485,0.423,0.725,0.038
N,0.7514,-0.6597,0.0140,163.73,0.491,0.427,0.731,0.028
N,0.7330,-0.6799,-0.0195,79.89,0.478,0.419,0.718,0.046
N,0.7496,-0.6617,-0.0157,152.43,0.507,0.439,0.747,0.023
N,0.7503,-0.6599,0.0404,158.64,0.462,0.407,0.702,0.012
N,0.8240,-0.5658,-0.0303,202.25,0.494,0.430,0.734,0.014
N,0.7200,-0.6912,-0.0618,162.47,0.481,0.421,0.721,0.032
N,0.7684,-0.6370,-0.0619,104.91,0.478,0.419,0.718,0.017
N,0.6835,-0.7255,-0.0805,159.22,0.487,0.425,0.727,0.015
N,0.7751,-0.6311,-0.0303,168.87,0.478,0.419,0.718,0.037
N,0.7749,-0.6320,-0.0101,107.16,0.476,0.417,0.716,0.037
N,0.7257,-0.6879,-0.0125,88.50,0.466,0.410,0.706,0.030
N,0.7695,-0.6357,-0.0615,174.18,0.504,0.437,0.744,0.019
N,0.7322,-0.6806,-0.0261,175.26,0.472,0.414,0.712,0.050
N,0.7848,-0.6168,-0.0604,106.77,0.486,0.424,0.726,0.018
N,0.7108,-0.7029,-0.0241,98.42,0.463,0.408,0.703,0.031
N,0.7790,-0.6254,-0.0456,136.14,0.469,0.412,0.709,0.016
N,0.7668,-0.6419,0.0018,121.49,0.454,0.402,0.694,0.018
N,0.7832,-0.6199,-0.0489,110.85,0.485,0.423,0.725,0.016
N,0.7139,-0.6994,-0.0341,184.52,0.505,0.438,0.745,0.041
N,0.7861,-0.6181,0.0078,143.48,0.489,0.426,0.729,0.019
N,0.7460,-0.6657,-0.0205,110.79,0.468,0.412,0.708,0.048
N,0.7708,-0.6361,-0.0345,153.94,0.504,0.437,0.744,0.046
N,0.7779,-0.6255,-0.0598,122.45,0.486,0.424,0.726,0.038
N,0.7409,-0.6712,-0.0206,166.66,0.469,0.412,0.709,0.047
N,0.7707,-0.6334,-0.0689,147.89,0.505,0.438,0.745,0.018
N,0.7259,-0.6872,-0.0298,77.79,0.457,0.404,0.697,0.042
N,0.7670,-0.6398,-0.0495,152.16,0.488,0.426,0.728,0.032
N,0.7218,-0.6876,-0.0790,111.58,0.489,0.426,0.729,0.017
N,0.7688,-0.6338,-0.0846,160.94,0.457,0.404,0.697,0.017
N,0.7169,-0.6956,-0.0475,177.18,0.481,0.421,0.721,0.024
N,0.8221,-0.5693,-0.0016,173.79,0.464,0.409,0.704,0.014
N,0.7204,-0.6935,-0.0112,186.79,0.486,0.425,0.726,0.038
N,0.7886,-0.6133,-0.0442,105.20,0.507,0.439,0.747,0.040
N,0.7914,-0.6112,-0.0062,204.62,0.493,0.429,0.733,0.031
N,0.7423,-0.6693,-0.0329,119.39,0.483,0.422,0.723,0.035
N,0.7708,-0.6371,-0.0051,163.14,0.460,0.406,0.700,0.034
N,0.6830,-0.7283,-0.0553,150.52,0.504,0.437,0.744,0.012
N,0.7489,-0.6623,-0.0225,134.95,0.464,0.409,0.704,0.045
N,0.7364,-0.6729,-0.0701,107.59,0.454,0.402,0.694,0.030
N,0.8238,-0.5664,0.0212,161.27,0.506,0.438,0.746,0.016
N,0.7394,-0.6702,-0.0634,119.76,0.495,0.431,0.735,0.025
N,0.7220,-0.6875,-0.0783,86.02,0.493,0.429,0.733,0.028
N,0.7693,-0.6376,-0.0419,181.67,0.477,0.418,0.717,0.021
N,0.8168,-0.5751,-0.0457,175.97,0.492,0.429,0.732,0.025
N,0.7668,-0.6404,-0.0444,179.28,0.453,0.401,0.693,0.022
N,0.7049,-0.7084,-0.0371,90.19,0.490,0.427,0.730,0.036
N,0.7479,-0.6614,-0.0565,111.33,0.503,0.436,0.743,0.037
N,0.7149,-0.6989,-0.0215,89.13,0.477,0.418,0.717,0.037
N,0.7783,-0.6249,0.0609,143.21,0.481,0.421,0.721,0.007
N,0.7531,-0.6558,-0.0528,142.12,0.488,0.425,0.728,0.026
N,0.7846,-0.6194,-0.0274,199.31,0.472,0.415,0.712,0.018
N,0.7822,-0.6228,-0.0155,98.88,0.499,0.433,0.739,0.040
N,0.7087,-0.7053,-0.0159,178.53,0.481,0.421,0.721,0.015
N,0.7647,-0.6443,-0.0112,99.73,0.500,0.434,0.740,0.029
N,0.7902,-0.6129,0.0048,116.97,0.464,0.409,0.704,0.024
N,0.7110,-0.7030,0.0146,173.05,0.496,0.431,0.736,0.030
N,0.7114,-0.7004,-0.0579,123.31,0.460,0.406,0.700,0.021
N,0.7415,-0.6704,-0.0266,178.38,0.482,0.421,0.722,0.021
N,0.7566,-0.6536,-0.0204,147.70,0.505,0.438,0.745,0.051
N,0.7699,-0.6381,0.0123,162.37,0.506,0.438,0.746,0.014
N,0.7512,-0.6542,-0.0879,140.01,0.492,0.429,0.732,0.020
N,0.7609,-0.6479,-0.0341,112.88,0.505,0.437,0.745,0.046
N,0.8072,-0.5899,-0.0191,114.84,0.468,0.412,0.708,0.029
N,0.7648,-0.6437,0.0290,196.34,0.478,0.419,0.718,0.018
N,0.7670,-0.6411,-0.0285,165.05,0.460,0.406,0.700,0.047
N,0.7339,-0.6774,-0.0511,117.32,0.485,0.423,0.725,0.020
N,0.7145,-0.6987,-0.0368,138.03,0.495,0.431,0.735,0.043
N,0.7260,-0.6872,-0.0269,142.91,0.466,0.410,0.706,0.045
N,0.7535,-0.6571,-0.0231,163.60,0.492,0.429,0.732,0.034
N,0.7420,-0.6687,-0.0477,167.57,0.477,0.418,0.717,0.045
N,0.6316,0.1664,0.7573,89.97,0.236,0.491,0.736,0.038
N,0.6252,0.2020,0.7538,144.17,0.196,0.463,0.696,0.031
N,0.6630,0.1654,0.7301,85.66,0.222,0.481,0.722,0.030
N,0.5901,0.2304,0.7738,148.80,0.229,0.486,0.729,0.027
N,0.6294,0.1119,0.7690,136.53,0.195,0.462,0.695,0.030
N,0.5985,0.1906,0.7781,163.44,0.212,0.475,0.712,0.025
N,0.6301,0.1749,0.7565,81.93,0.194,0.462,0.694,0.046
N,0.6238,0.2021,0.7550,193.03,0.207,0.471,0.707,0.022
N,0.5845,0.2393,0.7753,166.96,0.241,0.495,0.741,0.020
N,0.6071,0.2439,0.7563,128.79,0.230,0.487,0.730,0.019
N,0.6018,0.1615,0.7822,163.32,0.246,0.498,0.746,0.033
N,0.6199,0.2094,0.7562,98.25,0.199,0.465,0.699,0.032
N,0.5586,0.1905,0.8073,188.05,0.244,0.497,0.744,0.017
N,0.6154,0.1717,0.7693,144.29,0.241,0.495,0.741,0.037
N,0.6142,0.1219,0.7797,198.85,0.223,0.482,0.723,0.020
N,0.6404,0.1283,0.7572,89.22,0.199,0.465,0.699,0.031
N,0.6612,0.1333,0.7383,115.88,0.204,0.469,0.704,0.023
N,0.6626,0.1678,0.7300,163.50,0.241,0.495,0.741,0.027
N,0.5982,0.2113,0.7730,177.45,0.228,0.485,0.728,0.029
N,0.6441,0.1839,0.7425,141.82,0.237,0.492,0.737,0.047
N,0.6489,0.1639,0.7430,168.88,0.232,0.488,0.732,0.036
N,0.6496,0.1535,0.7446,123.42,0.237,0.492,0.737,0.030
N,0.6580,0.1463,0.7386,121.56,0.223,0.482,0.723,0.019
N,0.6583,0.1242,0.7425,196.43,0.247,0.499,0.747,0.036
N,0.6765,0.1192,0.7268,96.58,0.245,0.497,0.745,0.031
N,0.5879,0.1779,0.7891,179.37,0.233,0.489,0.733,0.023
N,0.6174,0.1912,0.7630,198.01,0.218,0.479,0.718,0.051
N,0.6651,0.1506,0.7314,153.36,0.227,0.485,0.727,0.029
N,0.5904,0.1480,0.7934,132.07,0.208,0.471,0.708,0.023
N,0.6165,0.2332,0.7521,93.23,0.210,0.473,0.710,0.023
N,0.6006,0.1741,0.7804,100.45,0.210,0.473,0.710,0.035
N,0.6120,0.1731,0.7717,98.39,0.213,0.475,0.713,0.038
N,0.6249,0.1834,0.7589,75.35,0.236,0.491,0.736,0.044
N,0.5861,0.1781,0.7905,175.63,0.198,0.465,0.698,0.032
N,0.5690,0.2014,0.7973,207.88,0.245,0.497,0.745,0.023
N,0.5531,0.1875,0.8117,171.08,0.205,0.470,0.705,0.018
N,0.6028,0.1299,0.7873,147.42,0.246,0.498,0.746,0.026
N,0.5997,0.1910,0.7771,151.14,0.223,0.482,0.723,0.045
N,0.6309,0.1831,0.7540,125.33,0.226,0.484,0.726,0.023
N,0.5949,0.1844,0.7823,112.10,0.242,0.495,0.742,0.031
N,0.6622,0.1601,0.7320,129.52,0.221,0.481,0.721,0.027
N,0.6728,0.1525,0.7239,104.46,0.237,0.492,0.737,0.038
N,0.6304,0.1396,0.7636,78.75,0.198,0.465,0.698,0.031
N,0.6095,0.2111,0.7641,89.23,0.203,0.468,0.703,0.035
N,0.5907,0.2187,0.7767,188.25,0.207,0.471,0.707,0.030
N,0.6722,0.1262,0.7296,103.40,0.204,0.469,0.704,0.030
N,0.6514,0.1399,0.7457,190.45,0.244,0.497,0.744,0.026
N,0.6131,0.1433,0.7769,80.05,0.198,0.465,0.698,0.041
N,0.6320,0.1111,0.7670,88.47,0.204,0.469,0.704,0.011
N,0.5972,0.2553,0.7603,143.47,0.216,0.477,0.716,0.009
N,0.6600,0.2204,0.7182,95.71,0.212,0.474,0.712,0.022
N,0.5968,0.1796,0.7820,195.72,0.237,0.492,0.737,0.029
N,0.6054,0.1713,0.7773,170.17,0.236,0.491,0.736,0.046
N,0.5834,0.1814,0.7917,196.11,0.208,0.472,0.708,0.034
N,0.6361,0.1800,0.7503,183.93,0.246,0.498,0.746,0.029
N,0.6738,0.1865,0.7150,118.91,0.194,0.462,0.694,0.017
N,0.6708,0.1945,0.7156,122.59,0.219,0.479,0.719,0.015
N,0.6122,0.2190,0.7598,175.58,0.206,0.470,0.706,0.032
N,0.6811,0.1146,0.7232,92.16,0.234,0.490,0.734,0.012
N,0.6853,0.1605,0.7104,166.76,0.202,0.468,0.702,0.023
N,0.6143,0.2065,0.7616,89.58,0.233,0.489,0.733,0.032
N,0.6493,0.1346,0.7485,133.22,0.202,0.467,0.702,0.017
N,0.6542,0.1604,0.7391,87.91,0.198,0.464,0.698,0.029
N,0.6312,0.1419,0.7625,121.04,0.246,0.498,0.746,0.033
N,0.6096,0.1303,0.7819,200.82,0.194,0.462,0.694,0.016
N,0.6724,0.1722,0.7199,187.10,0.241,0.494,0.741,0.020
N,0.6674,0.1605,0.7272,142.30,0.210,0.473,0.710,0.025
N,0.5939,0.1589,0.7887,108.72,0.223,0.482,0.723,0.028
N,0.6135,0.2182,0.7590,150.84,0.231,0.488,0.731,0.025
N,0.6166,0.1413,0.7745,113.30,0.232,0.488,0.732,0.024
N,0.6156,0.2145,0.7583,179.73,0.206,0.470,0.706,0.037
N,0.6522,0.2021,0.7306,132.91,0.240,0.494,0.740,0.022
N,0.6216,0.1861,0.7609,123.03,0.236,0.491,0.736,0.022
N,0.5998,0.1593,0.7841,201.97,0.242,0.496,0.742,0.023
N,0.6602,0.2056,0.7224,204.88,0.206,0.470,0.706,0.033
N,0.6616,0.1251,0.7393,138.15,0.231,0.488,0.731,0.036
N,0.6107,0.1598,0.7755,153.56,0.240,0.494,0.740,0.047
N,0.6272,0.1518,0.7639,189.63,0.201,0.467,0.701,0.025
N,0.6153,0.1880,0.7656,174.43,0.226,0.484,0.726,0.020
N,0.5990,0.2037,0.7744,140.11,0.243,0.496,0.743,0.039
N,0.6452,0.1692,0.7451,113.23,0.196,0.463,0.696,0.018
N,0.5918,0.1953,0.7821,104.09,0.230,0.487,0.730,0.030
N,0.5861,0.2123,0.7819,165.90,0.219,0.479,0.719,0.034
N,0.6037,0.1727,0.7783,94.30,0.220,0.480,0.720,0.017
N,0.6025,0.1985,0.7731,187.98,0.218,0.479,0.718,0.026
N,0.6313,0.1859,0.7529,81.05,0.207,0.471,0.707,0.039
N,0.6388,0.1401,0.7565,160.35,0.211,0.473,0.711,0.016
N,0.6733,0.1497,0.7241,167.86,0.219,0.479,0.719,0.014
N,0.6106,0.1622,0.7751,133.86,0.233,0.489,0.733,0.028
N,0.6312,0.2400,0.7375,193.15,0.213,0.475,0.713,0.030
N,0.6490,0.1831,0.7384,153.15,0.242,0.495,0.742,0.016
N,0.6110,0.1622,0.7749,154.42,0.222,0.481,0.722,0.025
N,0.6271,0.1680,0.7606,81.13,0.209,0.472,0.709,0.032
N,0.5501,0.1867,0.8139,100.29,0.243,0.496,0.743,0.020
N,0.6530,0.2317,0.7211,141.05,0.217,0.478,0.717,0.022
N,0.6291,0.1906,0.7536,95.19,0.193,0.461,0.693,0.021
N,0.6330,0.1481,0.7598,181.18,0.218,0.478,0.718,0.030
N,0.6507,0.2150,0.7283,195.72,0.201,0.467,0.701,0.031
N,0.5863,0.1969,0.7858,142.69,0.210,0.473,0.710,0.021
N,0.6009,0.1111,0.7916,89.55,0.223,0.482,0.723,0.020
N,0.6207,0.1327,0.7727,204.49,0.234,0.490,0.734,0.032
N,0.6501,0.1496,0.7450,108.50,0.220,0.480,0.720,0.029
N,0.6586,0.1050,0.7451,170.52,0.241,0.495,0.741,0.022
N,0.6273,0.2411,0.7405,168.31,0.227,0.485,0.727,0.028
N,0.6314,0.1670,0.7573,156.86,0.241,0.495,0.741,0.038
N,0.6106,0.1573,0.7761,78.58,0.230,0.487,0.730,0.017
N,0.5778,0.1247,0.8066,215.53,0.214,0.476,0.714,0.012
N,0.5591,0.2020,0.8041,130.97,0.227,0.485,0.727,0.023
N,0.6190,0.1505,0.7708,139.32,0.204,0.469,0.704,0.018
N,0.6552,0.1655,0.7371,134.31,0.202,0.467,0.702,0.024
N,0.6843,0.1558,0.7123,124.47,0.222,0.482,0.722,0.016
N,0.6803,0.2100,0.7022,158.02,0.211,0.473,0.711,0.012
N,0.6521,0.1911,0.7337,98.09,0.240,0.494,0.740,0.041
N,0.6279,0.1459,0.7645,192.72,0.235,0.490,0.735,0.039
N,0.6888,0.1270,0.7137,169.31,0.214,0.476,0.714,0.012
N,0.6108,0.2208,0.7604,117.86,0.225,0.484,0.725,0.039
N,0.6028,0.2171,0.7678,106.55,0.236,0.491,0.736,0.014
N,0.6752,0.1346,0.7253,177.43,0.236,0.491,0.736,0.027
N,0.6285,0.2045,0.7505,193.88,0.240,0.494,0.740,0.034
N,0.6992,0.1755,0.6930,202.41,0.193,0.461,0.693,0.011
N,0.6643,0.0893,0.7421,124.63,0.196,0.463,0.696,0.010
N,0.6008,0.2212,0.7682,134.60,0.229,0.486,0.729,0.029
N,0.6368,0.1592,0.7544,74.10,0.196,0.463,0.696,0.050
N,0.6368,0.1728,0.7514,164.08,0.196,0.464,0.696,0.044
N,0.6647,0.1324,0.7353,138.45,0.224,0.483,0.724,0.028
N,0.6324,0.1685,0.7561,187.70,0.229,0.486,0.729,0.043
N,0.5996,0.2144,0.7710,152.05,0.203,0.468,0.703,0.023
N,0.6138,0.1915,0.7659,129.65,0.219,0.480,0.719,0.021
N,0.6281,0.2128,0.7484,144.95,0.227,0.485,0.727,0.017
N,0.6445,0.1829,0.7424,161.94,0.212,0.474,0.712,0.046
N,0.6503,0.1724,0.7398,134.26,0.232,0.489,0.732,0.039
N,0.5862,0.1986,0.7854,200.71,0.232,0.488,0.732,0.028
N,0.5768,0.1875,0.7951,120.57,0.239,0.493,0.739,0.032
N,0.6328,0.1352,0.7625,192.70,0.220,0.480,0.720,0.029
N,0.6188,0.1118,0.7776,160.62,0.198,0.465,0.698,0.016
N,0.6420,0.2029,0.7394,168.82,0.201,0.467,0.701,0.043
N,0.5913,0.1476,0.7928,176.34,0.241,0.495,0.741,0.019
N,0.6173,0.1613,0.7700,166.38,0.242,0.496,0.742,0.038
N,0.6127,0.2182,0.7596,124.00,0.212,0.474,0.712,0.032
N,0.6333,0.1721,0.7545,167.69,0.226,0.484,0.726,0.044
N,0.6827,0.0790,0.7264,173.38,0.237,0.492,0.737,0.014
N,0.5923,0.2159,0.7763,130.88,0.227,0.485,0.727,0.033
N,0.6253,0.1606,0.7637,118.66,0.196,0.463,0.696,0.036
N,0.6125,0.1718,0.7716,191.16,0.238,0.493,0.738,0.033
N,0.6249,0.1667,0.7627,153.00,0.232,0.488,0.732,0.021
N,0.6477,0.1580,0.7453,143.15,0.195,0.463,0.695,0.033
N,0.6295,0.1110,0.7690,136.44,0.236,0.491,0.736,0.033
N,0.5480,0.1817,0.8165,199.76,0.197,0.464,0.697,0.012
N,0.6466,0.0926,0.7571,185.03,0.222,0.482,0.722,0.016
N,0.6029,0.1828,0.7766,156.07,0.217,0.478,0.717,0.031
N,0.6815,0.1637,0.7133,187.53,0.193,0.461,0.693,0.026
N,0.5849,0.2378,0.7755,126.13,0.211,0.474,0.711,0.014
N,0.6649,0.1287,0.7357,156.95,0.199,0.465,0.699,0.034
N,0.6241,0.1448,0.7678,188.49,0.194,0.462,0.694,0.030
N,0.5934,0.2140,0.7759,109.05,0.241,0.495,0.741,0.021
N,0.6322,0.2271,0.7408,186.54,0.193,0.461,0.693,0.031
N,0.6236,0.1656,0.7640,85.40,0.236,0.491,0.736,0.030
N,0.6022,0.1369,0.7865,206.51,0.201,0.467,0.701,0.021
N,0.6196,0.2005,0.7589,160.36,0.195,0.463,0.695,0.027
N,0.6851,0.1527,0.7122,109.53,0.218,0.479,0.718,0.030
N,0.6594,0.1661,0.7332,196.04,0.245,0.498,0.745,0.031
N,0.6808,0.1712,0.7121,158.82,0.246,0.499,0.746,0.022
N,0.6148,0.1540,0.7735,175.98,0.241,0.495,0.741,0.028
N,0.6060,0.1922,0.7719,190.05,0.215,0.476,0.715,0.045
N,0.6323,0.1574,0.7586,113.24,0.240,0.494,0.740,0.043
N,0.6707,0.1891,0.7172,85.27,0.241,0.495,0.741,0.027
N,0.6770,0.1587,0.7187,162.90,0.232,0.489,0.732,0.028
N,0.6475,0.0832,0.7575,138.12,0.242,0.495,0.742,0.013
N,0.6427,0.2221,0.7332,207.95,0.197,0.464,0.697,0.034
N,0.6119,0.1575,0.7751,153.51,0.236,0.491,0.736,0.043
N,0.6601,0.1809,0.7291,189.22,0.222,0.481,0.722,0.018
N,0.6471,0.1696,0.7433,153.72,0.197,0.464,0.697,0.042
N,0.5916,0.1389,0.7942,208.81,0.224,0.483,0.724,0.027
N,0.7065,0.1352,0.6946,161.81,0.204,0.469,0.704,0.016
N,0.6479,0.1747,0.7414,134.00,0.212,0.475,0.712,0.044
N,0.6352,0.1762,0.7520,148.43,0.227,0.485,0.727,0.029
N,0.6085,0.1950,0.7692,137.26,0.239,0.493,0.739,0.021
N,0.6749,0.1677,0.7186,153.38,0.197,0.464,0.697,0.025
N,0.6293,0.1575,0.7610,100.24,0.231,0.488,0.731,0.044
N,0.6052,0.1331,0.7849,190.52,0.196,0.463,0.696,0.025
N,0.6394,0.1683,0.7502,164.81,0.245,0.498,0.745,0.033
N,0.6664,0.1976,0.7189,156.32,0.221,0.481,0.721,0.033
N,0.6302,0.2548,0.7334,158.02,0.217,0.478,0.717,0.016
N,0.5957,0.1639,0.7863,203.97,0.201,0.466,0.701,0.037
N,0.6257,0.2076,0.7519,176.64,0.237,0.492,0.737,0.039
N,0.6222,0.1435,0.7696,86.72,0.198,0.465,0.698,0.029
N,0.6333,0.1750,0.7539,137.19,0.234,0.490,0.734,0.036
N,0.5726,0.1789,0.8001,134.20,0.195,0.463,0.695,0.026
N,0.6223,0.1020,0.7761,139.15,0.204,0.469,0.704,0.021
N,0.6157,0.1787,0.7674,121.19,0.231,0.488,0.731,0.031
N,0.6402,0.1403,0.7553,162.21,0.228,0.486,0.728,0.030
N,0.6550,0.1622,0.7380,87.55,0.204,0.469,0.704,0.035
N,0.6691,0.1704,0.7234,118.78,0.224,0.483,0.724,0.035
N,0.5595,0.2466,0.7913,178.91,0.240,0.494,0.740,0.010
N,0.6415,0.1741,0.7471,169.67,0.203,0.468,0.703,0.032
N,0.6709,0.1681,0.7222,169.04,0.194,0.462,0.694,0.030
N,0.6768,0.1490,0.7210,112.02,0.200,0.466,0.700,0.016
N,0.6181,0.0983,0.7799,92.14,0.244,0.497,0.744,0.016
N,0.6184,0.1848,0.7638,74.60,0.211,0.474,0.711,0.052
N,0.6292,0.1670,0.7591,190.41,0.224,0.483,0.724,0.021
N,0.6462,0.1488,0.7485,154.56,0.213,0.475,0.713,0.047
N,0.6248,0.1843,0.7588,182.19,0.241,0.495,0.741,0.053
N,0.6042,0.1818,0.7758,119.90,0.224,0.483,0.724,0.039
N,0.6041,0.1993,0.7716,161.69,0.197,0.464,0.697,0.045
N,0.7048,0.1607,0.6910,141.85,0.228,0.486,0.728,0.018
N,0.5841,0.2246,0.7800,122.57,0.199,0.465,0.699,0.014
N,0.6624,0.1798,0.7273,194.49,0.232,0.488,0.732,0.029
N,0.5808,0.1499,0.8001,178.19,0.202,0.467,0.702,0.018
N,0.6618,0.1525,0.7340,91.71,0.195,0.462,0.695,0.042
N,0.6530,0.2125,0.7270,122.54,0.225,0.484,0.725,0.013
N,0.6408,0.1730,0.7480,86.96,0.242,0.496,0.742,0.028
N,0.6332,0.1553,0.7582,158.14,0.235,0.491,0.735,0.051
N,0.6366,0.1622,0.7539,176.69,0.212,0.475,0.712,0.046
N,0.6996,0.1543,0.6976,105.29,0.240,0.494,0.740,0.020
N,0.6713,0.1748,0.7202,170.64,0.197,0.464,0.697,0.034
N,0.6179,0.2399,0.7487,179.62,0.222,0.482,0.722,0.020
N,0.6220,0.2140,0.7532,187.55,0.205,0.469,0.705,0.034
N,0.6222,0.1520,0.7680,129.07,0.232,0.488,0.732,0.026
N,0.6159,0.1700,0.7693,112.87,0.229,0.486,0.729,0.050
N,0.5852,0.1719,0.7925,170.23,0.214,0.476,0.714,0.013
N,0.6334,0.1949,0.7488,166.57,0.240,0.494,0.740,0.045
N,0.5843,0.2233,0.7802,87.63,0.227,0.485,0.727,0.033
N,0.6276,0.2028,0.7516,191.57,0.244,0.497,0.744,0.018
N,0.6430,0.1472,0.7515,109.03,0.232,0.488,0.732,0.031
N,0.6099,0.1648,0.7751,115.53,0.218,0.478,0.718,0.042
N,0.6388,0.1817,0.7476,84.78,0.200,0.466,0.700,0.032
N,0.5973,0.2275,0.7691,159.10,0.209,0.472,0.709,0.021
N,0.6734,0.1101,0.7310,156.82,0.245,0.498,0.745,0.019
N,0.6454,0.1060,0.7564,146.69,0.193,0.461,0.693,0.013
N,0.6166,0.1749,0.7676,148.49,0.211,0.474,0.711,0.048
N,0.5789,0.1835,0.7945,161.49,0.208,0.472,0.708,0.014
N,0.6301,0.1771,0.7560,171.73,0.207,0.471,0.707,0.031
N,0.5928,0.2268,0.7728,135.33,0.210,0.473,0.710,0.018
N,0.6097,0.2245,0.7602,105.90,0.231,0.488,0.731,0.019
N,0.5911,0.2118,0.7783,182.58,0.228,0.486,0.728,0.029
N,0.6254,0.1856,0.7580,149.95,0.240,0.494,0.740,0.044
N,0.6043,0.1281,0.7864,108.41,0.223,0.482,0.723,0.013
N,0.5977,0.2081,0.7742,134.58,0.218,0.478,0.718,0.020
N,0.6925,0.1646,0.7024,117.61,0.204,0.469,0.704,0.015
N,0.6073,0.1426,0.7816,108.67,0.206,0.470,0.706,0.031
N,0.6408,0.1749,0.7475,148.55,0.245,0.497,0.745,0.046
N,0.6345,0.1434,0.7595,184.70,0.245,0.497,0.745,0.034
N,0.6469,0.1720,0.7430,125.46,0.197,0.464,0.697,0.019
N,0.6402,0.1151,0.7595,103.23,0.230,0.487,0.730,0.022
N,0.6350,0.2120,0.7428,84.84,0.227,0.485,0.727,0.022
N,0.5932,0.2386,0.7689,160.99,0.227,0.485,0.727,0.030
N,0.5941,0.1567,0.7890,96.30,0.194,0.462,0.694,0.015
N,0.6314,0.1875,0.7525,77.88,0.203,0.468,0.703,0.020
N,0.6451,0.1822,0.7421,151.75,0.206,0.470,0.706,0.023
N,0.6440,0.1431,0.7515,118.79,0.202,0.467,0.702,0.037
N,0.6587,0.1224,0.7424,206.27,0.231,0.488,0.731,0.030
N,0.6083,0.1567,0.7781,175.33,0.218,0.479,0.718,0.037
N,0.6206,0.1366,0.7722,82.17,0.193,0.461,0.693,0.027
N,0.6338,0.1842,0.7513,119.41,0.208,0.472,0.708,0.048
N,0.6152,0.1559,0.7728,89.85,0.236,0.491,0.736,0.043
N,0.6343,0.1790,0.7521,190.13,0.233,0.489,0.733,0.037
N,0.6145,0.1581,0.7729,199.14,0.206,0.470,0.706,0.017
N,0.6524,0.1327,0.7461,188.17,0.219,0.479,0.719,0.032
N,0.6042,0.1928,0.7731,200.97,0.232,0.489,0.732,0.041
N,0.6575,0.1683,0.7344,99.42,0.225,0.483,0.725,0.032
N,0.5890,0.1562,0.7929,176.37,0.209,0.472,0.709,0.024
N,0.6062,0.2174,0.7651,154.51,0.246,0.498,0.746,0.029
N,0.6505,0.1222,0.7496,136.92,0.241,0.495,0.741,0.014
N,0.5913,0.1008,0.8002,212.96,0.217,0.478,0.717,0.014
N,0.6511,0.1852,0.7361,110.87,0.247,0.499,0.747,0.017
N,0.6613,0.2075,0.7209,98.97,0.242,0.495,0.742,0.033
N,0.6238,0.1165,0.7728,107.30,0.240,0.494,0.740,0.026
N,0.6228,0.2181,0.7513,142.82,0.195,0.463,0.695,0.037
N,0.5953,0.2056,0.7768,172.31,0.235,0.491,0.735,0.032
N,0.6130,0.1528,0.7751,182.69,0.229,0.486,0.729,0.028
N,0.6266,0.1378,0.7671,122.24,0.244,0.497,0.744,0.029
N,0.6468,0.1685,0.7438,91.19,0.217,0.478,0.717,0.022
N,0.6215,0.1432,0.7702,165.51,0.223,0.482,0.723,0.037
N,0.6193,0.1803,0.7642,132.32,0.223,0.482,0.723,0.052
N,0.6543,0.1274,0.7454,133.61,0.245,0.497,0.745,0.033
N,0.6310,0.1796,0.7547,136.21,0.247,0.499,0.747,0.053
N,0.6289,0.1767,0.7571,192.46,0.194,0.462,0.694,0.020
N,0.6381,0.1836,0.7478,96.81,0.238,0.493,0.738,0.029
N,0.6694,0.1791,0.7209,127.25,0.220,0.480,0.720,0.014
N,0.6860,0.1117,0.7190,175.98,0.242,0.496,0.742,0.009
N,0.6341,0.1315,0.7620,136.63,0.197,0.464,0.697,0.016
N,0.6049,0.1637,0.7793,185.14,0.223,0.482,0.723,0.035
N,0.5874,0.1947,0.7855,124.51,0.219,0.480,0.719,0.018
N,0.6360,0.1405,0.7588,103.13,0.237,0.492,0.737,0.039
N,0.6495,0.1459,0.7462,81.78,0.236,0.491,0.736,0.018
N,0.6163,0.1164,0.7789,128.56,0.238,0.492,0.738,0.020
N,0.6251,0.1929,0.7564,127.06,0.198,0.465,0.698,0.035
N,0.6044,0.1450,0.7834,99.25,0.214,0.475,0.714,0.036
N,0.6269,0.2550,0.7362,136.08,0.194,0.462,0.694,0.008
N,0.6365,0.1899,0.7476,110.66,0.194,0.462,0.694,0.026
N,0.6432,0.1223,0.7559,141.69,0.213,0.475,0.713,0.033
N,0.6348,0.1940,0.7479,106.14,0.229,0.486,0.729,0.039
N,0.6564,0.2040,0.7263,195.70,0.213,0.475,0.713,0.020
N,0.6642,0.1844,0.7245,163.10,0.227,0.485,0.727,0.031
N,0.6539,0.1409,0.7433,142.88,0.194,0.462,0.694,0.023
N,0.6480,0.2083,0.7326,85.76,0.237,0.492,0.737,0.022
N,0.6274,0.1545,0.7632,129.67,0.233,0.489,0.733,0.050
N,0.6263,0.1955,0.7547,108.40,0.194,0.462,0.694,0.048
N,0.6468,0.2115,0.7328,129.90,0.211,0.474,0.711,0.031
N,0.6124,0.2205,0.7592,189.75,0.229,0.486,0.729,0.020
